Sl. No.,Patent Application No.,Status of Patent (Published / Granted),Inventor/s Name,Title of the Patent,Applicant/s Name,Patent Filed Date (DD/MM/YYYY) ,Patent Published Date / Granted Date (DD/MM/YYYY),Patent Publication Number / Patent Granted Number,Assignee/s Name (Institute Affiliation/s at time of Appication),"Here, attach Source Proof Screenshots/URL/ Website Links, etc.",,Department,Country,MAapping  with SDG,Link of SDG Document,,,,,,,,,,,,,,,,,,
2020,,,,,,,,,,,,,,,,,,,,,,,,,,,,,,,,,
1,2315/MUM/2011,Granted,Dr. Prasad D. Khandekar,Pass Transistor Adiabatic Circuit With Stand- By Mode (Pal2nsm) Logic Style,Dr. Prasad D. Khandekar,17-08-2011,17-12-2020,353941,"Vishwakarma Institute of Information Technology, Pune",https://drive.google.com/file/d/1k_mzGREKOL4uPUUzHERUFPeHaDvnoIC6/view?usp=sharing,https://iprsearch.ipindia.gov.in/PublicSearch/,Electrical and Electronics Engineering,India,"7,9,11,12,13",https://docs.google.com/document/d/16KGjPIDijsPqOaOCyBMvIwykJzD_Oh09/edit?usp=drive_link&ouid=111632857619699904887&rtpof=true&sd=true,,,,,,,,,,,,,,,,,,
2,202021008633,Granted,"TIWARI, Meenakshi M.; JADHAV, Vikrant V.; THOTE,
Abhishek; KAMBLE, Ranjit; DAIGAVANE, Pallavi",Loop device for a plurality of teeth,"TIWARI, Meenakshi M.; JADHAV, Vikrant V.; THOTE,
Abhishek; KAMBLE, Ranjit; DAIGAVANE, Pallavi",28-02-2020,27-11-2020,352515,"Dr.Vishwanath Karad MIT WORLD PEACE UNIVERSITY, PUNE",https://drive.google.com/file/d/1pAAiPHddW_vaK4w2TxlQ8ZM9f6m6hCCC/view?usp=sharing,https://iprsearch.ipindia.gov.in/PublicSearch/,Mechanical Engineering,India,"3,9,10,12",https://docs.google.com/document/d/1M9fkxE7w2mbYSwlCVpUCRNruKd_fr2lC/edit?usp=drive_link&ouid=111632857619699904887&rtpof=true&sd=true,,,,,,,,,,,,,,,,,,
3,2183/MUM/2012,Granted,"Vivek Deshpande, Archana Khandekar(Dhoke)",Process for estimation of flow rate to control congestion in wireless sensor network,Vivek Deshpande,7/31/2012,22-06-2020,339009,"Dr.Vishwanath Karad MIT WORLD PEACE UNIVERSITY, PUNE",https://drive.google.com/file/d/1YLRIo1pGA6gZg57AQDkl9j2A-oDDq2Rd/view?usp=sharing,https://iprsearch.ipindia.gov.in/PublicSearch/,Computer Engineering & Technology,India,"9,12,7,11,13",https://docs.google.com/document/d/1X4gQlJoRGNgf1hfO6zb4yJ2CWza0Uys4/edit?usp=drive_link&ouid=111632857619699904887&rtpof=true&sd=true,,,,,,,,,,,,,,,,,,
4,2020102377,Granted,"Jeevan Pise, Priya; Kamble, Sachin Ramchandra; Ganesh, Kolli Mehar; Kumar, Shiv; Sonawane, Mahesh B.;
Paul, Sajal Rudra; Chordiya, S. B. and More, Ashok",Water collection & notification intelligent management technology.,"Jeevan Pise, Priya; Kamble, Sachin Ramchandra; Ganesh, Kolli Mehar; Kumar, Shiv; Sonawane, Mahesh B.;
Paul, Sajal Rudra; Chordiya, S. B. and More, Ashok",23-09-2020,10/21/2020,2020102377,"Dr.Vishwanath Karad MIT WORLD PEACE UNIVERSITY, PUNE",https://drive.google.com/file/d/1nZIbix1oDSneWBr_ijOl8GIGhZoedKoW/view?usp=sharing,https://pericles.ipaustralia.gov.au/ols/auspat/quickSearch.do,Civil Engineering,Australia,"6,7,9,11,12,13,17",https://docs.google.com/document/d/17UAsRzMoPRHtYY0SqqjQ23YVmR0Ywe0r/edit?usp=drive_link&ouid=111632857619699904887&rtpof=true&sd=true,,,,,,,,,,,,,,,,,,
5,2020101867,Granted,"Dr. Krishna Warhade, C.T., MANIMEGALAI; R., RAJU; S., RAMESH; N., VIJAYALAKSHMI; SWAMINATHAN, ARULNANTHISIVAM;
 K., SAKTHIDASAN @ SANKARAN; K. S. R., RADHIKA; E., DHIRAVIDACHELVI; CHANDRAKANT DHAGE,
 PRADEEPKUMAR",Design and Implementation of a disaster management system using IOT and cloud computing techniques for a connected buildings to save lives with early warning,"C.T., MANIMEGALAI; R., RAJU; S., RAMESH; N., VIJAYALAKSHMI; SWAMINATHAN, ARULNANTHISIVAM;
 K., SAKTHIDASAN SANKARAN; K. S. R., RADHIKA; E., DHIRAVIDACHELVI; CHANDRAKANT DHAGE,
 PRADEEPKUMAR and WARHADE, KRISHNA K.",18-08-2020,9/9/2020,2020101867,"Dr.Vishwanath Karad MIT WORLD PEACE UNIVERSITY, PUNE",https://drive.google.com/file/d/17qQt5wfX37pRaeNLLvR5Rtcc8MrUSjE-/view?usp=sharing,https://pericles.ipaustralia.gov.au/ols/auspat/quickSearch.do,Electrical and Electronics Engineering,Australia,"11,9,13,3,17,7",https://docs.google.com/document/d/1ihmFAQRanWC9SSPoChbzzE0pdcGqCmSK/edit?usp=drive_link&ouid=111632857619699904887&rtpof=true&sd=true,,,,,,,,,,,,,,,,,,
6,202021024989,Published,"Dr Atul Prabhakar Kulkarni, Dr Pravin Popat Hujare, Dr Satish Chinchanikar, Mr Kartik Vijay Gawali, Mr.Tejas Suraj Taradgaonkar, Mr.Ruturaj Vrushiket Chaudhari, Mr.Lokesh Rahul Patil, Mr.Swapnil Navnath Gaikwad, Mr Deepak Popat Hujare",Design and development of innovative spatters removal device in manufacturing,Dr Pravin Popat Hujare,15-06-2020,10-07-2020,28/2020,"Dr.Vishwanath Karad MIT WORLD PEACE UNIVERSITY, PUNE",https://drive.google.com/file/d/1MgfkiElFe_9b4AqUSBfx_vIifFzBD8UY/view?usp=sharing,https://iprsearch.ipindia.gov.in/PublicSearch/,Mechanical Engineering,India,"9,12,8,13,11",https://docs.google.com/document/d/10D09X06aH7sQ7ad863PzZFX-jN1uvMT1/edit?usp=drive_link&ouid=111632857619699904887&rtpof=true&sd=true,,,,,,,,,,,,,,,,,,
7,202021007685,Published,"SUCHITRA AMOL KHOJE, SANJAY BHAGWAN MOHITE",Safety System For Drainage Gas Monitoring,"SUCHITRA AMOL KHOJE, SANJAY BHAGWAN MOHITE",24-02-2020,3/6/2020,10/2020,"Dr.Vishwanath Karad MIT WORLD PEACE UNIVERSITY, PUNE",https://drive.google.com/file/d/17Gl7DmYYHl9Zeu00tT3lOs4U82aMjqt2/view?usp=sharing,https://iprsearch.ipindia.gov.in/PublicSearch/,Electrical and Electronics Engineering,India,"3,8,9,11,12,13",https://docs.google.com/document/d/1Y2lh9iqbf_IuiQoC5x_s1Lqi5qABgtbK/edit?usp=drive_link&ouid=111632857619699904887&rtpof=true&sd=true,,,,,,,,,,,,,,,,,,
8,202021007681,Published,"SANJAY BHAGWAN MOHITE, SUCHITRA AMOL KHOJE",Smart Crop Disease Detection And Treatment System,"SANJAY BHAGWAN MOHITE, SUCHITRA AMOL KHOJE",24-02-2020,3/6/2020,10/2020,"Dr.Vishwanath Karad MIT WORLD PEACE UNIVERSITY, PUNE",https://drive.google.com/file/d/1xrD_xK10rqSdY8S00MmPib3AgR2sBu2u/view?usp=sharing,https://iprsearch.ipindia.gov.in/PublicSearch/,Electrical and Electronics Engineering,India,"2,9,12,13,8,15",https://docs.google.com/document/d/1cgevnyt5esEN6tjD-74ygz77o1aZCAYC/edit?usp=drive_link&ouid=111632857619699904887&rtpof=true&sd=true,,,,,,,,,,,,,,,,,,
9,202021043072,Published,Dr Mrudula S Kulkarni,Development of Thermal conductivity and maturity meter,Dr Sumant N Shinde Dr. H. R. MagarPatil,04-10-2020,09-10-2020,41/2020,"Dr.Vishwanath Karad MIT WORLD PEACE UNIVERSITY, PUNE",https://drive.google.com/file/d/1SL1UhMbtlJfRU4yTRmuIQv_Puvb4yIlK/view?usp=sharing,https://iprsearch.ipindia.gov.in/PublicSearch/,Civil Engineering,India,"9,11,12,13,7,4",https://docs.google.com/document/d/1gxiZPsfXk5DbsdWte1dKsWS_PZRpPc09/edit?usp=drive_link&ouid=111632857619699904887&rtpof=true&sd=true,,,,,,,,,,,,,,,,,,
10,201921053124,Published,"Prafulla Bansod, Ravindra Gaikwad, Shyam Kodape",Two Layer membrane Model for separation of Carotonaids,"Shrikant Barkade, Dinesh Bhutada, Prafulla Bansod, Ravindra Gaikwad, Shyam Kodape,Sachin R Sirsath.",20-12-2019,03-01-2020,01/2020,"Dr.Vishwanath Karad MIT WORLD PEACE UNIVERSITY, PUNE",https://drive.google.com/file/d/11bQoA5xWGvfJascukH_2KEUHKp59bKuE/view?usp=sharing,https://iprsearch.ipindia.gov.in/PublicSearch/,Chemical Engineering,India,"3,7,9,12,13,15,2",https://docs.google.com/document/d/1jAcZJAP_Gr5UdF4l_MRaEXBmRBOEIe3K/edit?usp=drive_link&ouid=111632857619699904887&rtpof=true&sd=true,,,,,,,,,,,,,,,,,,
11,202021034153,Published,"Aditya Sanjay Mhaske, Atharv Satish Nikam, Sanket Sanjay Bhandari, Shamla Tushar Mantri",Smart glasses for monocular vision,"Aditya Sanjay Mhaske, Atharv Satish Nikam, Sanket Sanjay Bhandari, Shamla Tushar Mantri",10-08-2020,8/21/2020,34/2020,"Dr.Vishwanath Karad MIT WORLD PEACE UNIVERSITY, PUNE",https://drive.google.com/file/d/13xxOToZxZV2XyuWOkVSiky1hfjGDAUQ9/view?usp=sharing,https://iprsearch.ipindia.gov.in/PublicSearch/,Computer Engineering & Technology,India,"3,8,9,10,11,4,12",https://docs.google.com/document/d/1OQuHduwGOYloIru3_Ep_XxGxFnN8ALKj/edit?usp=drive_link&ouid=111632857619699904887&rtpof=true&sd=true,,,,,,,,,,,,,,,,,,
12,202021030782,Published,"Shalaka Vardhaman Tiwatane, Vardhaman Pitambar Tiwatane, Balaso Jagdale",DESIGN AND DEVELOPMENT OF PUBLIC ROAD TRANSPORT MANAGEMENT SOLUTION WITH REFERENCE TO SOCIAL DISTANCING AND PERSONNEL HEALTH SAFETY,"Shalaka Vardhaman Tiwatane, Vardhaman Pitambar Tiwatane",20-07-2020,28-08-2020,35/2020,"Dr.Vishwanath Karad MIT WORLD PEACE UNIVERSITY, PUNE",https://drive.google.com/file/d/1BWYIexWF6xWmV0M7OPULtoFKudflm_L5/view?usp=sharing,https://iprsearch.ipindia.gov.in/PublicSearch/,Computer Engineering & Technology,India,"3,11,8,9,10,12,17",https://docs.google.com/document/d/1zFjCyaaQ22ZtWJr1-JGH_onWdKB3_Q9x/edit?usp=drive_link&ouid=111632857619699904887&rtpof=true&sd=true,,,,,,,,,,,,,,,,,,
13,202021040241,Published,"Mr. Vivekanand A Naikwadi, Dr.Amit Jomde, Mr.Tamkhade Pradip Krishna, Mr.Prashant Patane, Dr Sandeep Sadashiv Kore, Mr. Tadakhe Rajendra Popat",Design and development of innovative radiator fluent flow technology with variable load to flow ratio.,"Mr. Vivekanand A Naikwadi, Dr.Amit Jomde, Mr.Tamkhade Pradip Krishna, Mr.Prashant Patane, Dr Sandeep Sadashiv Kore, Mr. Tadakhe Rajendra Popat",17-09-2020,25-09-2020,39/2020,"Dr.Vishwanath Karad MIT WORLD PEACE UNIVERSITY, PUNE",https://drive.google.com/file/d/1-oUStQWMZXruskR7eHocYxm_JLU2WEVS/view?usp=sharing,https://iprsearch.ipindia.gov.in/PublicSearch/,Mechanical Engineering,India,"9,12,13,8,3,7",https://docs.google.com/document/d/1QVjqFtZxWZtoKn36emQlDoUrDEIz4wci/edit?usp=drive_link&ouid=111632857619699904887&rtpof=true&sd=true,,,,,,,,,,,,,,,,,,
14,201921051720,Published,"Harshita Bhorshetti, Shreyas Ghuge, Sukhada Bhingarkar, Netra Lokhande",SMART GLASSES FOR THE VISUALLY IMPAIRED PEOPLE,"Harshita Bhorshetti, Shreyas Ghuge, Sukhada Bhingarkar, Netra Lokhande",13-12-2019,03-01-2020,01/2020,"Dr.Vishwanath Karad MIT WORLD PEACE UNIVERSITY, PUNE",https://drive.google.com/file/d/1O2jf2SA-G_4XYACWQazxBFjdWSwo2ziC/view?usp=sharing,https://iprsearch.ipindia.gov.in/PublicSearch/,Electrical and Electronics Engineering,India,"3,10,9,8,4,11",https://docs.google.com/document/d/1_TAxoaBAjljRgIBYiw1jizeG-HnBneRX/edit?usp=drive_link&ouid=111632857619699904887&rtpof=true&sd=true,,,,,,,,,,,,,,,,,,
15,202021033067,Published,"Dr Pravin Popat Hujare, Mr.Manas Anand Kulkarni, Mr.Anish Chandrabhushan Kulkarni, Dr.Deepak Popat Hujare, Mr. Shreyas Ravindra Kulkarni, Mr. Sahil Parag Sura, Ms.Vedanti Parag Aklujkar, Ms. Priya Govind Murkewar",Design and development of compact aloe vera gel extraction machine,"Dr Pravin Popat Hujare, Dr.Deepak Popat Hujare, Mr. Vivekanand A Naikwadi",01-08-2020,28-08-2020,35/2020,"Dr.Vishwanath Karad MIT WORLD PEACE UNIVERSITY, PUNE",https://drive.google.com/file/d/175h2gVunG0qdlmVji5LShLby-FDMAU6W/view?usp=sharing,https://iprsearch.ipindia.gov.in/PublicSearch/,Mechanical Engineering,India,"9,12,2,8,15,3",https://docs.google.com/document/d/1KlugFQb4bO89vsGgT_qriZq8YKkatZRE/edit?usp=drive_link&ouid=111632857619699904887&rtpof=true&sd=true,,,,,,,,,,,,,,,,,,
16,201821029070,Published,"MS. MUSKAN PARAKH, MR. OMKAR KUMBHAR, DR. G. SUNITHA, ER. ADITYA RAJKAMAL SHARMA, ER. GANESH DILIP PATIL, MRS. ALAKNANDA S. PATIL, PROF. PIYUSH ASHOKRAO DALKE, MR. YOGESH NAGVEKAR, MR. SHREYAS SUNIL KOLAPKAR, MR. SAGAR SUNIL KOLAPKAR, MR. NIKHIL VINAYAK BHALERAO, MR. DILENDRA BHAURAO JASUTKAR, MR. PRAVIN RAGHUNATH MINDE, DR. BIPLAB KUMAR SARKAR",ATC-SYSTEM: ADVANCED TRAFFIC CONTROL SYSTEM BY USING INTELLIGENT TECHNOLOGY,"MS. MUSKAN PARAKH, MR. OMKAR KUMBHAR, DR. G. SUNITHA, ER. ADITYA RAJKAMAL SHARMA, ER. GANESH DILIP PATIL, MRS. ALAKNANDA S. PATIL, PROF. PIYUSH ASHOKRAO DALKE, MR. YOGESH NAGVEKAR, MR. SHREYAS SUNIL KOLAPKAR, MR. SAGAR SUNIL KOLAPKAR, MR. NIKHIL VINAYAK BHALERAO, MR. DILENDRA BHAURAO JASUTKAR, MR. PRAVIN RAGHUNATH MINDE, DR. BIPLAB KUMAR SARKAR",02-08-2018,2/7/2020,06/2020,"JSPM, Pune",https://drive.google.com/file/d/1e_h37DBnHJG3dn7-Oeic7p3tg0Jttpyr/view?usp=sharing,https://iprsearch.ipindia.gov.in/PublicSearch/,Civil Engineering,India,"11,9,3,16,13",https://docs.google.com/document/d/1pDfDnzZIwedfzYcS5HwzZPocJhCv4EWl/edit?usp=drive_link&ouid=111632857619699904887&rtpof=true&sd=true,,,,,,,,,,,,,,,,,,
17,201921053887,Published,"Mrunal N Annadate, Manoj S. Nagmode",Method For Detection Of Heart Abnormality In Ultrasound Video,"Mrunal N Annadate, Manoj S. Nagmode",26-12-2019,21-02-2020,08/2020,"Dr.Vishwanath Karad MIT WORLD PEACE UNIVERSITY, PUNE",https://drive.google.com/file/d/1MOSVfxF13-HfU483dpGd1djyC8lSHpPz/view?usp=sharing,https://iprsearch.ipindia.gov.in/PublicSearch/,Electrical and Electronics Engineering,India,"3,8,10,12,17",https://docs.google.com/document/d/1NztlaGyuvbuWA9ahWEqK9xpKFCN1GEc4/edit?usp=drive_link&ouid=111632857619699904887&rtpof=true&sd=true,,,,,,,,,,,,,,,,,,
18,201921051414,Published,"Aditi Jahagirdar, Manoj Nagmode",SYSTEM AND METHOD FOR ABNORMAL EVENT DETECTION,"Aditi Jahagirdar, Manoj Nagmode",12-12-2019,31-01-2020,05/2020,"Dr.Vishwanath Karad MIT WORLD PEACE UNIVERSITY, PUNE",https://drive.google.com/file/d/1du10e7q6AjdzbC5sHNKOjjLawMGyaVVV/view?usp=sharing,https://iprsearch.ipindia.gov.in/PublicSearch/,Computer Engineering & Technology,India,"3,9,11,16,17",https://docs.google.com/document/d/1CtD94cvSUzu9eDnSNRRoz-GolonpnoT3/edit?usp=drive_link&ouid=111632857619699904887&rtpof=true&sd=true,,,,,,,,,,,,,,,,,,
19,202041039531,Published,"Anita Nene, S. RAMACHANDRAN",Convex conical receiver with rim in concentrator technology,"Anita Nene, S. RAMACHANDRAN",9/12/2020,9/25/2020,39/2020,"Dr.Vishwanath Karad MIT WORLD PEACE UNIVERSITY, PUNE",https://drive.google.com/file/d/1OEr17fyReqFm3MvkKK5vyW3POtw7PED1/view?usp=sharing,https://iprsearch.ipindia.gov.in/PublicSearch/,Mechanical Engineering,India,"7,9,12,13",https://docs.google.com/document/d/1Ci53sO_WDrRQMtiwQePM732OO7mOvEC2/edit?usp=drive_link&ouid=111632857619699904887&rtpof=true&sd=true,,,,,,,,,,,,,,,,,,
20,201821031879,Published,"Virendra V. Shete, Sunil B. Somani, Mangesh Girish Islampurkar, Kishanprasad G. Gunale",System for multiple-fault diagnosis in digital circuit,"Mangesh Girish Islampurkar, Virendra V. Shete",25-08-2018,28-02-2020,09/2020,"Dr.Vishwanath Karad MIT WORLD PEACE UNIVERSITY, PUNE",https://drive.google.com/file/d/1FNs1st7jECFgfXf_FeqFDP-UeN_meoJu/view?usp=sharing,https://iprsearch.ipindia.gov.in/PublicSearch/,Electrical and Electronics Engineering,India,"9,12,13,17",https://docs.google.com/document/d/1x_ziJjGRWl8edPB-y71HoR2kP4BmtDtd/edit?usp=drive_link&ouid=111632857619699904887&rtpof=true&sd=true,,,,,,,,,,,,,,,,,,
21,202021039556,Published,"Mahesh B. Sonawane, Sumedh Y. Mhaske
",ADIM- CLIMATE ZONE OF INDIA: ASSESSMENT OF DAYLIGHT ILLUMINANCE INTENSITIES AND ITS ESTIMATION FOR MODERATE CLIMATE ZONE OF INDIA,"Mahesh B. Sonawane, Sumedh Y. Mhaske",9/13/2020,9/25/2020,39/2020,Dr. Vishwanath Karad MIT-World Peace University,https://drive.google.com/file/d/1FN14IrPGNVfvVjnWWrLJkhQ5iREfMRyU/view?usp=sharing,https://iprsearch.ipindia.gov.in/PublicSearch/,Civil Engineering,India,"7,11,13,12",https://docs.google.com/document/d/1yjUUxzzV1os8W9oV58FWqjW9E-genepL/edit?usp=drive_link&ouid=111632857619699904887&rtpof=true&sd=true,,,,,,,,,,,,,,,,,,
22,202021008223,Published,"Vandana Jagtap, Shilpa Pimpalkar, Kumudini Munwar, Manisha Mali, Monalisa Bhinge, Vishal Sharad Hingmire, Sachin Bajirao Khandare, Santosh Shantaram Basanga, Vivek Uttam Jagtap, Piyush Ashokrao Dalke",IOT Based Water Dispensing Apparatus,"Vandana Jagtap, Shilpa Pimpalkar, Kumudini Munwar, Manisha Mali, Monalisa Bhinge, Vishal Sharad Hingmire, Sachin Bajirao Khandare, Santosh Shantaram Basanga, Vivek Uttam Jagtap, Piyush Ashokrao Dalke",2/26/2020,5/22/2020,21/2020,Dr. Vishwanath Karad MIT-World Peace University,https://drive.google.com/file/d/1Y1bjfDRS79DjEkastQqvFEGQWvvozptv/view?usp=sharing,https://iprsearch.ipindia.gov.in/PublicSearch/,Computer Engineering & Technology,India,"6,9,12,13,11",https://docs.google.com/document/d/13T-WUCjcfTMHGgmIRp1QxtpQwuiknDfB/edit?usp=drive_link&ouid=111632857619699904887&rtpof=true&sd=true,,,,,,,,,,,,,,,,,,
23,201921002719,Published,"Swati Changdeo Jagdale, Anuruddha Rajaram Chabukswar, Vasant Vidyadhar Chabukswar, Chinmayee Dipak Zemse",Stable topical composition comprising tretinoin for treatment of acne vulgaris. ,"Swati Changdeo Jagdale, Anuruddha Rajaram Chabukswar, Vasant Vidyadhar Chabukswar, Chinmayee Dipak Zemse",1/23/2019,7/31/2020,31/2020,Dr. Vishwanath Karad MIT-World Peace University,https://drive.google.com/file/d/1Ju4Nna2BEWbywN5JTOX6WmU_KOTQijbR/view?usp=sharing,https://iprsearch.ipindia.gov.in/PublicSearch/,School of Pharmacy,India,,,,,,,,,,,,,,,,,,,,
24,201921019148,Published,"Choudhari Ganesh, Choudhari Vishnu, Kuchekar Bhanudas, More Chandrakant, Pawar Anil.",Liquid Composition Comprising Multiple Active Ingredients,"Choudhari Ganesh, Choudhari Vishnu, Kuchekar Bhanudas, More Chandrakant, Pawar Anil.",5/14/2019,12/4/2020,49/2020,Dr. Vishwanath Karad MIT-World Peace University,https://drive.google.com/file/d/1iz9cRcis2Lg_fN2n0PrNhVtelDhewJpp/view?usp=sharing,https://iprsearch.ipindia.gov.in/PublicSearch/,School of Pharmacy,India,,,,,,,,,,,,,,,,,,,,
2021,,,,,,,,,,,,,,,,,,,,,,,,,,,,,,,,,
25,2021106391,Granted,Arti Khaparde; Yogita Gajare,HIGHER ORDER DESIGN OF DIGITAL CIFB SIGMA DELTA MODULATOR,"Dr. Vishwanath Karad MIT World Peace University; Gajare, Yogita; Khaparde, Arti",8/21/2021,11/10/2021,2021106391,"Dr.Vishwanath Karad MIT WORLD PEACE UNIVERSITY, PUNE",https://drive.google.com/file/d/1Itd31RhsFjVzNIE5TzOF7PaiRYJrVqto/view?usp=sharing,https://pericles.ipaustralia.gov.au/ols/auspat/quickSearch.do,Electrical and Electronics Engineering,Australia,"9,12,7,13,4,11",https://docs.google.com/document/d/1VovDed0nwXu3dLQP2b9ogj0BMCIpajGC/edit?usp=drive_link&ouid=111632857619699904887&rtpof=true&sd=true,,,,,,,,,,,,,,,,,,
26,2021106258,Granted,"Saoji, Swapna; Pande, Milind",A SYSTEM FOR MANAGING AND AUTOMATING ACTIVITIES PERTAINING TO HUMAN RESOURCE MANAGEMENT,"Dr. Vishwanath Karad MIT World Peace University; Pande, Milind; Saoji, Swapna",20-08-2021,11/10/2021,2021106258,"Dr.Vishwanath Karad MIT WORLD PEACE UNIVERSITY, PUNE",https://drive.google.com/file/d/14KVI_LLBvCZSCio4bQMObnI2Qggx5k1C/view?usp=sharing,https://pericles.ipaustralia.gov.au/ols/auspat/quickSearch.do,Computer Engineering & Technology,Australia,"8,9,10,12,4,11,17",https://docs.google.com/document/d/1PQvV20PO4mOBN9OC4Yhmfo3LQKso45Va/edit?usp=drive_link&ouid=111632857619699904887&rtpof=true&sd=true,,,,,,,,,,,,,,,,,,
27,2021106257,Granted,"Dr. Prasad Khandekar, Dr. Shaila Subbaraman, Pooja Nahar",A BOUNDARY CIRCUIT FOR INTERFACING AN ADIABATIC CIRCUIT WITH A CMOS CIRCUIT,"Dr. Vishwanath Karad MIT World Peace University; Khandekar, Prasad; Subbaraman, Shaila; Nahar, Pooja",20-08-2021,11/10/2021,2021106257,"Dr.Vishwanath Karad MIT WORLD PEACE UNIVERSITY, PUNE",https://drive.google.com/file/d/1mtFeSvt6FcGzcPEDzubIkSbO3ry1awt1/view?usp=sharing,https://pericles.ipaustralia.gov.au/ols/auspat/quickSearch.do,Electrical and Electronics Engineering,Australia,"7,9,12,13,8,4,17",https://docs.google.com/document/d/1A0EI9RDPKwsoD8rHGbfDG04IeCqEwN5q/edit?usp=drive_link&ouid=111632857619699904887&rtpof=true&sd=true,,,,,,,,,,,,,,,,,,
28,2021106275,Granted,Dr. Milind Pande ; Mr. Varad Vivek Vishwarupe; Dr. Mangesh V. Bedekar; Mr. Vishal Kamalakar,A ZONE-SPECIFIC WEATHER MONITORING SYSTEM,"Dr. Vishwanath Karad MIT World Peace University; Pande, Milind; Vishwarupe, Varad MR; Bedekar, Mangesh; Kamalakar, Vishal ",21-08-2021,11/10/2021,2021106275,"Dr.Vishwanath Karad MIT WORLD PEACE UNIVERSITY, PUNE",https://drive.google.com/file/d/1XRJJP9wmsXZQembWsTOVjJktyW0l-JHi/view?usp=sharing,https://pericles.ipaustralia.gov.au/ols/auspat/quickSearch.do,Computer Engineering & Technology,Australia,"13,11,9,6,17,2,3",https://docs.google.com/document/d/1KSGBJ8TfS9LYXuV2AjwOYBz8Qe6aMrkh/edit?usp=drive_link&ouid=111632857619699904887&rtpof=true&sd=true,,,,,,,,,,,,,,,,,,
29,2021105340,Granted,Dr. Ganesh Ingle; Sudhir P Patil; Mahesh V Tatikonda ; Sairaj Umesh Salunkhe ;Rohan Suresh Patil; Ruturaj Vasant Shedge; Prem Gajanan Chadawar; Nikhil Uttam Patil; Mahesh V Tatikonda,A MOULD FOR PREPARING ADDITIVES FOR STABILIZATION OF SOIL AND ADDITIVES PREPARED THEREFROM,"Dr. Vishwanath Karad MIT World Peace University; Chadawar, Prem; Ingle, Ganesh; Patil, Nikhil; Patil, Rohan; Patil, Sudhir; Salunkhe, Sairaj; Shedge, Ruturaj; Tatikonda, Mahesh",8/12/2021,11/3/2021,2021105340,"Dr.Vishwanath Karad MIT WORLD PEACE UNIVERSITY, PUNE",https://drive.google.com/file/d/1ZgmS5-Pz2XHUldfd24XciWLmTC-mPRq3/view?usp=sharing,https://pericles.ipaustralia.gov.au/ols/auspat/quickSearch.do,Civil Engineering,Australia,"9,11,13,12,15,2",https://docs.google.com/document/d/10ZKCVQjImrKukC9iaDeiVK0rnp-AF5HZ/edit?usp=drive_link&ouid=111632857619699904887&rtpof=true&sd=true,,,,,,,,,,,,,,,,,,
30,2021106248,Granted,"Sonawane, Mahesh; Mhaske, Sumedh",A METHOD FOR ASSESSING CLIMATE BASED ON ILLUMINANCE LEVEL OF A PLACE,"Dr. Vishwanath Karad MIT World Peace University; Mhaske, Sumedh; Sonawane, Mahesh",20-08-2021,11/17/2021,2021106248,"Dr.Vishwanath Karad MIT WORLD PEACE UNIVERSITY, PUNE",https://drive.google.com/file/d/1T1tS7V31ybmAPufF_q8VW-5jCvfMhMKG/view?usp=sharing,https://pericles.ipaustralia.gov.au/ols/auspat/quickSearch.do,Civil Engineering,Australia,"13,9,7,11,3,6,15",https://docs.google.com/document/d/1gy4PrTzWohRLmxLX-rydIDZ3SRsX5L0n/edit?usp=drive_link&ouid=111632857619699904887&rtpof=true&sd=true,,,,,,,,,,,,,,,,,,
31,2021105197,Granted,"Kulkarni, Mrudula; Mainkar, Prakash",A THERMAL CONDUCTIVITY METER FOR DETERMINING THERMAL CONDUCTIVITY OF Civil Engineering STRUCTURES,"Dr. Vishwanath Karad MIT World Peace University; MAGARPATIL, HANAMANT; SHINDE, SUMANT",8/10/2021,11/3/2021,2021105197,"Dr.Vishwanath Karad MIT WORLD PEACE UNIVERSITY, PUNE",https://drive.google.com/file/d/1piT2LEDpe1a6Pfrs7P2cZkYrdXyQJ85Y/view?usp=sharing,https://pericles.ipaustralia.gov.au/ols/auspat/quickSearch.do,Civil Engineering,Australia,"9,11,12,13,7,8,15",https://docs.google.com/document/d/1fllg8vzApzJAmBiy1oButMDJ7PVlysY2/edit?usp=drive_link&ouid=111632857619699904887&rtpof=true&sd=true,,,,,,,,,,,,,,,,,,
32,2021105196,Granted,Balaso Nivrutti Jagdale; Shounak Rushikesh Sugave; Suresh Halhalli; Yogesh Kulkarni,FAKE NEWS SCANNER SYSTEM EMBEDDED IN SMARTWATCH ARCHITECTURE,"Dr. Vishwanath Karad MIT World Peace University; Jagdale, Balaso; Sugave, Shounak",8/10/2021,10/27/2021,2021105196,"Dr.Vishwanath Karad MIT WORLD PEACE UNIVERSITY, PUNE",https://drive.google.com/file/d/1lm5fDrdU9k8XFWbT08o8rjUNwSP1VYUG/view?usp=sharing,https://pericles.ipaustralia.gov.au/ols/auspat/quickSearch.do,Computer Engineering & Technology,Australia,"16,4,9,17,12,15",https://docs.google.com/document/d/1vry3D-r0n2MhOw5b7Az1PGgVY3o3iRF8/edit?usp=drive_link&ouid=111632857619699904887&rtpof=true&sd=true,,,,,,,,,,,,,,,,,,
33,2021105342,Granted,"Sarode, Parchi; Pattabiraman, V and T. R, Reshmi",MULTIVARIATE QUERY RESPONSE METHOD FOR DATA AGGREGATION IN WIRELESS SENSOR NETWORK (M-QRDAG),"Dr. Vishwanath Karad MIT World Peace University; Sarode, Parchi",8/12/2021,10/20/2021,2021105342,"Dr.Vishwanath Karad MIT WORLD PEACE UNIVERSITY, PUNE",https://drive.google.com/file/d/1kHt4sWH_AqObP1YMWTMYlJoV-M6rXA72/view?usp=sharing,https://pericles.ipaustralia.gov.au/ols/auspat/quickSearch.do,Computer Engineering & Technology,Australia,"9,12,13,17,4,10,11",https://docs.google.com/document/d/1U8C3Yw8ktMPv-VPuJlAS3iR8ppMraMnQ/edit?usp=drive_link&ouid=111632857619699904887&rtpof=true&sd=true,,,,,,,,,,,,,,,,,,
34,2021106276,Granted,"Ingavale, Aniket; Sabne, Niranjan; Bhandare, Komal; Kamble, Minal; Dengale, Rushikesh; Rathod, Mayur; More, Shubham; Gutte, Vitthal","A SYSTEM AND METHOD FOR MONITORING, COMMUNICATING, AND ALERTING POWER FAILURE AND THEFT","Dr. Vishwanath Karad MIT World Peace University; Ingavale, Aniket; Sabne, Niranjan; Bhandare, Komal; Kamble, Minal; Dengale, Rushikesh; Rathod, Mayur; More, Shubham; Gutte, Vitthal",21-08-2021,11/10/2021,2021106276,"Dr.Vishwanath Karad MIT WORLD PEACE UNIVERSITY, PUNE",https://drive.google.com/file/d/1CGT5SKnxDVEu6pg84ed_p39gWiolC0Da/view?usp=sharing,https://pericles.ipaustralia.gov.au/ols/auspat/quickSearch.do,Computer Engineering & Technology,Australia,"7,9,11,12,13,16,17",https://docs.google.com/document/d/1lFi0TVYBcDsyybPnxnNVEDkuybsF10pW/edit?usp=drive_link&ouid=111632857619699904887&rtpof=true&sd=true,,,,,,,,,,,,,,,,,,
35,2021106261,Granted,"Dr. Lalit Kulkarni, Balaso Jagdale, Sumedha Sirsikar , Mandar Karyakarte",A SYSTEM EMPLOYING AN OPPORTUNISTIC NETWORK FOR DISSEMINATING EMERGENCY INFORMATION IN A VEHICULAR NETWORK,"Dr. Vishwanath Karad MIT World Peace University; Jagdale, Balaso; Karyakarte, Mandar; Kulkarni, Lalit; Sirsikar, Sumedha",20-08-2021,11/10/2021,2021106261,"Dr.Vishwanath Karad MIT WORLD PEACE UNIVERSITY, PUNE",https://drive.google.com/file/d/1ohIc8WTeObx8U4S4PHo4baM49vDwRVTS/view?usp=sharing,https://pericles.ipaustralia.gov.au/ols/auspat/quickSearch.do,Computer Engineering & Technology,Australia,"3,9,11,16,17",https://docs.google.com/document/d/1sgrVdm8EW-LOr9ES7PkVpSNhWYJaJQYX/edit?usp=drive_link&ouid=111632857619699904887&rtpof=true&sd=true,,,,,,,,,,,,,,,,,,
36,2021106262,Granted,Sumedha Sirsikar ; Abhishek Chunawale ; Prasad Khandekar ; Lalit Kulkarni ; Mohit Makhija ; Balaso Jagdale,A BRAIN SIGNAL CONTROLLED INTELLIGENT WHEELCHAIR WITH AUGMENTED REALITY,"Dr. Vishwanath Karad MIT World Peace University; Chunawale, Abhishek; Jagdale, Balaso; Khandekar, Prasad; Kulkarni, Lalit; Makhija, Mohit; Sirsikar, Sumedha",20-08-2021,11/10/2021,2021106262,"Dr.Vishwanath Karad MIT WORLD PEACE UNIVERSITY, PUNE",https://drive.google.com/file/d/1uXnLCap3Jri9TXvHbGnJ0NzFeFjALZmx/view?usp=sharing,https://pericles.ipaustralia.gov.au/ols/auspat/quickSearch.do,Computer Engineering & Technology,Australia,"3,9,10,11,17",https://docs.google.com/document/d/1YBwEmZ5C1D4qCrfaQR1Wy_hi-bnoXHFf/edit?usp=drive_link&ouid=111632857619699904887&rtpof=true&sd=true,,,,,,,,,,,,,,,,,,
37,2021106259,Granted,"Tiple, Bhavana; Atkar, Ashish; Baraskar, Samiksha; Ambolikar, Chinmay; Aswani, Nitin; Phatak, Madhura",METHOD FOR PROVIDING INFORMATION ASSOCIATED WITH PROXIMAL SURROUNDINGS TO A VISUALLY IMPAIRED INDIVIDUAL,"Dr. Vishwanath Karad MIT World Peace University; Ambolikar, Chinmay; Aswani, Nitin; Atkar, Ashish; Baraskar, Samiksha; Phatak, Madhura; Tiple, Bhavana",20-08-2021,11/17/2021,2021106259,"Dr.Vishwanath Karad MIT WORLD PEACE UNIVERSITY, PUNE",https://drive.google.com/file/d/1XlfDpDuVaWjk7gY1MVSQupHZreRGufIa/view?usp=sharing,https://pericles.ipaustralia.gov.au/ols/auspat/quickSearch.do,Computer Engineering & Technology,Australia,"3,4,10,11,17",https://docs.google.com/document/d/1wSIaAc_ETYArr2p8sqQ7RMcaAWbfqZdL/edit?usp=drive_link&ouid=111632857619699904887&rtpof=true&sd=true,,,,,,,,,,,,,,,,,,
38,2020104298,Granted,"DAMODAR ANUSE, ALWIN; SANDIP KUTE, RUPALI; VIJAYKUMAR CHITRE, ABHIJIT; PURUSHOTTAM
PURNAYE, PRASAD; SUBHANRAO BHADADE, RAGHUNATH; DINESH BHAT, PRANAV and VAIBHAV
MUNOT, MOUSAMI",CENSORING ONLINE SOCIAL MEDIA PLATFORM CONTENT THROUGH ARTIFICIAL INTELLIGENCE BASED FRAMEWORK,"DAMODAR ANUSE, ALWIN; SANDIP KUTE, RUPALI; VIJAYKUMAR CHITRE, ABHIJIT; PURUSHOTTAM
PURNAYE, PRASAD; SUBHANRAO BHADADE, RAGHUNATH; DINESH BHAT, PRANAV and VAIBHAV
MUNOT, MOUSAMI",12/23/2020,3/3/2021,2020104298,"Dr.Vishwanath Karad MIT WORLD PEACE UNIVERSITY, PUNE",https://drive.google.com/file/d/1e_Hcw4f6Rh78NuZreCpz8z0SdbUhylwh/view?usp=sharing,https://pericles.ipaustralia.gov.au/ols/auspat/quickSearch.do,Computer Engineering & Technology,Australia,"16,9,10,4,17",https://docs.google.com/document/d/1888nwqO1gY5Zz4k5oMwRl3if87B5A5ZO/edit?usp=drive_link&ouid=111632857619699904887&rtpof=true&sd=true,,,,,,,,,,,,,,,,,,
39,2021106657,Granted,Dr. Pradnya S. Kulkarni,Pixel N-gram Image Representation System for Mammographic Image Classification,Dr. Pradnya S. Kulkarni,8/23/2021,11/17/2021,2021106657,"Dr.Vishwanath Karad MIT WORLD PEACE UNIVERSITY, PUNE",https://drive.google.com/file/d/1X7xU9vaOxq82aGvXHSUmeOp25xidApyM/view?usp=sharing,https://pericles.ipaustralia.gov.au/ols/auspat/quickSearch.do,Computer Engineering & Technology,Australia,"3,9,10,12,17",https://docs.google.com/document/d/17raXFA9SR3r96qY2sut01Z2ps9ptNuRL/edit?usp=drive_link&ouid=111632857619699904887&rtpof=true&sd=true,,,,,,,,,,,,,,,,,,
40,2021105861,Granted,"Sukhada Bhingarkar, Deven Shah
",Method For Detecting Edos Attack In Virtual Server And Serverless Model Of Cloud Computing,"Sukhada Bhingarkar, Deven Shah
",8/18/2021,11/17/2021,2021105861,"Dr.Vishwanath Karad MIT WORLD PEACE UNIVERSITY, PUNE",https://drive.google.com/file/d/1DQuaV7hGQbpVAmbutpDSV5bU-6E6ubfw/view?usp=sharing,https://pericles.ipaustralia.gov.au/ols/auspat/quickSearch.do,Computer Engineering & Technology,Australia,"9,12,16,17",https://docs.google.com/document/d/1c_YQE5cpQZ9V0-Bm5pHZtrin3byc_nkT/edit?usp=drive_link&ouid=111632857619699904887&rtpof=true&sd=true,,,,,,,,,,,,,,,,,,
41,2021104405,Granted,Dr.Anita Nene; Nabharun Bhattcharya ; Garv Sethi ; Vinit Oswal,CONDUCTING LIQUID VORTEX DC MOTOR,Dr. Vishwanath Karad MIT World Peace University,21-07-2021,8/11/2021,2021104405,"Dr.Vishwanath Karad MIT WORLD PEACE UNIVERSITY, PUNE",https://drive.google.com/file/d/1vBm45On6Ptrm7UKr0g5hyzrMeuSd3gJC/view?usp=sharing,https://pericles.ipaustralia.gov.au/ols/auspat/quickSearch.do,Mechanical Engineering,Australia,"7,9,12,13,17",https://docs.google.com/document/d/1na1E02nY9q931D7F29LQ4_4T_izoFiTs/edit?usp=drive_link&ouid=111632857619699904887&rtpof=true&sd=true,,,,,,,,,,,,,,,,,,
42,2021105191,Granted,"Ganesh Kakandikar , Anil Mashalakar , Omkar Kulkarni",A MICRO-FORMING DEVICE,"Dr. Vishwanath Karad MIT World Peace University; Kakandikar, Ganesh; Kulkarni, Omkar; Mashalkar, Anil",8/10/2021,11/3/2021,2021105191,"Dr.Vishwanath Karad MIT WORLD PEACE UNIVERSITY, PUNE",https://drive.google.com/file/d/1HSpa_bP7vuDRpBwcxd4Yl7KCqkoCRREX/view?usp=sharing,https://pericles.ipaustralia.gov.au/ols/auspat/quickSearch.do,Mechanical Engineering,Australia,"9,12,13,17",https://docs.google.com/document/d/1cnAbOmHG_BnY0Hz233uZ7iupVh5Ii5EE/edit?usp=drive_link&ouid=111632857619699904887&rtpof=true&sd=true,,,,,,,,,,,,,,,,,,
43,2021105195,Granted,Amit Jomde; Vivekanand A Naikwadi ; Tamkhade Pradip Krishna ; Prashant Patane ;Sandeep Sadashiv Kore; Tadakhe Rajendra Popat ; Pratik Arun Patil,A VARIABLE FLOW RADIATOR FOR A VEHICLE,"Dr. Vishwanath Karad MIT World Peace University; Jomde, Amit; Kore, Sandeep; Krishna, Tamkhade; Naikwadi, Vivekanand; Patane, Prashant; Patil, Pratik; Popat, Tadakhe",8/10/2021,10/27/2021,2021105195,"Dr.Vishwanath Karad MIT WORLD PEACE UNIVERSITY, PUNE",https://drive.google.com/file/d/1t0yzaZYTgAsOv1eTvBiX8GTmmmzROJiy/view?usp=sharing,https://pericles.ipaustralia.gov.au/ols/auspat/quickSearch.do,Mechanical Engineering,Australia,"7,9,11,12,13",https://docs.google.com/document/d/1JsA-Kp4JOmOqBZ-bZEkarhd5dQI3TmK0/edit?usp=drive_link&ouid=111632857619699904887&rtpof=true&sd=true,,,,,,,,,,,,,,,,,,
44,2021106269,Granted,"Ganesh Kakandikar , Anil Mashalakar , Omkar Kulkarni, Abhishek Jadhav",FLEXIBLE DEEP DRAWING ARRANGEMENT,"Dr. Vishwanath Karad MIT World Peace University; Jadhav, Abhishek; Kakandikar, Ganesh; Kulkarni, Omkar; Mashalkar, Anil",21-08-2021,11/10/2021,2021106269,"Dr.Vishwanath Karad MIT WORLD PEACE UNIVERSITY, PUNE",https://drive.google.com/file/d/1aUIACa19WjG5IfhFpCm74ZW-xbH8J5p9/view?usp=sharing,https://pericles.ipaustralia.gov.au/ols/auspat/quickSearch.do,Mechanical Engineering,Australia,"9,12,13,8,11,4",https://docs.google.com/document/d/1MaA42xGDa5uF3CsNLaCAvoUrWEbEwLiT/edit?usp=drive_link&ouid=111632857619699904887&rtpof=true&sd=true,,,,,,,,,,,,,,,,,,
45,2021107065,Granted,"Chaudhari, Bharat S.; Kukade, Shweta; Patil, Rajendrakumar A.; Sutaone, Mukul S.",OPTIMAL RESOURCE ALLOCATION IN NEXT-GENERATION HETEROGENEOUS MOBILE NETWORK,"Dr.Vishwanath Karad MIT-World Peace University; Chaudhari, Bharat S.;  Kukade, Shweta; Patil, Rajendrakumar A.; Sutaone, Mukul S.",8/24/2021,11/24/2021,2021107065,"Dr.Vishwanath Karad MIT WORLD PEACE UNIVERSITY, PUNE",https://drive.google.com/file/d/1kL6MQys3W3tBsKqxcon3rbcqUNvnkICN/view?usp=sharing,https://pericles.ipaustralia.gov.au/ols/auspat/quickSearch.do,Electrical and Electronics Engineering,Australia,"9,12,13,8,11,4,17",https://docs.google.com/document/d/1Hn-3hIvs4wxLLhPKnQK0H9OgLlCz0Vqf/edit?usp=drive_link&ouid=111632857619699904887&rtpof=true&sd=true,,,,,,,,,,,,,,,,,,
46,202021051007,Published,"Ganesh Kakandikar, Anil Mashalkar, Omkar Kulkarni
",A MICRO-FORMING DEVICE,"Ganesh Kakandikar, Anil Mashalkar, Omkar Kulkarni
",11/24/2020,1/29/2021,05/2021,"Dr.Vishwanath Karad MIT WORLD PEACE UNIVERSITY, PUNE",https://drive.google.com/file/d/1doQCBBro0xiA_jNwa8_KOGLCrU2zRdqS/view?usp=sharing,https://iprsearch.ipindia.gov.in/PublicSearch/,Mechanical Engineering,India,"9,12,8,13,4",https://docs.google.com/document/d/1kHmqnXWAGBkZO-eIeO8ziX-H0O8lyKKd/edit?usp=drive_link&ouid=107653910869487429344&rtpof=true&sd=true,,,,,,,,,,,,,,,,,,
47,202121031924,Published,"Deepak Popat Hujare, Paresh Sunil Patel, Girish Barpande, Pravin Hujare",INBUILT TWO TIER JACK ASSEMBLY FOR VEHICLE,"Dr. Vishwanath Karad MIT World Peace University, Deepak Popat Hujare, Paresh Sunil Patel",7/15/2021,8/27/2021,35/2021,"Dr.Vishwanath Karad MIT WORLD PEACE UNIVERSITY, PUNE",https://drive.google.com/file/d/1DqEa165a9YCHl460-M3Gra-Pi8ACNVdI/view?usp=sharing,https://iprsearch.ipindia.gov.in/PublicSearch/,Mechanical Engineering,India,"9,7,8,11,12,3",https://docs.google.com/document/d/15RQpl4NPt6gkI3lwgO2-AkRmVJyiuKv6/edit?usp=drive_link&ouid=107653910869487429344&rtpof=true&sd=true,,,,,,,,,,,,,,,,,,
48,202121008267,Published,"Jadhav, Nathrao; Chaudhari, Bharat",OPTIMIZED FIVE PORT NON-BLOCKING OPTICAL ROUTER FOR TWO DIMENSIONAL MULTICORE PROCESSORS,Dr. Vishwanath Karad MIT World Peace University,2/26/2021,4/23/2021,17/2021,"Dr.Vishwanath Karad MIT WORLD PEACE UNIVERSITY, PUNE",https://drive.google.com/file/d/1EqKgPQ6mvJyd2GTdEJyLQE4jKkvrJn8b/view?usp=sharing,https://iprsearch.ipindia.gov.in/PublicSearch/,Electrical and Electronics Engineering,India,"9,7,11,12,13,4",https://docs.google.com/document/d/1oFjMoc0vm_4fO9HIcYr03khv1bbhEYYN/edit?usp=drive_link&ouid=107653910869487429344&rtpof=true&sd=true,,,,,,,,,,,,,,,,,,
49,202121032629,Published,"Nitinkumar Raghunath Anekar, Amit Chandrakant Nemade, Kushal Khandelwal",TEST RIG FOR MEASURING TRANSMISSIBILITY RATIO OF SHOCK ABSORBER,"Dr. Vishwanath Karad MIT World Peace University,Nitinkumar Raghunath Anekar",7/20/2021,8/27/2021,35/2021,"Dr.Vishwanath Karad MIT WORLD PEACE UNIVERSITY, PUNE",https://drive.google.com/file/d/1qWWtry7H4tRmhXs1Lm9fCI0V5IVUcWbF/view?usp=sharing,https://iprsearch.ipindia.gov.in/PublicSearch/,Mechanical Engineering,India,"9,8,12,11,13,3",https://docs.google.com/document/d/17pyeUP2PTkFmnvmcPk9_VdVmTV1on_si/edit?usp=drive_link&ouid=107653910869487429344&rtpof=true&sd=true,,,,,,,,,,,,,,,,,,
50,202121039973,Published,"Siddhant Verma, Suraj Shinde, Shubham Bhongade, Yogesh Mane",SYSTEM FOR ADJUSTING THE RAKE ANGLE OF A BICYCLE,"Dr. Vishwanath Karad MIT World Peace University, Siddhant Verma, Suraj Shinde, Shubham Bhongade, Yogesh Mane",9/3/2021,9/10/2021,37/2021,"Dr.Vishwanath Karad MIT WORLD PEACE UNIVERSITY, PUNE",https://drive.google.com/file/d/1MOlEwngg4k5hCKz_8ekgGVH6Lfsq4G2z/view?usp=sharing,https://iprsearch.ipindia.gov.in/PublicSearch/,Mechanical Engineering,India,"9,11,12,13,3,7",https://docs.google.com/document/d/1uT6QxAkk5HPPlx4MJeyuAwDYTYSHPNHm/edit?usp=drive_link&ouid=107653910869487429344&rtpof=true&sd=true,,,,,,,,,,,,,,,,,,
51,202021022772,Published,"Atharv Barve, Sharmishta Desai, Vishwa Singh, Arnav Pande, Shubh Shrey, Devesh Bhogre, Ashish Atkar",DISINFECTING AND ALERTING DEVICE,"Atharv Barve, Sharmishta Desai, Vishwa Singh, Arnav Pande, Shubh Shrey, Devesh Bhogre, Ashish Atkar",30-05-2020,12/3/2021,49/2021,"Dr.Vishwanath Karad MIT WORLD PEACE UNIVERSITY, PUNE",https://drive.google.com/file/d/1YcuETIVxLy46JPjAMbIvHhemDRhwOPqH/view?usp=sharing,https://iprsearch.ipindia.gov.in/PublicSearch/,Computer Engineering & Technology,India,"3,9,11,12,6,13",https://docs.google.com/document/d/1lBnHVi7jhuXSk_3DzPG4dZjF90-p5_Oq/edit?usp=drive_link&ouid=107653910869487429344&rtpof=true&sd=true,,,,,,,,,,,,,,,,,,
52,202021014235,Published,"Subhal Dixit, Rashmi Phalnikar",Method for providing Comprehensive Nutritional care for critically ill patients,"Rashmi Phalnikar, Subhal Dixit",3/31/2020,11/26/2021,48/2021,"Dr.Vishwanath Karad MIT WORLD PEACE UNIVERSITY, PUNE",https://drive.google.com/file/d/17IRjnbtn-0oj0jkTcoxbL--KRlkLKeW0/view?usp=sharing,https://iprsearch.ipindia.gov.in/PublicSearch/,Computer Engineering & Technology,India,"3,2,9,10,12,17",https://docs.google.com/document/d/11XKCReISa4Xa1W61CXIAEJOKhELh0yp5/edit?usp=drive_link&ouid=107653910869487429344&rtpof=true&sd=true,,,,,,,,,,,,,,,,,,
53,202121021526,Published,"Kothavale, Basavraj; Kolhe, Shaunak; Khose, Ashna",FIBRE LAYUP APPARATUS FOR OBTAINING PRECISE PLY-ANGLES,Dr Vishwanath Karad MIT World Peace University,5/12/2021,6/25/2021,26/2021,"Dr.Vishwanath Karad MIT WORLD PEACE UNIVERSITY, PUNE",https://drive.google.com/file/d/1V9kEk5NiIJBzQxrEAPuxfrP_rtCQoHes/view?usp=sharing,https://iprsearch.ipindia.gov.in/PublicSearch/,Mechanical Engineering,India,"9,12,8,13,11,4",https://docs.google.com/document/d/1d_XqfNysmInuQExjf_JVGs4i1cW7e88-/edit?usp=drive_link&ouid=107653910869487429344&rtpof=true&sd=true,,,,,,,,,,,,,,,,,,
54,202121023253,Published,"Mahesh Vasantrao Kulkarni, Ravindra Bhimrao Ingle",DOUBLE EXPANSION CHAMBER REACTIVE MUFFLER,Dr Vishwanath Karad MIT-World Peace University,5/25/2021,6/25/2021,26/2021,"Dr.Vishwanath Karad MIT WORLD PEACE UNIVERSITY, PUNE",https://drive.google.com/file/d/1sLW1Met1rqfrgRWkcingsOj3Q4babaPF/view?usp=sharing,https://iprsearch.ipindia.gov.in/PublicSearch/,Mechanical Engineering,India,"7,9,13,11,12,3",https://docs.google.com/document/d/1f72qf3V6dqZkhLaLsyKbxHfDe4xuIkh6/edit?usp=drive_link&ouid=107653910869487429344&rtpof=true&sd=true,,,,,,,,,,,,,,,,,,
55,202121023255,Published,"Dr. Anita Nene, Garv Sethi, Nabharun Niloy Bhattacharya, Vinit Ritesh Oswal",CONDUCTING LIQUID VORTEX DC MOTOR,Dr. Vishwanath Karad MIT World Peace University,5/25/2021,7/2/2021,27/2021,"Dr.Vishwanath Karad MIT WORLD PEACE UNIVERSITY, PUNE",https://drive.google.com/file/d/1zjX5Togugrha70GWr9BRQ4rYsAehT8L6/view?usp=sharing,https://iprsearch.ipindia.gov.in/PublicSearch/,Mechanical Engineering,India,"7,9,13,12,11,8,14",https://docs.google.com/document/d/1bi3T8p7v81wIxDIfzYWt_P8YzH6OUx3d/edit?usp=drive_link&ouid=107653910869487429344&rtpof=true&sd=true,,,,,,,,,,,,,,,,,,
56,202121034883,Published,"Pruthviraj Patil, Ashwajeet Pawar, Riya Huddar, Slawyn Mascarenhas, Viraj Jiwane, Vignesh Shenoy, Sanket Shinde, Snehal Kolekar",SYSTEM FOR INLINE WAX DEPOSITION INSPECTION OF PIPELINE AND METHOD THEREOF,Dr. Vishwanath Karad MIT-World Peace University,8/3/2021,8/20/2021,34/2021,"Dr.Vishwanath Karad MIT WORLD PEACE UNIVERSITY, PUNE",https://drive.google.com/file/d/1_GauRpG68fHiUWMJFKYZAltcNy1V2n9v/view?usp=sharing,https://iprsearch.ipindia.gov.in/PublicSearch/,Petroleum Engineering,India,"7,9,13,12,6,8,11",https://docs.google.com/document/d/1ev01DJlS9royt-tiHrtOrQGSehCqxVLM/edit?usp=drive_link&ouid=107653910869487429344&rtpof=true&sd=true,,,,,,,,,,,,,,,,,,
57,202121045494,Published,"Minal Deshmukh, Anant Marathe","A Process
For
Preparatio
n Of Bio
Ethanol,
Biogas
And
Manure
From De
Oiled Non
Edible
Cake","Minal Deshmukh, Anant Marathe",10/6/2021,11/12/2021,46/2021,"Dr.Vishwanath Karad MIT WORLD PEACE UNIVERSITY, PUNE",https://drive.google.com/file/d/1dZ5fcMSIRV6HA3YR2sCr_zLgr0UrkbDS/view?usp=sharing,https://iprsearch.ipindia.gov.in/PublicSearch/,Petroleum Engineering,India,"7,9,13,12,6,8,11",https://docs.google.com/document/d/1ev01DJlS9royt-tiHrtOrQGSehCqxVLM/edit?usp=drive_link&ouid=107653910869487429344&rtpof=true&sd=true,,,,,,,,,,,,,,,,,,
58,202121011461,Published,"AMOLKUMAR N. JADHAV, DEEPAK SUDHAKAR DHARRAO,  PRASAD VIJAYKUMAR PHALLE, VITTHAL S. GUTTE, MUKUND B. WAGH, NANDKISHOR P. KARLEKAR",AN EFFICIENT CONTENT BASED REMOTE SENSING IMAGE RETRIEVAL USING ARTIFICIAL NEURAL NETWORK,"AMOLKUMAR N. JADHAV, DEEPAK SUDHAKAR DHARRAO,  PRASAD VIJAYKUMAR PHALLE, VITTHAL S. GUTTE, MUKUND B. WAGH, NANDKISHOR P. KARLEKAR",3/18/2021,4/2/2021,14/2021,"Dr.Vishwanath Karad MIT WORLD PEACE UNIVERSITY, PUNE",https://drive.google.com/file/d/1_jFqDAtNTvnEUQSri1zpq4qPI_FTNs1E/view?usp=sharing,https://iprsearch.ipindia.gov.in/PublicSearch/,Computer Engineering & Technology,India,"7,9,12,13,15,11,3,2",https://docs.google.com/document/d/1OOKUjyjgDEAzsMNRw93NLHVsIJLLV45T/edit?usp=drive_link&ouid=107653910869487429344&rtpof=true&sd=true,,,,,,,,,,,,,,,,,,
59,202121005000,Published,"DR. DEEPAK SUDHAKAR DHARRAO, AMOLKUMAR N.JADAV, NAVANATH PANDURANG JADHAV, SHAILESH GAWAI, MADHURI NAVANATH JADHAV, HANMANT DNYANDEO MAGAR",UNDERWATER IMAGE ENHANCEMENT VIA COLOR BALANCE AND STATIONERY WAVELET BASED FUSION,"DR. DEEPAK SUDHAKAR DHARRAO, AMOLKUMAR N.JADAV, NAVANATH PANDURANG JADHAV, SHAILESH GAWAI, MADHURI NAVANATH JADHAV, HANMANT DNYANDEO MAGAR",2/5/2021,2/12/2021,07/2021,"Dr.Vishwanath Karad MIT WORLD PEACE UNIVERSITY, PUNE",https://drive.google.com/file/d/1r-5axG902cQTr3sLTMWrg20QaOZE1BDE/view?usp=sharing,https://iprsearch.ipindia.gov.in/PublicSearch/,Computer Engineering & Technology,India,"7,9,12,14,13,6,8,11",https://docs.google.com/document/d/1qMLJTqBHGBgy0GGoyyt68AdRldf8SXwM/edit?usp=drive_link&ouid=107653910869487429344&rtpof=true&sd=true,,,,,,,,,,,,,,,,,,
60,202121001047,Published,"Dr. Balaso Nivrutti Jagdale, Dr. Shounak Rushikesh Sugave, Dr Suresh Renukadas Halhalli, Dr. Yogesh Raghunath kulkarni",Fake News Scanner System Embedded In Smartwatch Architecture,"Dr. Balaso Nivrutti Jagdale, Dr. Shounak Rushikesh Sugave",1/9/2021,2/12/2021,07/2021,"Dr.Vishwanath Karad MIT WORLD PEACE UNIVERSITY, PUNE",https://drive.google.com/file/d/10kCmLLYgzvtJYta_FH7JkwVemz9p0Z9t/view?usp=sharing,https://iprsearch.ipindia.gov.in/PublicSearch/,Computer Engineering & Technology,India,"4,8,3,10,12,16,9,12",https://docs.google.com/document/d/1eHoBVCEL1Sb09C2TSK8CSTFcrWTVxyZp/edit?usp=drive_link&ouid=107653910869487429344&rtpof=true&sd=true,,,,,,,,,,,,,,,,,,
61,202121010006,Published,"Vignesh Charan Raman, Kaushiv Agarwal, Poojan Panchal, Trupti N.Baraskar, Sajeeda Riyaj Shikaslkar
",Intelligent Surveillance System For Identifying Social Distancing And Face Masks In Public Places,"Dr. Vishwanath Karad MIT World Peace University, Vignesh Charan Raman, Kaushiv Agarwal, Poojan Panchal, Trupti N.Baraskar, Sajeeda Riyaj Shikaslkar
",3/10/2021,8/6/2021,32/2021,"Dr.Vishwanath Karad MIT WORLD PEACE UNIVERSITY, PUNE",https://drive.google.com/file/d/1uNUNF44CwoMVUS9z_7Ouso8rJkclLdCC/view?usp=sharing,https://iprsearch.ipindia.gov.in/PublicSearch/,Computer Engineering & Technology,India,"3,9,10,8,11,12,16,13",https://docs.google.com/document/d/18Pf1tRnwG53arOQbU2RcJjXBGFMzCbun/edit?usp=drive_link&ouid=107653910869487429344&rtpof=true&sd=true,,,,,,,,,,,,,,,,,,
62,202141044813,Published,"Dr. Udayabalan Balasingam, Dr.Nanda Ashwin, Vaishali Shende, Rajlakshmi Ghatkamble, Suresh P, Seema Patil, Deepak Sakkari, Sonu Kumar, Shubham parsoya, Ajay Nair, Makhan kumbhkar
",ML And Big Data Basedcloud Computing Construction Assessment System For Android Applications,"Dr. Udayabalan Balasingam, Dr.Nanda Ashwin, Vaishali Shende, Rajlakshmi Ghatkamble, Suresh P, Seema Patil, Deepak Sakkari, Sonu Kumar, Shubham parsoya, Ajay Nair, Makhan kumbhkar
",10/3/2021,10/15/2021,42/2021,"Dr.Vishwanath Karad MIT WORLD PEACE UNIVERSITY, PUNE",https://drive.google.com/file/d/16MWeWhHFbfjzrf2mnSgDfFin9w60Vjwm/view?usp=sharing,https://iprsearch.ipindia.gov.in/PublicSearch/,Computer Engineering & Technology,India,"3,9,10,8,11,12,16,13",https://docs.google.com/document/d/1U0wIqc0EwXBsBV2Q64JXd7b7rA_vTEzV/edit?usp=drive_link&ouid=107653910869487429344&rtpof=true&sd=true,,,,,,,,,,,,,,,,,,
63,202121022884,Published,"Prachi Sarode, Pattabiraman, Reshmi T R
",Multivariate Query Response Method For Data Aggregation Inwireless Sensor Network (M-QRDAG),Prachi Sarode,5/22/2021,6/25/2021,26/2021,"Dr.Vishwanath Karad MIT WORLD PEACE UNIVERSITY, PUNE",https://drive.google.com/file/d/1cAyQixcYyxPPTG2qk3PbMZKmPE4Pq6d4/view?usp=sharing,https://iprsearch.ipindia.gov.in/PublicSearch/,Computer Engineering & Technology,India,"9,7,11,8,12,3,13,4",https://docs.google.com/document/d/1W1lExMzsKPA6VrVOdsKSHTRX-_DTIbEY/edit?usp=drive_link&ouid=107653910869487429344&rtpof=true&sd=true,,,,,,,,,,,,,,,,,,
64,202121000385,Published,"Pradnya V.Kulkarni, SUNIL RAI, Rajneeshkaur Sachdeo Bedi, ROHINI KALE",Elearning Recommendation System Based On Feedback,Pradnya V.Kulkarni,1/5/2021,7/16/2021,29/2021,"Dr.Vishwanath Karad MIT WORLD PEACE UNIVERSITY, PUNE",https://drive.google.com/file/d/1rqS_8FGMdiKDW_IbbI21MHFO3bTTWefZ/view?usp=sharing,https://iprsearch.ipindia.gov.in/PublicSearch/,Computer Engineering & Technology,India,"4,9,10,8,17,5,3",https://docs.google.com/document/d/1qNhG3BV6yGdbX7DfLiXd-oBPh_V7yClB/edit?usp=drive_link&ouid=107653910869487429344&rtpof=true&sd=true,,,,,,,,,,,,,,,,,,
65,202121022974,Published,"Sushila Palwe, Prerna Lahane, Anita Gunjal
",Smart Safety Wristband For All,"Sushila Palwe, Prerna Lahane, Anita Gunjal
",5/24/2021,7/2/2021,27/2021,"Dr.Vishwanath Karad MIT WORLD PEACE UNIVERSITY, PUNE",https://drive.google.com/file/d/1cMsm7S4QSfx3gJPbdptaPZTEWS8xXt3y/view?usp=sharing,https://iprsearch.ipindia.gov.in/PublicSearch/,Computer Engineering & Technology,India,"3,9,10,11,16,5,17,4,12,15",https://docs.google.com/document/d/1vkaOXIH3heNkX8r0wUbGgvAJIsC-ECDS/edit?usp=drive_link&ouid=107653910869487429344&rtpof=true&sd=true,,,,,,,,,,,,,,,,,,
66,202121025562,Published,"Priti Chakurkar, Varsha Naik, Raj Gaurav, Memon Ahbaz kadar
",A System for  Detection of Pipeline  Leakge,"Priti Chakurkar, Varsha Naik, Raj Gaurav, Memon Ahbaz kadar
",6/8/2021,9/10/2021,37/2021,"Dr.Vishwanath Karad MIT WORLD PEACE UNIVERSITY, PUNE",https://drive.google.com/file/d/1elunYUVrS-HO1MnaNlyIF520Fhwv9CtR/view?usp=sharing,https://iprsearch.ipindia.gov.in/PublicSearch/,Computer Engineering & Technology,India,"6,7,9,11,12,13,15,17,10",https://docs.google.com/document/d/1-jvZVVmAuvqYpCI567H627BKW7FUedt7/edit?usp=drive_link&ouid=107653910869487429344&rtpof=true&sd=true,,,,,,,,,,,,,,,,,,
67,202121028958,Published,"Ganesh S. Ingle, Sudhir Patil, Sairaj Salunkhe, Rohan Patil, Ruturaj Shedage, Prem Chandawar, Nikhil Patil, Mahesh Talikonda
",Special Mould For Preparation Of Additives During Soil Stabilization,"Ganesh S. Ingle, Sudhir Patil, Sairaj Salunkhe, Rohan Patil, Ruturaj Shedage, Prem Chandawar, Nikhil Patil, Mahesh Talikonda
",6/28/2021,7/30/2021,31/2021,"Dr.Vishwanath Karad MIT WORLD PEACE UNIVERSITY, PUNE",https://drive.google.com/file/d/1CJWgD-n8qfx_7lIqn_BI48J4NvyBWXqR/view?usp=sharing,https://iprsearch.ipindia.gov.in/PublicSearch/,Civil Engineering,India,"9,11,12,13,6,15,17,3",https://docs.google.com/document/d/11tpB3RpkAFFyoGv1WGN4eMk1czyuOKhg/edit?usp=drive_link&ouid=107653910869487429344&rtpof=true&sd=true,,,,,,,,,,,,,,,,,,
68,202021050707,Published,"Swati Changdeo Jagdale, Anuruddha Rajaram Chabukswar, Suchita Prabhakar Dhamane,",Isoniazid loaded chitosan nanoparticles using vanillin as a crosslinker,"Swati Changdeo Jagdale, Anuruddha Rajaram Chabukswar, Suchita Prabhakar Dhamane,",11/21/2020,1/1/2021,01/2021,"Dr.Vishwanath Karad MIT WORLD PEACE UNIVERSITY, PUNE",https://drive.google.com/file/d/1ApErEnADtaEk4ZfyVAZkQkMx6ARHby_Y/view?usp=sharing,https://iprsearch.ipindia.gov.in/publicsearch,School of Pharmacy,India,,,,,,,,,,,,,,,,,,,,
69,202121024881,Published,"Jayadeep R. Yadav,  Dr. Swati C. Jagdale, Anuruddha R. Chabukswar",Method of pereparation for anti-fungal formulation containing luliconazole nanosponges and curcumin,"Jayadeep R. Yadav,  Dr. Swati C. Jagdale, Anuruddha R. Chabukswar",6/4/2021,8/6/2021,32/2021,Dr. Vishwanath Karad MIT-World Peace University,https://drive.google.com/file/d/1NBs7B7rGz_Mu9MyGRWJjaIZqZaCNjxmx/view?usp=sharing,https://iprsearch.ipindia.gov.in/PublicSearch/,School of Pharmacy,India,,,,,,,,,,,,,,,,,,,,
70,202121012208,Published,"Mohini Upadhye, Uday deokate, Gajanan Ekbote, Shashikant Dhole, Rohini Pujari, Sonali Chintamani",An Antihyperglycaemic Herbal Composition and Method of Preparation Thereof,"Mohini Upadhye, Uday deokate, Gajanan Ekbote, Shashikant Dhole, Rohini Pujari, Sonali Chintamani",3/22/2021,3/26/2021,13/2021,"PES�s Modern College of Pharmacy(For Ladies), Moshi, Pune",https://drive.google.com/file/d/1LijvtuclJOeRmfAcCh_ESyGQzAmzjCEp/view?usp=sharing,https://iprsearch.ipindia.gov.in/PublicSearch/,School of Pharmacy,India,,,,,,,,,,,,,,,,,,,,
2022,,,,,,,,,,,,,,,,,,,,,,,,,,,,,,,,,
71,202021014235,Granted,"Subhal Dixit, Rashmi Phalnikar",Method for providing Comprehensive Nutritional Care for Critically Ill patients,"Rashmi Phalnikar, Subhal Dixit",3/31/2020,7/29/2022,402510,"Dr.Vishwanath Karad MIT WORLD PEACE UNIVERSITY, PUNE",https://drive.google.com/file/d/1ddflWiSAygO91ysc7UVYRZn86Uo-Wi4K/view?usp=sharing,https://iprsearch.ipindia.gov.in/publicsearch,Computer Engineering & Technology,India,"9,11,12,13,6,15,17,3",https://docs.google.com/document/d/11tpB3RpkAFFyoGv1WGN4eMk1czyuOKhg/edit?usp=drive_link&ouid=107653910869487429344&rtpof=true&sd=true,,,,,,,,,,,,,,,,,,
72,231/MUM/2013,Granted,Vivek Deshpande,Sectoring approach for separation of sensor nodes in various sectors to achieve reliability ,Vivek Deshpande,1/25/2013,7/6/2022,400906,"Dr.Vishwanath Karad MIT WORLD PEACE UNIVERSITY, PUNE",https://drive.google.com/file/d/1PNwOUJZYhUUnvFwlOuDsYGFk-8O1Z5wY/view?usp=sharing,https://iprsearch.ipindia.gov.in/PublicSearch/,Computer Engineering & Technology,India,"7,9,11,12,13,17",https://docs.google.com/document/d/1EhI6IC3o_qWfAPoKk6BUgo5Ko6XDRUwo/edit?usp=drive_link&ouid=100055678884218092676&rtpof=true&sd=true,,,,,,,,,,,,,,,,,,
73,2021104417,Granted,"Sonawwanay, Puskaraj; Nemade, Amit; Kulkarni, Soham; Kulkarni, Rohit; Patil, Nirbhay",Mechanical EngineeringLY OPERATED BLOOD COLLECTION MONITORING DEVICE,Dr. Vishwanath Karad MIT World Peace University,7/22/2021,3/30/2022,2021104417,"Dr.Vishwanath Karad MIT WORLD PEACE UNIVERSITY, PUNE",https://drive.google.com/file/d/1exouaBY0HyST-H4_Ti92mTKah9gtMckq/view?usp=sharing,https://pericles.ipaustralia.gov.au/ols/auspat/quickSearch.do,Mechanical Engineering,Australia,"3,9,1,12,10",https://docs.google.com/document/d/1O7tfccPpRqOoP6UkLbzBF4tqCQRkQwQI/edit?usp=drive_link&ouid=111632857619699904887&rtpof=true&sd=true,,,,,,,,,,,,,,,,,,
74,2021104946,Granted,"Dr. Rupali Kute, Vibha Vyas, Anuse Alwin, Sutaone Mukul, Mousami Munot, Shrivastava Nath, Suyash Chandra ",A Convolutional neural network based method and system for associating face and facial components,"Dr. Vishwanath Karad MIT World Peace University, Pune, Rupali Kute",8/4/2021,4/20/2022,2021104946,"Dr.Vishwanath Karad MIT WORLD PEACE UNIVERSITY, PUNE",https://drive.google.com/file/d/1d9ufCW4R15Qc0Ir5gaz_POGd891zjDIC/view?usp=sharing,https://pericles.ipaustralia.gov.au/ols/auspat/quickSearch.do,Electrical and Electronics Engineering,Australia,"9,16,11,4,8",https://docs.google.com/document/d/1rROBDbi1CRBE1FhEzgPVwK2aGNMLDckS/edit?usp=drive_link&ouid=111632857619699904887&rtpof=true&sd=true,,,,,,,,,,,,,,,,,,
75,2021104452,Granted,Sirsikar Sumedha; Kothari Mridul; Deshpande Gaurav,An intelligent automated wheel chair having associated therewith a real time health monitoring system,Dr. Vishwanath Karad MIT World Peace University; Sirsikar Sumedha; Kothari Mridul; Deshpande Gaurav,7/22/2021,3/23/2022,2021104452,"Dr.Vishwanath Karad MIT WORLD PEACE UNIVERSITY, PUNE",https://drive.google.com/file/d/1Q8opN5T7NjSnAS9C_uZnKa9hgU8O3mAi/view?usp=sharing,https://pericles.ipaustralia.gov.au/ols/auspat/quickSearch.do,Computer Engineering & Technology,Australia,"3,9,10,11,8,4",https://docs.google.com/document/d/1Zwbs68cHbhtxPZ4HLsL7jnf288Pk1dL1/edit?usp=drive_link&ouid=111632857619699904887&rtpof=true&sd=true,,,,,,,,,,,,,,,,,,
76,2021104418,Granted,Raman Vignesh; Agarwal Kaushiv; Panchal Poojan; Baraskar Trupti; Shikalgar Sajeeda,INTELLIGENT SURVEILLANCE SYSTEM FOR IDENTIFYING SOCIAL DISTANCING AND FACE MASKS IN PUBLIC PLACES,Dr. Vishwanath Karad MIT World Peace University; Raman Vignesh; Agarwal Kaushiv; Panchal Poojan; Baraskar Trupti; Shikalgar Sajeeda,7/22/2021,5/4/2022,2021104418,"Dr.Vishwanath Karad MIT WORLD PEACE UNIVERSITY, PUNE",https://drive.google.com/file/d/1pnAgyY1fBxxj4DBUVxJ8xldBTADxAoAy/view?usp=sharing,https://pericles.ipaustralia.gov.au/ols/auspat/quickSearch.do,Computer Engineering & Technology,Australia,"3,9,11,16,12",https://docs.google.com/document/d/13iKYSaTOeinkwXm4fvuhfPOGuJmyucBS/edit?usp=drive_link&ouid=111632857619699904887&rtpof=true&sd=true,,,,,,,,,,,,,,,,,,
77,2021106723,Granted,"Zodpe, Harshali; Sapkal, Ashok",A METHOD FOR FPGA IMPLEMENTATION OF AES ALGORITHM WITH ENHANCED SECURITY FEATURES,"Dr. Vishwanath Karad MIT World Peace University; Zodpe, Harshali Dr.",8/24/2021,2/2/2022,2021106723,"Dr.Vishwanath Karad MIT WORLD PEACE UNIVERSITY, PUNE",https://drive.google.com/file/d/1VJFtEnD6SpvbN5a-wrkmC4s3vK6v4UDQ/view?usp=sharing,https://pericles.ipaustralia.gov.au/ols/auspat/quickSearch.do,Electrical and Electronics Engineering,Australia,"9,16,12,8,4",https://docs.google.com/document/d/1PwXFzZdWaxLZtfxDwM268zTwtdpi-8er/edit?usp=drive_link&ouid=111632857619699904887&rtpof=true&sd=true,,,,,,,,,,,,,,,,,,
78,2021104403,Granted,"Jadhav Nathrao, Chaudhari Bharat",Optimized Five Port Non-blocking Optical Router for Two Dimensional Multicore Processors,Dr. Vishwanath Karad MIT World Peace University,7/21/2021,5/11/2022,2021104403,"Dr.Vishwanath Karad MIT WORLD PEACE UNIVERSITY, PUNE",https://drive.google.com/file/d/14p5NlErVkidyPWc7m22tIDFq_-AbMPad/view?usp=sharing,https://pericles.ipaustralia.gov.au/ols/auspat/quickSearch.do,Electrical and Electronics Engineering,Australia,"9,7,12,11,13,8",https://docs.google.com/document/d/16T9oKuCJXcLl42zwZHzJ8Me_iMXFQaYW/edit?usp=drive_link&ouid=111632857619699904887&rtpof=true&sd=true,,,,,,,,,,,,,,,,,,
79,2021104401,Granted,"Basavraj S. Kothavale, Shaunak Kolhe, Ashna Khose",Fibre Layup Apparatus for Obtaining Precise Ply-angles,"Dr. Vishwanath Karad MIT World Peace University, Pune",7/21/2021,5/11/2022,2021104401,"Dr.Vishwanath Karad MIT WORLD PEACE UNIVERSITY, PUNE",https://drive.google.com/file/d/1LCnhUIR7RUBHPWX9JPcT7sJsqUPqWdOk/view?usp=sharing,https://pericles.ipaustralia.gov.au/ols/auspat/quickSearch.do,Mechanical Engineering,Australia,"9,7,12,11,13,8",https://docs.google.com/document/d/16T9oKuCJXcLl42zwZHzJ8Me_iMXFQaYW/edit?usp=drive_link&ouid=111632857619699904887&rtpof=true&sd=true,,,,,,,,,,,,,,,,,,
80,2021104447,Granted,"Tejas R. Bansal, Rushikesh H. Giri, Surbhi Razdan",A system for cleaning solar panels,"Dr. Vishwanath Karad MIT World Peace University, Pune, Tejas R. Bansal, Rushikesh H. Giri, Surbhi Razdan",7/22/2021,5/4/2022,2021104447,"Dr.Vishwanath Karad MIT WORLD PEACE UNIVERSITY, PUNE",https://drive.google.com/file/d/1soYsQe1SdKAfA4O39sByspUeJMfgEqeU/view?usp=sharing,https://pericles.ipaustralia.gov.au/ols/auspat/quickSearch.do,Mechanical Engineering,Australia,"7,9,12,13,8,11",https://docs.google.com/document/d/1cRSAXg6YOwLfcgyXqPsJKRFK22IdmWwt/edit?usp=drive_link&ouid=111632857619699904887&rtpof=true&sd=true,,,,,,,,,,,,,,,,,,
81,2021104411,Granted,"Mahesh V. Kulkarni, Ravindra B. Ingale",Double expansion chamber reactive muffler ,"Dr. Vishwanath Karad MIT World Peace University, Pune",7/21/2021,5/11/2022,2021104411,"Dr.Vishwanath Karad MIT WORLD PEACE UNIVERSITY, PUNE",https://drive.google.com/file/d/1150VpP8yuvQsy4tMOwfup_cq744APSN1/view?usp=sharing,https://pericles.ipaustralia.gov.au/ols/auspat/quickSearch.do,Mechanical Engineering,Australia,"9,12,13,3,11,8",https://docs.google.com/document/d/1Aao-Skw467xk-U8dcUdSiIRJBdk45awy/edit?usp=drive_link&ouid=111632857619699904887&rtpof=true&sd=true,,,,,,,,,,,,,,,,,,
82,2021103077,Granted,"Datta MegheInstitute of Medical Sciences(DU) of Sawangi (Meghe) Wardha Maharashtra, Sharad Pawar Dental College of Sawangi Maharashtra, Yeshwantrao ChavanCollege Of Engineering Nagpur, Meenakshi M. Tiwari, Vikrant V. Jadhav, Abhishek Thote, Ranjit Kamble, Pallavi Daigavane",A LOOP DEVICE FOR A PLURALITY OF TEETH,"Dr. Vishwanath Karad MIT World Peace University, Pune",6/3/2021,4/20/2022,2021103077,Dr. Abhishek M. Thote,https://drive.google.com/file/d/1yD9L-IIf9O7X9qA86RB9u12Al0A2aFZS/view?usp=sharing,https://pericles.ipaustralia.gov.au/ols/auspat/quickSearch.do,Mechanical Engineering,Australia,"3,9,10,12,4,11",https://docs.google.com/document/d/1G0mRqJ5X_VWVlSdgxm_maG2iKs0UUDyC/edit?usp=drive_link&ouid=111632857619699904887&rtpof=true&sd=true,,,,,,,,,,,,,,,,,,
83,2022/04697,Granted,Dr. Abhishek M. Thote,A nail rubbing exercise machine,"Dr. Vishwanath Karad MIT World Peace University, Pune, Dr. Abhishek M. Thote",4/28/2022,6/29/2022,2022/04697,"Dr.Vishwanath Karad MIT WORLD PEACE UNIVERSITY, PUNE",https://drive.google.com/drive/folders/1b4EzmNvwdJR_1-IAH7SS2wjWGdpKr94l?usp=sharing,https://iponline.cipc.co.za/Account/Login.aspx?pb=aVMvEDtYJoBv4STTqmvCTpb7MWDx2eY0ESHMO1dLY8+DkrV5ADDUPw==,Mechanical Engineering,South Africa,"3,9,10",https://docs.google.com/document/d/1XU5EPp0OUNnAfBlvqAhTrhDyAKUIn6Gd/edit?usp=drive_link&ouid=107653910869487429344&rtpof=true&sd=true,,,,,,,,,,,,,,,,,,
84,2022/04363,Granted,"Pankaj Nivrutti Dhatrak, Atul Uddhavrao Palange, Atharva Jadhav, Tejas Jain",Wheelchair with a Transfer Assist Function,"Dr. Vishwanath Karad MIT World Peace University, Pune, Pankaj Nivrutti Dhatrak, Atul Uddhavrao Palange, Atharva Jadhav, Tejas Jain",4/19/2022,6/29/2022,2022/04363,"Dr.Vishwanath Karad MIT WORLD PEACE UNIVERSITY, PUNE",https://drive.google.com/drive/folders/12muOTKP56i3Tfr1aBw0QipTTZGRPFB-7?usp=sharing,https://iponline.cipc.co.za/Account/Login.aspx?pb=aVMvEDtYJoBv4STTqmvCTpb7MWDx2eY0ESHMO1dLY8+DkrV5ADDUPw==,Mechanical Engineering,South Africa,"3,9,10,11,8,12",https://docs.google.com/document/d/1b2JNSKqhKrJOabS8xZEv8uhzemC-MtPz/edit?usp=drive_link&ouid=107653910869487429344&rtpof=true&sd=true,,,,,,,,,,,,,,,,,,
85,2022/05909,Granted,"Dr. Deepak Hujare, Paresh Patel, Dr. Girish Barpande",Inbuilt Two Tier Jack Assembly for Vehicle,"Dr. Vishwanath Karad MIT World Peace University, Pune, Dr. Deepak Hujare, Paresh Patel",5/27/2022,8/31/2022,2022/05909,"Dr.Vishwanath Karad MIT WORLD PEACE UNIVERSITY, PUNE",https://drive.google.com/drive/folders/13IY2e-jmHvdNyHoKF32lxp01qQS1GsGP?usp=sharing,https://iponline.cipc.co.za/Account/Login.aspx?pb=aVMvEDtYJoBv4STTqmvCTpb7MWDx2eY0ESHMO1dLY8+DkrV5ADDUPw==,Mechanical Engineering,South Africa,"7,8,9,11,12",https://docs.google.com/document/d/1DwtiUBQmqKlX5e1RwFGa5hlIXAIkiVzg/edit?usp=drive_link&ouid=107653910869487429344&rtpof=true&sd=true,,,,,,,,,,,,,,,,,,
86,2022/07457,Granted,"Mrs. Spruha Aniket Dhavale, Ujwal Sunilkumar Bhagat, Yash Alhad Bahade, Shreyas Ravindra Bathe, Aniruddha Sarjerao Kshirsagar",A secured under-seat storage lock for Mopeds,"Dr. Vishwanath Karad MIT World Peace University, Pune, Mrs. Spruha Aniket Dhavale, Ujwal Sunilkumar Bhagat, Yash Alhad Bahade, Shreyas Ravindra Bathe, Aniruddha Sarjerao Kshirsagar",7/6/2022,7/27/2022,2022/07457,"Dr.Vishwanath Karad MIT WORLD PEACE UNIVERSITY, PUNE",https://drive.google.com/drive/folders/1Jgd4arODXLX8K-KONb1BZLR8vLJ7itkP?usp=sharing,https://iponline.cipc.co.za/Account/Login.aspx?pb=aVMvEDtYJoBv4STTqmvCTpb7MWDx2eY0ESHMO1dLY8+DkrV5ADDUPw==,Mechanical Engineering,South Africa,"9,11,8,10,12,16",https://docs.google.com/document/d/1ixS9yZyJ_bGmkVzSraB0DIB--Ek_7jup/edit?usp=drive_link&ouid=107653910869487429344&rtpof=true&sd=true,,,,,,,,,,,,,,,,,,
87,2022/05271,Granted,"Chetan Patil, Ganesh Shrigandhi, Gautam Narwade, Manjushri Patil, Arun Mali, Vivek Naikwadi",Reliability indicator device for disk brake in modern vehicles,"Dr. Vishwanath Karad MIT World Peace University, Chetan Patil, Ganesh Shrigandhi, Gautam Narwade, Manjushri Patil, Arun Mali, Vivek Naikwadi",5/12/2022,9/28/2022,2022/05271,"Dr.Vishwanath Karad MIT WORLD PEACE UNIVERSITY, PUNE",https://drive.google.com/drive/folders/1X03ah8BHWyvOOgyrKqXuidPdy0LR4Ekp?usp=sharing,https://iponline.cipc.co.za/Account/Login.aspx?pb=aVMvEDtYJoBv4STTqmvCTpb7MWDx2eY0ESHMO1dLY8+DkrV5ADDUPw==,Mechanical Engineering,South Africa,"3,9,11,12,13,8",https://docs.google.com/document/d/1II_ArXu7vezdmZcNtonFiVnHMvnvYgmk/edit?usp=drive_link&ouid=107653910869487429344&rtpof=true&sd=true,,,,,,,,,,,,,,,,,,
88,2022/10772,Granted,"Swanand Pachpore, Ratnakar Ghorpade, Saibaba Nargund, Pradeep Nargund",Thermo-Mechanical Engineering load simulator for root canal obturation,"Dr. Vishwanath Karad MIT World Peace University, Swanand Pachpore, Saibaba Nargund",9/29/2022,12/21/2022,2022/10772,"Dr.Vishwanath Karad MIT WORLD PEACE UNIVERSITY, PUNE",https://drive.google.com/drive/folders/172ZvJ0-A7GKpPWBHaUuXhA_YNhAYZG10?usp=sharing,https://iponline.cipc.co.za/Account/Login.aspx?pb=aVMvEDtYJoBv4STTqmvCTpb7MWDx2eY0ESHMO1dLY8+DkrV5ADDUPw==,Mechanical Engineering,South Africa,"3,9,4,12,8,11",https://docs.google.com/document/d/1nJ1ILLWecgtvO_9IWOiEzGUw15O5YiJq/edit?usp=drive_link&ouid=107653910869487429344&rtpof=true&sd=true,,,,,,,,,,,,,,,,,,
89,2022/07838,Granted,"Nitinkumar Anekar, Kushal Khandelwal, Amit Nemade",Experimental test rig for measuring the transmissibility ratio of two-wheeler shock absorber,"Dr. Vishwanath Karad MIT World Peace University, Nitinkumar Anekar",7/14/2022,9/28/2022,2022/07838,"Dr.Vishwanath Karad MIT WORLD PEACE UNIVERSITY, PUNE",https://drive.google.com/drive/folders/1f-5J8exgA44brXgYkKXQbyTLOVDDygc7?usp=sharing,https://iponline.cipc.co.za/Account/Login.aspx?pb=aVMvEDtYJoBv4STTqmvCTpb7MWDx2eY0ESHMO1dLY8+DkrV5ADDUPw==,Mechanical Engineering,South Africa,"3,9,11,12,8,7",https://docs.google.com/document/d/139rORIjsD-XoMcJSx0ND3IgIONPmC2xf/edit?usp=drive_link&ouid=107653910869487429344&rtpof=true&sd=true,,,,,,,,,,,,,,,,,,
90,2022/07705,Granted,"Mangesh Saraf, Shrikant Yadav",An alarming device to detect body fever and weakness in real time,"Dr. Vishwanath Karad MIT World Peace University, Mangesh Saraf, Shrikant Yadav",7/12/2022,9/28/2022,2022/07705,"Dr.Vishwanath Karad MIT WORLD PEACE UNIVERSITY, PUNE",https://drive.google.com/drive/folders/1hn8WdOrxsonRZbRAGNpq3GWj5j4wAH0k?usp=sharing,https://iponline.cipc.co.za/Account/Login.aspx?pb=aVMvEDtYJoBv4STTqmvCTpb7MWDx2eY0ESHMO1dLY8+DkrV5ADDUPw==,Mechanical Engineering,South Africa,"3,9,10,11,12,8,17",https://docs.google.com/document/d/10PVOFPrVrA-4M7tctuA2eYRBQD8rtmGK/edit?usp=drive_link&ouid=107653910869487429344&rtpof=true&sd=true,,,,,,,,,,,,,,,,,,
91,2022/07701,Granted,Rajesh Patil,An autonomous tungsten inert gas welding device,"Dr. Vishwanath Karad MIT World Peace University, Rajesh Patil",7/12/2022,9/28/2022,2022/07701,"Dr.Vishwanath Karad MIT WORLD PEACE UNIVERSITY, PUNE",https://drive.google.com/drive/folders/1w-MbsgynvIEZvCnet2AfplwruoThL_pQ?usp=sharing,https://iponline.cipc.co.za/Account/Login.aspx?pb=aVMvEDtYJoBv4STTqmvCTpb7MWDx2eY0ESHMO1dLY8+DkrV5ADDUPw==,Mechanical Engineering,South Africa,"9,12,8,11,13,4",https://docs.google.com/document/d/1AylRckDPIfRSE4xrPEGMzRtlA4DdvHs-/edit?usp=drive_link&ouid=107653910869487429344&rtpof=true&sd=true,,,,,,,,,,,,,,,,,,
92,2022/04849,Granted,"Ankit Dilipkuma Oza, Rohit Sharma, Utsav D. Gadhia, Mohit Diwan, Ashish Kumar Shukla, Gaurav Kumar Pandey, Ramendra Singh Niranjan, Sabana Azim",IOT Based Self Sustainable Optimised Flushing Mechanism for Micromachining System,"Ankit Dilipkuma Oza, Rohit Sharma, Utsav D. Gadhia, Mohit Diwan, Ashish Kumar Shukla, Gaurav Kumar Pandey, Ramendra Singh Niranjan, Sabana Azim",5/3/2022,8/31/2022,2022/04849,"NIT Rourkela, Odisha",https://drive.google.com/file/d/1F5WOh_76Njm87k8zXGdKYUHrjqd18JXz/view?usp=sharing,https://iponline.cipc.co.za/Account/Login.aspx?pb=aVMvEDtYJoBv4STTqmvCTpb7MWDx2eY0ESHMO1dLY8+DkrV5ADDUPw==,Mechanical Engineering,South Africa,"9,12,7,8,4,11,13",https://docs.google.com/document/d/1iuvG_I6LjwSJBbEbgvvZ1jISkVFi94DN/edit?usp=drive_link&ouid=107653910869487429344&rtpof=true&sd=true,,,,,,,,,,,,,,,,,,
93,2022/08079,Granted,"Jayshree Ajit Aher, Rohit Katyal, Anita Mahesh Thengade",METHOD AND APPARATUS FOR SKIN LESION DETECTION AND TREATMENT ASSISTANCE USING JEEVAN EDGE,"Dr. Vishwanath Karad MIT World Peace University, Jayshree Ajit Aher, Rohit Katyal, Anita Mahesh Thengade",7/20/2022,9/28/2022,2022/08079,"Dr.Vishwanath Karad MIT WORLD PEACE UNIVERSITY, PUNE",https://drive.google.com/drive/folders/1_7-jfgIXDuwDCRgW8kwb-ReDqEF0fBRz?usp=sharing,https://iponline.cipc.co.za/Account/Login.aspx?pb=aVMvEDtYJoBv4STTqmvCTpb7MWDx2eY0ESHMO1dLY8+DkrV5ADDUPw==,Computer Engineering & Technology,South Africa,"3,9,10,8,7,4,11,13",https://docs.google.com/document/d/1tovYuRddkMt1xDA88u7X42BH8bxUxNtn/edit?usp=drive_link&ouid=107653910869487429344&rtpof=true&sd=true,,,,,,,,,,,,,,,,,,
94,2022/05907,Granted,"Dr.Sharmisha Desai, Puja Chavan, Balaji Patil",AI-ASSISTED SYSTEM FOR AUTO DIAGNOSIS AND DETECTION OF EPILEPTIC SEIZURE TO AVOID FUTURE RECURRENCE,"Dr. Vishwanath Karad MIT World Peace University, Sharmishta Desai, Puja Chavan",5/27/2022,8/31/2022,2022/05907,"Dr.Vishwanath Karad MIT WORLD PEACE UNIVERSITY, PUNE",https://drive.google.com/drive/folders/1ENqsAacgKO5_xMDbakX6R0PgPqmOKWRn?usp=sharing,https://iponline.cipc.co.za/Account/Login.aspx?pb=aVMvEDtYJoBv4STTqmvCTpb7MWDx2eY0ESHMO1dLY8+DkrV5ADDUPw==,Computer Engineering & Technology,South Africa,"3,9,10,8,4,11,13,17",https://docs.google.com/document/d/1J2TlpKo_UdDzwt1UUA_Pa7tXvrWXsq-M/edit?usp=drive_link&ouid=107653910869487429344&rtpof=true&sd=true,,,,,,,,,,,,,,,,,,
95,2022/05908,Granted,"Balaji Patil, Himage Pande, Amruta Amune",Internet of things based multiparameter measuring and data processing system,"Dr. Vishwanath Karad MIT World Peace University, Vinayak Musale",5/27/2022,8/31/2022,2022/05908,"Dr.Vishwanath Karad MIT WORLD PEACE UNIVERSITY, PUNE",https://drive.google.com/drive/folders/15Gyr9jxmJ5sxpdW0PEQaZzuMq7wJ7zvz?usp=sharing,https://iponline.cipc.co.za/Account/Login.aspx?pb=aVMvEDtYJoBv4STTqmvCTpb7MWDx2eY0ESHMO1dLY8+DkrV5ADDUPw==,Computer Engineering & Technology,South Africa,"3,9,10,8,4,11,7,13,12,17",https://docs.google.com/document/d/16Tv379LHYIW-2CmO6hn3nFpzohDju18b/edit?usp=drive_link&ouid=107653910869487429344&rtpof=true&sd=true,,,,,,,,,,,,,,,,,,
96,2022/06519,Granted,"Rajendra Pawar, Bharati Dixit, Pranit Jadhav, Aaryan Ikhar, Krutika Jadhav",An unmanned aerial vehicle for high-end precision agriculture using autopilot technology,"Dr. Vishwanath Karad MIT World Peace University, Rajendra Pawar, Bharati Dixit",6/13/2022,8/31/2022,2022/06519,"Dr.Vishwanath Karad MIT WORLD PEACE UNIVERSITY, PUNE",https://drive.google.com/drive/folders/14LXPwbrALTHj6U5LqOF4VxNE-jqHXbpQ?usp=drive_link,https://iponline.cipc.co.za/Account/Login.aspx?pb=aVMvEDtYJoBv4STTqmvCTpb7MWDx2eY0ESHMO1dLY8+DkrV5ADDUPw==,Computer Engineering & Technology,South Africa,"2,3,9,12,13,15,8,4,17",https://docs.google.com/document/d/1tkTIFf6bPc2AlHlQ_ynikjq7wn2dSw1a/edit?usp=drive_link&ouid=107653910869487429344&rtpof=true&sd=true,,,,,,,,,,,,,,,,,,
97,2022/06517,Granted,Sushila Palwe,A flying pothole surveillance system,"Dr. Vishwanath Karad MIT World Peace University, Dr Sushila Palwe",6/13/2022,8/31/2022,2022/06517,"Dr.Vishwanath Karad MIT WORLD PEACE UNIVERSITY, PUNE",https://drive.google.com/drive/folders/1B243npGXRiN5Ph4LuQ4yusvM5vNEHRRI?usp=sharing,https://iponline.cipc.co.za/Account/Login.aspx?pb=aVMvEDtYJoBv4STTqmvCTpb7MWDx2eY0ESHMO1dLY8+DkrV5ADDUPw==,Computer Engineering & Technology,South Africa,"3,9,11,8,12,13,17",https://docs.google.com/document/d/1Q7jGF7fdCZzTUv2rpRrYQzHr_WbGE0WC/edit?usp=drive_link&ouid=107653910869487429344&rtpof=true&sd=true,,,,,,,,,,,,,,,,,,
98,2022/08313,Granted,"Milind Pande, Mangesh Bedekar, Varad Vishwarupe, Saniya Zahoor",System and method for generating and displaying personalized television content,"Dr. Vishwanath Karad MIT World Peace University, Milind Pande, Mangesh Bedekar, Varad Vishwarupe, Saniya Zahoor",7/26/2022,8/31/2022,2022/08313,"Dr.Vishwanath Karad MIT WORLD PEACE UNIVERSITY, PUNE",https://drive.google.com/file/d/1PEiRifgYmqPX81_j3FSfRPpdOw6Ofp0D/view?usp=sharing,https://iponline.cipc.co.za/Account/Login.aspx?pb=aVMvEDtYJoBv4STTqmvCTpb7MWDx2eY0ESHMO1dLY8+DkrV5ADDUPw==,Computer Engineering & Technology,South Africa,"9,11,12,8,10,4,16",https://docs.google.com/document/d/1aKVN4hndT4v_tf5yVQ4UUAtkbPbKbG_9/edit?usp=drive_link&ouid=107653910869487429344&rtpof=true&sd=true,,,,,,,,,,,,,,,,,,
99,2022/06518,Granted,"Aditi Jahagirdar, Rashmi Phalnikar",An integrated system for prediction of future injuries by detection of improper sitting and extended screen time,"Dr. Vishwanath Karad MIT World Peace University, Aditi Jahagirdar, Rashmi Phalnikar",6/13/2022,9/28/2022,2022/06518,"Dr.Vishwanath Karad MIT WORLD PEACE UNIVERSITY, PUNE",https://drive.google.com/drive/folders/1KiGME-6eBObUuK1EzwKnaAaBRb5mKgHD?usp=sharing,https://iponline.cipc.co.za/Account/Login.aspx?pb=aVMvEDtYJoBv4STTqmvCTpb7MWDx2eY0ESHMO1dLY8+DkrV5ADDUPw==,Computer Engineering & Technology,South Africa,"3,8,9,11,10,12",https://docs.google.com/document/d/1ci2cAR0GN99B-5xESN6mrMPA5vJljtLi/edit?usp=drive_link&ouid=107653910869487429344&rtpof=true&sd=true,,,,,,,,,,,,,,,,,,
100,2022/07401,Granted,"DUNBRAY Nachiket, KATADE Jayesh, NIMJE Sparsh, MAVALE Shreyas, MANTRI Shamla, Pande Himang",An IOT based incentivised smart tech bin,"Dr. Vishwanath Karad MIT World Peace University, DUNBRAY Nachiket, KATADE Jayesh, NIMJE Sparsh, MAVALE Shreyas, MANTRI, Shamla, Pande Himang",7/5/2022,9/28/2022,2022/07401,"Dr.Vishwanath Karad MIT WORLD PEACE UNIVERSITY, PUNE",https://drive.google.com/drive/folders/1SzswL7upBttMDN1ubvgvdJ1AIymWKR0Q?usp=sharing,https://iponline.cipc.co.za/Account/Login.aspx?pb=aVMvEDtYJoBv4STTqmvCTpb7MWDx2eY0ESHMO1dLY8+DkrV5ADDUPw==,Computer Engineering & Technology,South Africa,"3,6,9,11,12,13,15,17",https://docs.google.com/document/d/1lc6M0WyGeb_15eCuk2Lpbhqc45z4_uLF/edit?usp=drive_link&ouid=107653910869487429344&rtpof=true&sd=true,,,,,,,,,,,,,,,,,,
101,2022/08302,Granted,"Milind Pande, Mangesh Bedekar, Varad Vishwarupe",System and method to detect twitter spam using an intelligent hybrid classifier approach,"Dr. Vishwanath Karad MIT World Peace University, Milind Pande, Mangesh Bedekar, Varad Vishwarupe",7/26/2022,9/28/2022,2022/08302,"Dr.Vishwanath Karad MIT WORLD PEACE UNIVERSITY, PUNE",https://drive.google.com/file/d/1xgiDK7TvsKwi93PpzsbRtbaWmngGdYy8/view?usp=sharing,https://iponline.cipc.co.za/Account/Login.aspx?pb=aVMvEDtYJoBv4STTqmvCTpb7MWDx2eY0ESHMO1dLY8+DkrV5ADDUPw==,Computer Engineering & Technology,South Africa,"16,9,11,12,3,8,17",https://docs.google.com/document/d/11HCe83FZrMi4QAN65jg9HLgSRqXdNnWh/edit?usp=drive_link&ouid=107653910869487429344&rtpof=true&sd=true,,,,,,,,,,,,,,,,,,
102,2022/05835,Granted," Jyoti Mante, Kishor Kolhe",A system for distributed denial of service attack detection and mitigation using fog nodes in IOT environment,"Dr. Vishwanath Karad MIT World Peace University, Jyoti Mante",5/26/2022,8/31/2022,2022/05835,"Dr.Vishwanath Karad MIT WORLD PEACE UNIVERSITY, PUNE",https://drive.google.com/drive/folders/136LNRIaZzDNOOphXxZ2L8mdcX_KvXgZV?usp=sharing,https://iponline.cipc.co.za/Account/Login.aspx?pb=aVMvEDtYJoBv4STTqmvCTpb7MWDx2eY0ESHMO1dLY8+DkrV5ADDUPw==,Computer Engineering & Technology,South Africa,"9,11,12,13,16,17",https://docs.google.com/document/d/1IjmbNRBiEBMejsr4s59AKgY062Dm27DI/edit?usp=drive_link&ouid=107653910869487429344&rtpof=true&sd=true,,,,,,,,,,,,,,,,,,
103,2022/04696,Granted,"Anuja Askhedkar, Parul Jadhav",low power and low area mash 2-2 modulator for portable music players,"Dr. Vishwanath Karad MIT World Peace University, Anuja Askhedkar",4/28/2022,6/29/2022,2022/04696,"Dr.Vishwanath Karad MIT WORLD PEACE UNIVERSITY, PUNE",https://drive.google.com/drive/folders/15ybPyr4ndOuwi9FdImsW3Tgh2iPKpqz_?usp=sharing,https://iponline.cipc.co.za/Account/Login.aspx?pb=aVMvEDtYJoBv4STTqmvCTpb7MWDx2eY0ESHMO1dLY8+DkrV5ADDUPw==,Electrical and Electronics Engineering,South Africa,"9,12,13,11",https://docs.google.com/document/d/1crhSGP-wNhcWMirS4R3_X1_SIooDoaQB/edit?usp=drive_link&ouid=107653910869487429344&rtpof=true&sd=true,,,,,,,,,,,,,,,,,,
104,2022/05267,Granted,"Manisha Kumavat, Kishanprasad Gunale, Shrivastava Jay, Bhoge Satyan, Kapil Tanmay, Chetan Vyas, Aayushi Lilha",Multipurpose drone integrated with self-driven action taking robot,"Dr. Vishwanath Karad MIT World Peace University, Manisha Kumavat, Kishanprasad Gunale, Shrivastava Jay, Bhoge Satyan, Kapil TAnmay, Chetan Vyas, Aayushi Lilha",5/12/2022,8/31/2022,2022/05267,"Dr.Vishwanath Karad MIT WORLD PEACE UNIVERSITY, PUNE",https://drive.google.com/drive/folders/1-81-heFUZ-A5wQ1W9bDMKAA8h9KSNm1N?usp=sharing,https://iponline.cipc.co.za/Account/Login.aspx?pb=aVMvEDtYJoBv4STTqmvCTpb7MWDx2eY0ESHMO1dLY8+DkrV5ADDUPw==,Electrical and Electronics Engineering,South Africa,"9,11,12,13,17",https://docs.google.com/document/d/1fXytFTOF74Ve9ITRMMw6h_cObi1e5vG_/edit?usp=drive_link&ouid=107653910869487429344&rtpof=true&sd=true,,,,,,,,,,,,,,,,,,
105,2022/10820,Granted,"Vibha Patel, Krishna Warhade",A novel convolutional neural network based carrier frequency offset estimator for MIMO OFDM in 5G,"Dr. Vishwanath Karad MIT World Peace University, Vibha Patel, Krishna Warhade",9/30/2022,11/30/2022,2022/10820,"Dr.Vishwanath Karad MIT WORLD PEACE UNIVERSITY, PUNE",https://drive.google.com/drive/folders/1j9SJNR9RmRTIe7i4SnAU820qJi7pcnTV?usp=sharing,https://iponline.cipc.co.za/Account/Login.aspx?pb=aVMvEDtYJoBv4STTqmvCTpb7MWDx2eY0ESHMO1dLY8+DkrV5ADDUPw==,Electrical and Electronics Engineering,South Africa,"9,11,12,13,17",https://docs.google.com/document/d/1XzD8jShYfcRApr1jZgsg3f35taZu9nF3/edit?usp=drive_link&ouid=107653910869487429344&rtpof=true&sd=true,,,,,,,,,,,,,,,,,,
106,2022/08511,Granted,"Pathak Nutan J., Bokil Shantini A",GRIPS FOR TENSION TEST ON GLOSSY FRP REBARS,"Dr. Vishwanath Karad MIT World Peace University, Pathak Nutan J., Bokil Shantini A",7/29/2022,10/26/2022,2022/08511,"Dr.Vishwanath Karad MIT WORLD PEACE UNIVERSITY, PUNE",https://drive.google.com/drive/folders/1KNcOSRpvCy4VmGd_ZNYtETdXUlP9_tDv?usp=sharing,https://iponline.cipc.co.za/Account/Login.aspx?pb=aVMvEDtYJoBv4STTqmvCTpb7MWDx2eY0ESHMO1dLY8+DkrV5ADDUPw==,Civil Engineering,South Africa,"9,11,12,13,4,17",https://docs.google.com/document/d/1HFQn9TfVJaLEEjWcjO0l-MzRz1tddrqH/edit?usp=drive_link&ouid=107653910869487429344&rtpof=true&sd=true,,,,,,,,,,,,,,,,,,
107,2022/05377,Granted,"Mangesh Mahajan, Naresh Chaudhari, Kaushik Najare, Arya Paradkar, Kundan Pednekar, Atharva Kher",A Laptop Stand,"Dr. Vishwanath Karad MIT World Peace University, Mangesh Mahajan, Naresh Chaudhari, Kaushik Najare, Arya Paradkar, Kundan Pednekar, Atharva Kher",5/16/2022,12/21/2022,2022/05377,"Dr.Vishwanath Karad MIT WORLD PEACE UNIVERSITY, PUNE",https://drive.google.com/drive/folders/1ldMTTjiHK4pwIQfpetTyZ2SkzWBkEuIf?usp=sharing,https://iponline.cipc.co.za/Account/Login.aspx?pb=aVMvEDtYJoBv4STTqmvCTpb7MWDx2eY0ESHMO1dLY8+DkrV5ADDUPw==,Polytechnic,South Africa,"3,9,8,12,11,4",https://docs.google.com/document/d/17yPHLOSovjyXVbHdzZ9YybINgB3P_MiR/edit?usp=drive_link&ouid=107653910869487429344&rtpof=true&sd=true,,,,,,,,,,,,,,,,,,
108,2022/04701,Granted,Sagar Sonawane,A Warm Wall for houses,"Dr. Vishwanath Karad MIT World Peace University, Sagar Sonawane",4/28/2022,6/29/2022,2022/04701,"Dr.Vishwanath Karad MIT WORLD PEACE UNIVERSITY, PUNE",https://drive.google.com/drive/folders/1nXs14WQKDch0donr9mQZpTEuuW1iqVWT?usp=sharing,https://iponline.cipc.co.za/Account/Login.aspx?pb=aVMvEDtYJoBv4STTqmvCTpb7MWDx2eY0ESHMO1dLY8+DkrV5ADDUPw==,Polytechnic,South Africa,"7,11,9,13,1,12,3",https://docs.google.com/document/d/1u59NLg8k2GWDqsTX36WmN7mYIfqlXtea/edit?usp=drive_link&ouid=107653910869487429344&rtpof=true&sd=true,,,,,,,,,,,,,,,,,,
109,2022/04364,Granted,"Raju Ingale, Sachin Shinde, Sunil Karad, Kashmiri Khamkarm, Nitin shinde, Ishwar Patil",LOW COST ULTRASONICALLY SYNTHESIZED ZNO DOPED FLY ASH COMPOSITE FOR ADSORPTION AND PHOTODEGRADATION OF ORGANIC CONTAMINANT FROM WATER,"Dr. Vishwanath Karad MIT World Peace University, Raju Ingale",4/19/2022,6/29/2022,2022/04364,"Dr.Vishwanath Karad MIT WORLD PEACE UNIVERSITY, PUNE",https://drive.google.com/drive/folders/1cBmxvrJiThnCYp_Ss-rYE2S8rhHi6FCD?usp=sharing,https://iponline.cipc.co.za/Account/Login.aspx?pb=aVMvEDtYJoBv4STTqmvCTpb7MWDx2eY0ESHMO1dLY8+DkrV5ADDUPw==,Polytechnic,South Africa,"6,12,9,14,13,3,15",https://docs.google.com/document/d/1N4Z_2Q10U-wliO_8zGZWWTIbm2UkNdm7/edit?usp=drive_link&ouid=107653910869487429344&rtpof=true&sd=true,,,,,,,,,,,,,,,,,,
110,2022/05268,Granted,Anuradha PHADKE; Jyoti A LELE,IOT BASED AUTOMATIC BIRD FEEDER,Dr. Vishwanath Karad MIT World Peace University; Anuradha PHADKE; Jyoti A LELE ,5/12/2022,8/31/2022,2022/05268,"Dr.Vishwanath Karad MIT WORLD PEACE UNIVERSITY, PUNE",https://drive.google.com/drive/folders/1ljN8Ejg-WG9N6O0HzpmonuDn_DWUAn1o?usp=sharing,https://iponline.cipc.co.za/Account/Login.aspx?pb=aVMvEDtYJoBv4STTqmvCTpb7MWDx2eY0ESHMO1dLY8+DkrV5ADDUPw==,Electrical and Electronics Engineering,South Africa,"15,13,7,9,12,4,17",https://docs.google.com/document/d/1wG00D8gJEvaakQughVWzvE4pn-xkbyQk/edit?usp=drive_link&ouid=107653910869487429344&rtpof=true&sd=true,,,,,,,,,,,,,,,,,,
111,2022/10609,Granted,"NAIK Varsha Swapnil; DHUMAL, Isha Hanumant; DHANDE, Archita Aakash; GOVINDU Aditi; CHAUDHARI Himanshu",SMART SCANNER FOR FOOD ADDITIVES,"Dr. Vishwanath Karad MIT World Peace University; NAIK Varsha Swapnil; DHUMAL, Isha Hanumant; DHANDE, Archita Aakash; GOVINDU Aditi; CHAUDHARI Himanshu",9/26/2022,12/21/2022,2022/10609,"Dr.Vishwanath Karad MIT WORLD PEACE UNIVERSITY, PUNE",https://drive.google.com/drive/folders/1TfLz1M3dCjpJ2PZC4QVgmI2LKy9cIz0Y?usp=sharing,https://iponline.cipc.co.za/Account/Login.aspx?pb=aVMvEDtYJoBv4STTqmvCTpb7MWDx2eY0ESHMO1dLY8+DkrV5ADDUPw==,Computer Engineering & Technology,South Africa,"3,12,9,10,2,17,4",https://docs.google.com/document/d/1K64r7SN2Jbb58n-e2yQndLOWrcccNh2u/edit?usp=drive_link&ouid=107653910869487429344&rtpof=true&sd=true,,,,,,,,,,,,,,,,,,
112,2022/05969,Granted,"MUNDHE, Pooja Venkatrao; KOLHE, Kishor Rambhau",A SYSTEM FOR EMOTION CLASSIFICATION FROM EEG SIGNALS USING DEEP LEARNING,Dr. Vishwanath Karad MIT World Peace University; MUNDHE Pooja Venkatrao; KOLHE Kishor Rambhau,5/30/2022,7/27/2022,2022/05969,"Dr.Vishwanath Karad MIT WORLD PEACE UNIVERSITY, PUNE",https://drive.google.com/drive/folders/1mWYG0c4ZyY6UWtm1wDjNNBM9WB6dN51u?usp=sharing,https://iponline.cipc.co.za/Account/Login.aspx?pb=aVMvEDtYJoBv4STTqmvCTpb7MWDx2eY0ESHMO1dLY8+DkrV5ADDUPw==,Computer Engineering & Technology,South Africa,"3,9,4,10,8,16,17",https://docs.google.com/document/d/14tXUY4XWAs_yI090EnIQGlidQNm7vF5n/edit?usp=drive_link&ouid=107653910869487429344&rtpof=true&sd=true,,,,,,,,,,,,,,,,,,
113,2022/10607,Granted,CHAWARE Trushita S.; HOSUR Abhishek; HUMBARE Rishabh Humbare; KULKARNI Chaitanya; RAWANDALE Shitalkumar A.; RAWANDALE Ujjwala S.; SINHA Vaidehi Sinha,FOOD GRAIN MONITORING AND SHELF-LIFE PREDICTION SYSTEM FOR THE FARMER BASED ON IOT,Dr. Vishwanath Karad MIT World Peace University; RAWANDALE Ujjwala,9/26/2022,12/21/2022,2022/10607,"Dr.Vishwanath Karad MIT WORLD PEACE UNIVERSITY, PUNE",https://drive.google.com/drive/folders/1Jf1C4UF-6evIAmP84Q39Js7dDoG6WC8T?usp=sharing,https://iponline.cipc.co.za/Account/Login.aspx?pb=aVMvEDtYJoBv4STTqmvCTpb7MWDx2eY0ESHMO1dLY8+DkrV5ADDUPw==,Electrical and Electronics Engineering,South Africa,"2,12,9,13,8,3,17",https://docs.google.com/document/d/1bEzmqYqbxmjq8l1vxDdM23IP7vMp0AFc/edit?usp=drive_link&ouid=107653910869487429344&rtpof=true&sd=true,,,,,,,,,,,,,,,,,,
114,2022/10608,Granted,SOMANI Sunil Brijalal; DHADDA Saloni; DUBEY Divyansh; KARAD Aditi; SYED Afraz,BRAINWAVE BASED HOME AUTOMATION SYSTEM WITH INTEGRATED ARTIFICIAL INTELLIGENCE,Dr. Vishwanath Karad MIT World Peace University; SOMANI Sunil Brijalal,9/26/2022,12/21/2022,2022/10608,"Dr.Vishwanath Karad MIT WORLD PEACE UNIVERSITY, PUNE",https://drive.google.com/drive/folders/1SsG0dEC8P1XWETC5gCChQv4825PyGD7p?usp=sharing,https://iponline.cipc.co.za/Account/Login.aspx?pb=aVMvEDtYJoBv4STTqmvCTpb7MWDx2eY0ESHMO1dLY8+DkrV5ADDUPw==,Electrical and Electronics Engineering,South Africa,"9,7,3,10,12,4,17",https://docs.google.com/document/d/101gl2zaW2i0H6BP-8fzvn2gwRC0x1d8d/edit?usp=drive_link&ouid=107653910869487429344&rtpof=true&sd=true,,,,,,,,,,,,,,,,,,
115,2022/10828,Granted,SINGH Muskan; PATADE Rushikesh; AGGARWAL Era; CHELLANI Jatin; KAMTIKAR Monish,AN INTELLIGENT WEARABLE BAND FOR HEALTH MONITORING AND TRACKING,Dr. Vishwanath Karad MIT World Peace University; PATIL Seema;  JAGTAP Vandana; BAVISKAR Dipali Prashant,9/30/2022,11/30/2022,2022/10828,"Dr.Vishwanath Karad MIT WORLD PEACE UNIVERSITY, PUNE",https://drive.google.com/drive/folders/1Mszmw9zKX9TfY4rU7YSmwbj6TBNyc8JN?usp=sharing,https://iponline.cipc.co.za/Account/Login.aspx?pb=aVMvEDtYJoBv4STTqmvCTpb7MWDx2eY0ESHMO1dLY8+DkrV5ADDUPw==,Computer Engineering & Technology,South Africa,"3,10,9,7,4,11,17,12,8",https://docs.google.com/document/d/1C04aPOBP3wYLMiGNKlsHEkvUVTyOYWSM/edit?usp=drive_link&ouid=107653910869487429344&rtpof=true&sd=true,,,,,,,,,,,,,,,,,,
116,2022/10666,Granted,DESHKAR Abhishek Jayesh; SONAWANI Shilpa; KULKARNI Siddhivinayak,SYSTEM TO EXTRACT MEDICINE NAME FROM MEDICINE STRIP,Dr. Vishwanath Karad MIT World Peace University; SONAWANI Shilpa,9/27/2022,12/21/2022,2022/10666,"Dr.Vishwanath Karad MIT WORLD PEACE UNIVERSITY, PUNE",https://drive.google.com/drive/folders/1hrGuR7U0LyZi71_dw_TQzIvoNZaiViqN?usp=sharing,https://iponline.cipc.co.za/Account/Login.aspx?pb=aVMvEDtYJoBv4STTqmvCTpb7MWDx2eY0ESHMO1dLY8+DkrV5ADDUPw==,Computer Engineering & Technology,South Africa,"3,9,10,4,8,12,17,1,11",https://docs.google.com/document/d/1OtXcNpW3o7HfnLY7BvYLaktHa1pQMhLf/edit?usp=drive_link&ouid=107653910869487429344&rtpof=true&sd=true,,,,,,,,,,,,,,,,,,
117,2022/05423,Granted,"LOKHAND Netra M., MESHRAM Pratik",A machine learning based system for person identification using card system based on dental x-ray images,"Dr. Vishwanath Karad MIT World Peace University, LOKHANDE Netra M.",5/17/2022,10/26/2022,2022/05423,"Dr.Vishwanath Karad MIT WORLD PEACE UNIVERSITY, PUNE",https://drive.google.com/drive/folders/1qPucClkDCmsNnbPyQ1KmHWUYXtHZrldp?usp=sharing,https://iponline.cipc.co.za/Account/Login.aspx?pb=aVMvEDtYJoBv4STTqmvCTpb7MWDx2eY0ESHMO1dLY8+DkrV5ADDUPw==,Electrical and Electronics Engineering,South Africa,"3,16,9,11,17,10,12,8",https://docs.google.com/document/d/13Ju1UqEEMCO1KIcVc9NVJyHz_IcOsVR5/edit?usp=drive_link&ouid=107653910869487429344&rtpof=true&sd=true,,,,,,,,,,,,,,,,,,
118,202021050707,Granted,"Swati Changdeo Jagdale, Anuruddha Rajaram Chabukswar, Suchita Prabhakar Dhamane,",Isoniazid loaded chitosan nanoparticles using vanillin as a crosslinker,"Swati Changdeo Jagdale, Anuruddha Rajaram Chabukswar, Suchita Prabhakar Dhamane,",11/21/2020,3/31/2022,394026,Dr. Vishwanath Karad MIT-World Peace University,https://drive.google.com/file/d/1-aCgtq8x11ZxJahSm29EfgIjc2sjk35C/view?usp=sharing,https://iprsearch.ipindia.gov.in/publicsearch,School of Pharmacy,India,,,,,,,,,,,,,,,,,,,,
119,2022/10771,Granted,"Ganesh Jadhav, Riya Mali",BICYCLE ATTACHMENT FOR ASSISTING STUDENTS IN CARRYING HEAVY SCHOOL BAGS WHILE CYCLING,"Dr. Vishwanath Karad MIT World Peace University, Ganesh Jadhav, Riya Mali",9/29/2022,12/21/2022,2022/10771,"Dr.Vishwanath Karad MIT WORLD PEACE UNIVERSITY, PUNE",https://drive.google.com/file/d/1ImIuRE_Npc9s3IpfRNWg6J9naLalRiFI/view?usp=sharing,https://iponline.cipc.co.za/Account/Login.aspx?pb=aVMvEDtYJoBv4STTqmvCTpb7MWDx2eY0ESHMO1dLY8+DkrV5ADDUPw==,Design,South Africa,,,,,,,,,,,,,,,,,,,,
120,2022/08360,Granted,Shilpa Samir Chapadgaonkar,A process for integrated production and purification of xylanase,"Dr. Vishwanath Karad MIT World Peace University, Shilpa Samir Chapadgaonkar",7/27/2022,10/26/2022,2022/08360,"Dr.Vishwanath Karad MIT WORLD PEACE UNIVERSITY, PUNE",https://drive.google.com/file/d/1wIUSpyrx5lKteu8Uvtu8rscbhd22LOPI/view?usp=sharing,https://iponline.cipc.co.za/Account/Login.aspx?pb=aVMvEDtYJoBv4STTqmvCTpb7MWDx2eY0ESHMO1dLY8+DkrV5ADDUPw==,Department of Biosciences & Technology,South Africa,,,,,,,,,,,,,,,,,,,,
121,2022/08833,Granted,KUTTY Nithya N.; PATIL Rajeshree Narendra; LONDHE Rutuja,Method of extraction using sugar-organic acid based eutectic solvents for extraction of carotenoids from marigold flowers,"Dr. Vishwanath Karad MIT World Peace University, Nithya N. Kutty",8/8/2022,10/26/2022,2022/08833,"Dr.Vishwanath Karad MIT WORLD PEACE UNIVERSITY, PUNE",https://drive.google.com/file/d/1DbX9zu9IVzjHrNo59lV8YNbJuUa8yOT0/view?usp=sharing,https://iponline.cipc.co.za/Account/Login.aspx?pb=aVMvEDtYJoBv4STTqmvCTpb7MWDx2eY0ESHMO1dLY8+DkrV5ADDUPw==,Department of Biosciences & Technology,South Africa,,,,,,,,,,,,,,,,,,,,
122,2022/08359,Granted,"Chandrashekhar Bobade, Shreeram Joglekar, Anish Rane, Nishant Apte",A Medicine Storage Box,"Dr. Vishwanath Karad MIT World Peace University, Chandrashekhar Bobade, Shreeram Joglekar, Anish Rane, Nishant Apte",7/27/2022,9/28/2022,2022/08359,"Dr.Vishwanath Karad MIT WORLD PEACE UNIVERSITY, PUNE",https://drive.google.com/file/d/13DYOcfIlhCNicRXWk_Okw8cbdMjdR7ud/view?usp=sharing,https://iponline.cipc.co.za/Account/Login.aspx?pb=aVMvEDtYJoBv4STTqmvCTpb7MWDx2eY0ESHMO1dLY8+DkrV5ADDUPw==,Department of Biosciences & Technology,South Africa,,,,,,,,,,,,,,,,,,,,
123,2022/08361,Granted,"Shreeram Joglekar, Anup Kale",A Novel method of piperine isolation,"Dr. Vishwanath Karad MIT World Peace University, Shreeram Joglekar, Anup Kale",7/27/2022,10/26/2022,2022/08361,"Dr.Vishwanath Karad MIT WORLD PEACE UNIVERSITY, PUNE",https://drive.google.com/file/d/135V94_-NJakIbujY6FAiJCF6N4rHOg3l/view?usp=sharing,https://iponline.cipc.co.za/Account/Login.aspx?pb=aVMvEDtYJoBv4STTqmvCTpb7MWDx2eY0ESHMO1dLY8+DkrV5ADDUPw==,Department of Biosciences & Technology,South Africa,,,,,,,,,,,,,,,,,,,,
124,202221028778,Published,"Anil Sahasrabudhe, Dr. Pravin Hujare, Dr. Deepak Hujare",Design and Development of Innovative multipurpose roaster machine,"Anil Sahasrabudhe, Dr. Pravin Hujare",5/19/2022,6/3/2022,22/2022,"Dr.Vishwanath Karad MIT WORLD PEACE UNIVERSITY, PUNE",https://drive.google.com/file/d/10Gt4A11Zxe7riEpwYMXoj4cY3_Tmk_cc/view?usp=sharing,https://iprsearch.ipindia.gov.in/PublicSearch/,Mechanical Engineering,India,"8,9,12,7,3,11,13",https://docs.google.com/document/d/1MzYpdRr-ptkDe2-BfOMokYztA9OS3MWo/edit?usp=drive_link&ouid=100055678884218092676&rtpof=true&sd=true,,,,,,,,,,,,,,,,,,
125,202221026117,Published,"Pradip Tamkhade, Pravin Hujare, Pratik Karkhanis, Deepak Hujare, Pooja Kohok, Govind Chavan, Adhikrao Patil, Ajay Chavan, Vivekanand Naikwadi",Design and Development of Car Seat Compel Mechanism ,"Pradip Tamkhade, Pravin Hujare, Prtik Karkhanis, Deepak Hujare, Pooja Kohok, Govind Chavan, Adhikrao Patil, Ajay Chavan, Vivekanand Naikwadi",5/5/2022,5/20/2022,20/2022,"Dr.Vishwanath Karad MIT WORLD PEACE UNIVERSITY, PUNE",https://drive.google.com/file/d/1gdWLD2f2I80G8CWeCgJPJ5Sdx36OWD-5/view?usp=sharing,https://iprsearch.ipindia.gov.in/PublicSearch/,Mechanical Engineering,India,"3,9,8,11,12,13",https://docs.google.com/document/d/1j706W-Rh0RIhgeHzR9ryDsz0ubXrabU6/edit?usp=drive_link&ouid=100055678884218092676&rtpof=true&sd=true,,,,,,,,,,,,,,,,,,
126,202121046941,Published,"Shrishal Sollapur, Pratik Waghmare, Pravin Hujare, Deepak Hujare, Vivekanand Naikwadi",Design and Development of Modified Steering Rack Assembly in modern vehicle for straight wheel alignment,"Shrishal Sollapur, Pratik Waghmare, Pravin Hujare, Deepak Hujare, Vivekanand Naikwadi",10/14/2021,3/11/2022,10/2022,"Dr.Vishwanath Karad MIT WORLD PEACE UNIVERSITY, PUNE",https://drive.google.com/file/d/1wLiLafbCpq2o_DojQgL2WMebL8TzFdAW/view?usp=sharing,https://iprsearch.ipindia.gov.in/PublicSearch/,Mechanical Engineering,India,"9,11,12",https://docs.google.com/document/d/1WDIy1coiLC_pD4VIAjkZ3ngAtBZDDT-x/edit?usp=drive_link&ouid=100055678884218092676&rtpof=true&sd=true,,,,,,,,,,,,,,,,,,
127,202121053913,Published,"Amit Nemade, Shubham Khopade, Nihal Gholap, Yash Patil, Shailendra Shisode",Floating suspension assembly for saddle of a bicycle,"Amit Nemade, Shubham Khopade, Nihal Gholap, Yash Patil, Shailendra Shisode",11/23/2021,6/3/2022,22/2022,"Dr.Vishwanath Karad MIT WORLD PEACE UNIVERSITY, PUNE",https://drive.google.com/file/d/1wMdyId1wykgvK-lxq03VGosFIym5N3u0/view?usp=sharing,https://iprsearch.ipindia.gov.in/PublicSearch/,Mechanical Engineering,India,"11,9,12,3,7,13",https://docs.google.com/document/d/1n501ia3VciOjpbluDi7Mtr4i4r9S8RjT/edit?usp=drive_link&ouid=100055678884218092676&rtpof=true&sd=true,,,,,,,,,,,,,,,,,,
128,202221029677,Published,"Yash Keskar, Sudhanshu Manerikar, Sourabh Damkale, Shubhanga Kulkarni, Pratyaksha Pandey, Prerana Kolipaka, Prakash B. Joshi, Ganesh M. Kakandikar, Shrikant K. Yadav, Omkar K. Kulkarni",Autonomous Four-Wheeler Electric Vehicle,"Dr. Vishwanath Karad MIT World Peace University, Yash Keskar, Sudhanshu Manerikar, Sourabh Damkale, Shubhanga Kulkarni, Pratyaksha Pandey, Prerana Kolipaka, Prakash B. Joshi, Ganesh M. Kakandikar, Shrikant K. Yadav, Omkar K. Kulkarni",5/24/2022,6/10/2022,23/2022,"Dr.Vishwanath Karad MIT WORLD PEACE UNIVERSITY, PUNE",https://drive.google.com/file/d/1w_xrSsyXWkVeiBPyf5gjZyeUI2HWt1Xr/view?usp=sharing,https://iprsearch.ipindia.gov.in/PublicSearch/,Mechanical Engineering,India,"7,9,11,12,13,3,8",https://docs.google.com/document/d/15PavqqdVp1_JWqx2DipC85a6b77hmFSn/edit?usp=drive_link&ouid=100055678884218092676&rtpof=true&sd=true,,,,,,,,,,,,,,,,,,
129,202221033987,Published,"Amit Jomde, Chetan Patil, Gautam Narwade, Ganesh Shrigandhi, Prashant Patane",Reliability indicating apparatus for automobiles,"Dr. Vishwanth Karad MIT World Peace University, Amit Jomde, Chetan Patil, Gautam Narwade, Ganesh Shrigandhi, Prashant Patane",6/14/2022,7/8/2022,27/2022,"Dr.Vishwanath Karad MIT WORLD PEACE UNIVERSITY, PUNE",https://drive.google.com/file/d/1HKyHPZV1zBf9_d1_ziD1wdWHFTixD7qP/view?usp=sharing,https://iprsearch.ipindia.gov.in/PublicSearch/,Mechanical Engineering,India,"11,9,12,3,13,8",https://docs.google.com/document/d/18xHPfbmdMUFBeRODyX7u2npVOKqC3waq/edit?usp=drive_link&ouid=100055678884218092676&rtpof=true&sd=true,,,,,,,,,,,,,,,,,,
130,202121029238,Published,"Vaibhav Narendra Deshmukh, Subramaniam Radhakrishnan, Vaidehi Vaibhav Deshmukh",System for thermal management of battery of vehicle,Dr. Vishwanath Karad MIT World Peace University,6/29/2021,7/22/2022,29/2022,"Dr.Vishwanath Karad MIT WORLD PEACE UNIVERSITY, PUNE",https://drive.google.com/file/d/1Q87QENio8kLxSDL-D3CkHLUy-EFJhA-E/view?usp=sharing,https://iprsearch.ipindia.gov.in/PublicSearch/,Mechanical Engineering,India,"7,9,11,12,13",https://docs.google.com/document/d/188gFUB_eBMpDpZGb81CdmbbyifKL6Y1-/edit?usp=drive_link&ouid=100055678884218092676&rtpof=true&sd=true,,,,,,,,,,,,,,,,,,
131,202241037614,Published,"M. V. Ganeswara Rao, P. Satyanarayana Raju, Pappula Sampath Kumar, A.V.N.L. Sharma, S. Nanda Kumar, Tharkeshwar Appala, K. K. Resma",Cloud based hybrid grid tied solar vehicle super charging station,"M. V. Ganeswara Rao, P. Satyanarayana Raju, Pappula Sampath Kumar, A.V.N.L. Sharma. S. Nanda Kumar, Tharkeshwar Appala, K. K. Resma",6/30/2022,7/8/2022,27/2022,"Dr.Vishwanath Karad MIT WORLD PEACE UNIVERSITY, PUNE",https://drive.google.com/file/d/1gvN6-iwZPHqG6v27pB5pl5f8nFJrcM0I/view?usp=sharing,https://iprsearch.ipindia.gov.in/PublicSearch/,Mechanical Engineering,India,"7,9 11,12,13",https://docs.google.com/document/d/1YxM-gzgenOboFHJKPSyD2M8jC6dS8i_F/edit?usp=drive_link&ouid=100055678884218092676&rtpof=true&sd=true,,,,,,,,,,,,,,,,,,
132,202221018861,Published,"Nachiket Marne, Pranit Jadhav, Adhiraj Garg, Aakash Padval, Rajendra Pawar, Sachin Deshmukh",Design and Fabrication of a hexacopter using innovative T-links,"Nachiket Marne, Pranit Jadhav, Adhiraj Garg, Aakash Padval",3/30/2022,4/8/2022,14/2022,"Dr.Vishwanath Karad MIT WORLD PEACE UNIVERSITY, PUNE",https://drive.google.com/file/d/1x-UDrbzNcGog7XqtX8zYRLIygahH7BaF/view?usp=sharing,https://iprsearch.ipindia.gov.in/PublicSearch/,Mechanical Engineering,India,"9,11,13,8,12",https://docs.google.com/document/d/1jOi_oD_SzXabSkRJqEkjezt5Yju5hvqr/edit?usp=drive_link&ouid=100055678884218092676&rtpof=true&sd=true,,,,,,,,,,,,,,,,,,
133,202221025249,Published,"Rajendra Pawar, Kishor Kolhe, Athrva padkar, Shashikant Ghumbre, Ratnadeep Deshmukh, Chakor Pandkar, Adity Singh",A system and method for music recommendation,"Dr. Vishwanath Karad  IT World Peace University, Rajendra Pawar, Atharva Pandkar",4/29/2022,5/13/2022,19/2022,"Dr.Vishwanath Karad MIT WORLD PEACE UNIVERSITY, PUNE",https://drive.google.com/file/d/1bIfaFnCPq-NJnymgUe3uDCxj7ICYTqBP/view?usp=sharing,https://iprsearch.ipindia.gov.in/PublicSearch/,Computer Engineering & Technology,India,"9,8,1,4,17",https://docs.google.com/document/d/1SI2KopKjDTLD_2P2I_tWDcERLiAuFJUZ/edit?usp=drive_link&ouid=100055678884218092676&rtpof=true&sd=true,,,,,,,,,,,,,,,,,,
134,202241022513,Published,"Dr. S.Balamurugun, Vijaya Marakala, Ankur Biswas, S.Sujhatha, Prashant S. Lahane, Chamandeep Kaur, Venkata batchu, laika Satish, M. Meenakshi, Saptoshi Das",Intelligent wearable brain-Computer Engineering & Technology interface system to assist paralyzed people to perform human Computer Engineering & Technology interaction,"Dr. S.Balamurugun, Vijaya Marakala, Ankur Biswas, S.Sujhatha, Prashant S. Lahane, Chamandeep Kaur, Venkata batchu, laika Satish, M. Meenakshi, Saptoshi Das",4/15/2022,5/6/2022,18/2022,"Dr.Vishwanath Karad MIT WORLD PEACE UNIVERSITY, PUNE",https://drive.google.com/file/d/1VFG4Rw0J82Q-u86l7_8FgK7WPiFkMRA9/view?usp=sharing,https://iprsearch.ipindia.gov.in/PublicSearch/,Computer Engineering & Technology,India,"3,8,9,10,17",https://docs.google.com/document/d/1eJXDHRxoa7YJrtvyPlkZ0kGHSPYcgPVp/edit?usp=drive_link&ouid=100055678884218092676&rtpof=true&sd=true,,,,,,,,,,,,,,,,,,
135,202221035086,Published,"Madhuri Deepak Dharrao, Amolkumar N. Jadhav, Vitthal S. Gutte, Hanmant Dnyandeo Magar, Chudaman Devidasrao Sukte, Yogesh R Kulkarni, Shiv Havgirao Sutar
",SPAM AND NON-SPAM URL DETECTION USING MACHINE LEARNING APPROACH,"Madhuri Deepak Dharrao, Amolkumar N. Jadhav, Vitthal S. Gutte, Hanmant Dnyandeo Magar, Chudaman Devidasrao Sukte, Yogesh R Kulkarni, Shiv Havgirao Sutar
",6/19/2022,11/11/2022,45/2022,"Dr.Vishwanath Karad MIT WORLD PEACE UNIVERSITY, PUNE",https://drive.google.com/file/d/1niTt0JcBY9dfYnjTy88lezyHtjghihed/view?usp=sharing,https://iprsearch.ipindia.gov.in/PublicSearch/,Computer Engineering & Technology,India,"9,11,16,17",https://docs.google.com/document/d/1hVsyQASbKqDNaSVwB72XYaO4NKFtFK3S/edit?usp=drive_link&ouid=100055678884218092676&rtpof=true&sd=true,,,,,,,,,,,,,,,,,,
136,202221020581,Published,"Marut Asawa, Dipu Singh, Kshitij Bansal, Dr. Vinaya Gohokar",A system and method for monitoring windmill ,"Dr. Vishwanath Karad MIT World Peace University, Marut Asawa, Dipu Singh, Kshitij Bansal, Dr. Vinaya Gohokar",4/5/2022,4/22/2022,16/2022,"Dr.Vishwanath Karad MIT WORLD PEACE UNIVERSITY, PUNE",https://drive.google.com/file/d/1xF9KKfidjV-7vS6-fflE0VPghS-uvjVv/view?usp=sharing,https://iprsearch.ipindia.gov.in/PublicSearch/,Electrical and Electronics Engineering,India,"7,9,11,13,12",https://docs.google.com/document/d/1JxTOnCY2BUmyd624qLKFJNVI5RMNw1Ev/edit?usp=drive_link&ouid=100055678884218092676&rtpof=true&sd=true,,,,,,,,,,,,,,,,,,
137,202221032181,Published,"Mahesh Tatikonda, Sandeep sathe, Sudhir Patil, Ingle G S, Sudhanshu Pathak, Sachin Mane, Aradhana Chavan",Decorative concrete slab,"Mahesh Tatikonda, Sandeep sathe, Sudhir Patil, Ingle G S, Sudhanshu Pathak, Sachin Mane, Aradhana Chavan",6/6/2022,6/24/2022,25/2022,"Dr.Vishwanath Karad MIT WORLD PEACE UNIVERSITY, PUNE",https://drive.google.com/file/d/1M9ort_FWfKrLqHb8QHXRQlf1WB9vx9jp/view?usp=sharing,https://iprsearch.ipindia.gov.in/PublicSearch/,Civil Engineering,India,"9,11,12,13,15",https://docs.google.com/document/d/1p-XNsUlIHMdq2CJckckyDh0zPgNMoxtb/edit?usp=drive_link&ouid=100055678884218092676&rtpof=true&sd=true,,,,,,,,,,,,,,,,,,
138,202221023555,Published,"Dr. Nivedita Gogate, Dr. Deepti Marathe, Dr. Yogendra kanitkar, Dr. Amrut Joshi, Dr. Hemant Joshi",Plastic waste composite and method of making construction elements from plastic waste,"Dr. Vishwanath Karad MIT World Peace University, Dr. Nivedita Gogate, Dr. Deepti Marathe, Dr. Yogendra kanitkar, Dr. Amrut Joshi, Dr. Hemant Joshi, Prachetas Consultants and Contractors, LLP",4/21/2022,5/6/2022,18/2022,"Dr.Vishwanath Karad MIT WORLD PEACE UNIVERSITY, PUNE",https://drive.google.com/file/d/1jQgD1SyaQmaPhurrW4q6TDiB_7aWFZHk/view?usp=sharing,https://iprsearch.ipindia.gov.in/PublicSearch/,Civil Engineering,India,"9,11,12,13,14",https://docs.google.com/document/d/1VTJyidHXaanhtBFFY64uuchrA2V1f4V4/edit?usp=drive_link&ouid=100055678884218092676&rtpof=true&sd=true,,,,,,,,,,,,,,,,,,
139,202121051789,Published,"Anjali Purohit, Vijay Gohokar",System and method for distance relay protection of transmission line,"Dr. Vishwanath Karad MIT World Peace University, Anjali Purohit ",11/11/2021,2/18/2022,07/2022,"Dr.Vishwanath Karad MIT WORLD PEACE UNIVERSITY, PUNE",https://drive.google.com/file/d/1wKyfgD7eGrppB1cmKQRZoNDqQSpOUjly/view?usp=sharing,https://iprsearch.ipindia.gov.in/PublicSearch/,Electrical and Electronics Engineering,India,"7,9,11,13",https://docs.google.com/document/d/1hdG3pj3EK_yjgDGwI1cJaRN8pYB8Ymvb/edit?usp=drive_link&ouid=100055678884218092676&rtpof=true&sd=true,,,,,,,,,,,,,,,,,,
140,202221045342,Published,"Mrs. A.R.Sanap, Mrs. N.S.Dutte, Mrs. A.A.Bakare, Mrs. M.S.Joshi, Mrs.M.R. Kuveskar, Mrs.V.V. Pangave, Mrs. S.K.Pawar",An IOT Based System for Intelligent Winter Road Maintenance In Hilly Area,Dr. Vishwanath Karad MIT World Peace University,8/9/2022,8/19/2022,33/2022,"Dr.Vishwanath Karad MIT WORLD PEACE UNIVERSITY, PUNE",https://drive.google.com/file/d/1NjNTSb8bOlrQ-8Qjy1KI3SJOo2i7kSYE/view?usp=sharing,https://iprsearch.ipindia.gov.in/PublicSearch/,Polytechnic,India,"9,11,13,15",https://docs.google.com/document/d/1gozCCuGP6pee3dmwKg8CYXUsjs3nHsxv/edit?usp=drive_link&ouid=100055678884218092676&rtpof=true&sd=true,,,,,,,,,,,,,,,,,,
141,202221068833,Published,"Dr. Dilip Kumar Sharma, Dr. Gayatri VijayendraBachhav, Prof Jyoti Ganesh Mante (Khurpade), Prof Prerna Patil (Wankhede), Prof Megha Dhotay, Prof Shilpa Budhavale, Dr Sanjivani Hemant Kulkarni, Aadesh Ajit Shinde, Dr G Saravana Kumar, Prof. Vaishali Langote",THE SECURE CHANNEL ESTABLISHMENT ALGORITHM FOR THE ISOLATION OF MISDIRECTION ATTACK IN THE IOT,"Dr. Dilip Kumar Sharma, Dr. Gayatri VijayendraBachhav, Prof Jyoti Ganesh Mante (Khurpade), Prof Prerna Patil (Wankhede), Prof Megha Dhotay, Prof Shilpa Budhavale, Dr Sanjivani Hemant Kulkarni, Aadesh Ajit Shinde, Dr G Saravana Kumar, Prof. Vaishali Langote",11/29/2022,12/9/2022,49/2022,"Dr.Vishwanath Karad MIT WORLD PEACE UNIVERSITY, PUNE",https://drive.google.com/file/d/1vLgT1iGwbCGTSLJATkFdTvFVRpy8nlmU/view?usp=sharing,https://iprsearch.ipindia.gov.in/PublicSearch/,Polytechnic,India,"9,11,12,13,3",https://docs.google.com/document/d/1s71ECQEYpdkUNvf7HlAeDywp-ChPnhe1/edit?usp=drive_link&ouid=100055678884218092676&rtpof=true&sd=true,,,,,,,,,,,,,,,,,,
142,202221044249,Published,"Dr. Ravindra G Dabhade, Tushar Santosh Nikumbh, Dr. Ram Subbiah, Chikane Yogesh Ramdas, Dr. S. Ganesh Kumar, Dr. Sumit Bhattacharjee, Dr. Pasupuleti Subrahmanya Ranjit, Dr. Jarapala Murali Naik",ADDITIVE MANUFACTURINH THROUGH BINDER JETTING TECHNIQUE FOR BIOMEDICAL EQUIPMENT,"Dr. Ravindra G Dabhade, Tushar Santosh Nikumbh, Dr. Ram Subbiah, Chikane Yogesh Ramdas, Dr. S. Ganesh Kumar, Dr. Sumit Bhattacharjee, Dr. Pasupuleti Subrahmanya Ranjit, Dr. Jarapala Murali Naik",8/2/2022,8/19/2022,33/2022,"Dr.Vishwanath Karad MIT WORLD PEACE UNIVERSITY, PUNE",https://drive.google.com/file/d/1zoPUFHO-9KfxjVIecF9eYEhQJTConuRq/view?usp=sharing,https://iprsearch.ipindia.gov.in/PublicSearch/,Polytechnic,India,"3,9,12,13",https://docs.google.com/document/d/1HkjkGR6KCI1BiApdlDvONyBOrszZUKq7/edit?usp=drive_link&ouid=100055678884218092676&rtpof=true&sd=true,,,,,,,,,,,,,,,,,,
143,202231059943,Published,"Dr. Atowar Ul Islam, Banda Hari, Dr. Brijesh Kumar, Prof. Dhiresh S Shastri, Krishna Nand Mishra, Dr. C. Manivel, Mr. Sumanth Ratna. Kandavalli, Dr. Pradeep Johnson, S.Nishanth, Likitha Chowdary Botta, Mr. L. Karthick",INTERNET OF THINGS IN ADVANCED MANUFACTURING,"Dr. Atowar Ul Islam, Banda Hari, Dr. Brijesh Kumar, Prof. Dhiresh S Shastri, Krishna Nand Mishra, Dr. C. Manivel, Mr. Sumanth Ratna. Kandavalli, Dr. Pradeep Johnson, S.Nishanth, Likitha Chowdary Botta, Mr. L. Karthick",10/20/2022,11/4/2022,44/2022,"Dr.Vishwanath Karad MIT WORLD PEACE UNIVERSITY, PUNE",https://drive.google.com/file/d/1fXy4zmU1VhPz16XoFRnXIyC0nylPTOp0/view?usp=sharing,https://iprsearch.ipindia.gov.in/PublicSearch/,Polytechnic,India,"2,9,12,13",https://docs.google.com/document/d/1h4scv6y485QuVM0_NfiiaKJAws3g0RWI/edit?usp=drive_link&ouid=100055678884218092676&rtpof=true&sd=true,,,,,,,,,,,,,,,,,,
144,202221061783,Published,"Sulaxan Jadhav, Dr. Om Prakash Singh, Satyam Dubey, Rathina Kumar N, Abhishek Awasthi, Swaraj Satish Kadam, Ravikiran Kamath Billady, Dr. Brijesh Kumar, Nirban Laskar, Prof. Dhiresh S Shastri, Mr. L. Karthick",IOT EMPLOYMENT FOR MONITORING THE RISE OF THE TEMPERATURE OF MASS CONCRETE BLOCK,"Sulaxan Jadhav, Dr. Om Prakash Singh, Satyam Dubey, Rathina Kumar N, Abhishek Awasthi, Swaraj Satish Kadam, Ravikiran Kamath Billady, Dr. Brijesh Kumar, Nirban Laskar, Prof. Dhiresh S Shastri, Mr. L. Karthick",10/31/2022,11/11/2022,45/2022,"Dr.Vishwanath Karad MIT WORLD PEACE UNIVERSITY, PUNE",https://drive.google.com/file/d/1NMI_QX5JSV45sEAzc2bd36Mj3yrDyPux/view?usp=sharing,https://iprsearch.ipindia.gov.in/PublicSearch/,Polytechnic,India,"9,11,12,13",https://docs.google.com/document/d/1o8xOyVQ-SI_9BLKnckuZJ3m8M3i1NEBx/edit?usp=drive_link&ouid=100055678884218092676&rtpof=true&sd=true,,,,,,,,,,,,,,,,,,
145,202211063003,Published,"Dr. Birendra Kumar Chauhan, Dr Santosh Singh, Mr. Pankaj Kumar Singh, Ms. Jaspreet Kaur, Mr. Akash Sood, Mr. Vaibhav Shivhare, Dr. R. Anandhi, Prof. Mangesh R. Mahajan, Dr. M. Suresh, Prof. Narhar K Patil, Mr. L. Karthick",CRYSTAL DYNAMICS OF ZINC CHALCOGENIDES TO ANALYZE THE PHONON DISPERSIO CURVES AND HARMONIC ELASTIC PROPERTIES OF ZNS,"Dr. Birendra Kumar Chauhan, Dr Santosh Singh, Mr. Pankaj Kumar Singh, Ms. Jaspreet Kaur, Mr. Akash Sood, Mr. Vaibhav Shivhare, Dr. R. Anandhi, Prof. Mangesh R. Mahajan, Dr. M. Suresh, Prof. Narhar K Patil, Mr. L. Karthick",11/4/2022,11/18/2022,46/2022,"Dr.Vishwanath Karad MIT WORLD PEACE UNIVERSITY, PUNE",https://drive.google.com/file/d/1iRIBX7BIWrKy036c2xUmpRYkO5MpQslu/view?usp=sharing,https://iprsearch.ipindia.gov.in/PublicSearch/,Polytechnic,India,"7,9,12,13",https://docs.google.com/document/d/1S7UQr4lPfhp5uRMazOveL0s2R-j8p1p1/edit?usp=drive_link&ouid=100055678884218092676&rtpof=true&sd=true,,,,,,,,,,,,,,,,,,
146,202221001622,Published,Dr. K Gireesan,Spatial Decision Making System for Operationalisation of Constituency Management and Method thereof ,"Dr. Vishwanath Karad MIT World Peace University, Pune",1/12/2022,2/4/2022,05/2022,"Dr.Vishwanath Karad MIT WORLD PEACE UNIVERSITY, PUNE",https://drive.google.com/file/d/1qe0OXp9utkwlzYxCidExfNoyq4OhuJqe/view?usp=sharing,https://iprsearch.ipindia.gov.in/PublicSearch/,School of Government,India,,,,,,,,,,,,,,,,,,,,
147,202221044730,Published,"Dr. Sachin Balwantrao Deshmukh, Dr. Vivek M Diwan, Dr. Sonali Gadekar, Dr. Rahul Vaijainath Bavge, Dr. Vijaykumar Kaluvala, Dr.Manjushree Sardeshpande, Dr. Sushil Gadekar, Dr. Swati Srivastava, Dr.Rajesh.Santoshrao Bahurupi, Dr.Chandrahas Dixit",AI Based Smart Finance and Accounting Management Model,"Dr. Sachin Balwantrao Deshmukh, Dr. Vivek M Diwan, Dr. Sonali Gadekar, Dr. Rahul Vaijainath Bavge, Dr. Vijaykumar Kaluvala, Dr.Manjushree Sardeshpande, Dr. Sushil Gadekar, Dr. Swati Srivastava, Dr.Rajesh.Santoshrao Bahurupi, Dr.Chandrahas Dixit",8/5/2022,8/19/2022,33/2022,"Dr.Vishwanath Karad MIT WORLD PEACE UNIVERSITY, PUNE",https://drive.google.com/file/d/1twgh70oaDelkLq3kX6SbHrSxLccLIaxt/view?usp=sharing,https://iprsearch.ipindia.gov.in/PublicSearch/,School of Law,India,,,,,,,,,,,,,,,,,,,,
148,202121055860,Published ,"Manish Wani, Akshay Baheti, Isha Ostwal,Satish Polshettiwar, Amol Tagalpallewar, Anil Pawar",Alcohol Free Air Freshener Composition And Method Of Preparation Thereof,"Dr. Vishwanath Karad  IT World Peace University, Manish Wani",12/2/2021,1/7/2022,01/2022,Dr. Vishwanath Karad MIT-World Peace University,https://drive.google.com/file/d/1sknsz2PoUiFM28Ygk7ri72AF50m4TTj9/view?usp=sharing,https://iprsearch.ipindia.gov.in/PublicSearch/,School of Pharmacy,India,,,,,,,,,,,,,,,,,,,,
149,202021054864,Published ,"Rajesh Pawar, Swati Jagdale",Sustained release valsartan pharmaceutical composition,"Rajesh Pawar, Swati Jagdale",12/17/2020,6/24/2022,25/2022,Dr. Vishwanath Karad MIT-World Peace University,https://drive.google.com/file/d/1L9MILfi6SzJa3N__nQwnd56VOil8JsW7/view?usp=sharing,https://iprsearch.ipindia.gov.in/PublicSearch/,School of Pharmacy,India,,,,,,,,,,,,,,,,,,,,
150,202221063604,Published,"Ravindra Chintamani, Kishor Salunkhe, Sonali Chintamani, Rohini Pujari, Nilesh Patil, Amit Asati ",A Facile Biomeimetic Complementary Preparation for Breast Cancer,"Ravindra Chintamani, Kishor Salunkhe, Sonali Chintamani",11/8/2022,11/18/2022,46/2022,Dr. Vishwanath Karad MIT-World Peace University,https://drive.google.com/file/d/1KrQmtU-SJD1pLsNgsUQvWoSD_pmuGyUX/view?usp=sharing,https://iprsearch.ipindia.gov.in/PublicSearch/,School of Pharmacy,India,,,,,,,,,,,,,,,,,,,,
151,202121034689,Published,"Manish Wani, Devashree Jambhekar, Bhakti Jadhav, Viraj Chakraborty, Dnyanesh Limaye, Akshay Baheti, Satish Polshettiwar, Amol Tagalpallewar",Device for Application of Eyeliner,Manish Wani ,8/2/2021,5/27/2022,21/2022,Dr. Vishwanath Karad MIT-World Peace University,https://drive.google.com/file/d/1yceH26yswvvnuLjXc1bA9VCWOzeVQL1N/view?usp=sharing,https://iprsearch.ipindia.gov.in/PublicSearch/,School of Pharmacy,India,,,,,,,,,,,,,,,,,,,,
152,202221002680,Published,"Akshay Baheti, Sohit Baheti, Mansi Nimbalkar, Manish Wani, Amol Tagalpallewar, Satish Polshettiwar, Varun Pande, Ameya Joshi, Ranjeet Nimbalkar",Medical Device for Suppository Insertion,"School of Pharmacy, Dr. Vishwanath Karad MIT World Peace University",1/17/2022,9/2/2022,35/2022,Dr. Vishwanath Karad MIT-World Peace University,https://drive.google.com/file/d/1psWA3-MOFDgznr-MrYJGpNY5_cPIR4G9/view?usp=sharing,https://iprsearch.ipindia.gov.in/PublicSearch/,School of Pharmacy,India,,,,,,,,,,,,,,,,,,,,
153,202221039310,Published,"Prof. Dr. Ashish Mohture,Prof. Dr. Sushil Kumar Gupta, Prof. Amruta Dixit,  Prof. Dr. Sumita Joshi, Prof. Pradhnya Gaikwad,  Prof. Dr. Vishnu Maya Rai,  Prof. Dr. Radhika Mulay, Prof. Vaidehi Mirajkar,   Prof. Vaibhav JoshiProf. Dr. Pradip Padhye",A SYSTEM FOR PROVIDING DONATION AND AUCTION MODEL FOR LEAVE,"Prof. Dr. Sushil Kumar Gupta, Prof. Amruta Dixit,  Prof. Dr. Sumita Joshi, Prof. Pradhnya Gaikwad,  Prof. Dr. Vishnu Maya Rai,  Prof. Dr. Radhika Mulay, Prof. Vaidehi Mirajkar,   Prof. Vaibhav JoshiProf. Dr. Pradip Padhye",7/8/2022,7/29/2022,30/2022,"Prof. Dr. Sushil Kumar Gupta, Prof. Amruta Dixit,  Prof. Dr. Sumita Joshi, Prof. Pradhnya Gaikwad,  Prof. Dr. Vishnu Maya Rai,  Prof. Dr. Radhika Mulay, Prof. Vaidehi Mirajkar,   Prof. Vaibhav JoshiProf. Dr. Pradip Padhye",https://drive.google.com/file/d/1uAOR9WkzNFabQwJHXaParNes84YcMOhQ/view?usp=sharing,https://iprsearch.ipindia.gov.in/PublicSearch/,School of Business,India,,,,,,,,,,,,,,,,,,,,
154,202241023089,Published,"Dr K.Radha, Mrs R.Kalaivani, Dr. Amit Jain, Mr. Palanisamy AM, Dr Jayasundar S, Dr . Saurav Dash, Mr. Nitin Kumar Sahu, Dr. Anoop Kumar Sahu, Dr. Ashish Mohture, Dr. Sushil Kumar Gupta, Dr. V.Kannan",Automotive ERP System over Blockchain Technology,"Dr K.Radha, Mrs R.Kalaivani, Dr. Amit Jain, Mr. Palanisamy AM, Dr Jayasundar S, Dr . Saurav Dash, Mr. Nitin Kumar Sahu, Dr. Anoop Kumar Sahu, Dr. Ashish Mohture, Dr. Sushil Kumar Gupta, Dr. V.Kannan",4/19/2022,5/6/2022,18/2022,"Dr K.Radha, Mrs R.Kalaivani, Dr. Amit Jain, Mr. Palanisamy AM, Dr Jayasundar S, Dr . Saurav Dash, Mr. Nitin Kumar Sahu, Dr. Anoop Kumar Sahu, Dr. Ashish Mohture, Dr. Sushil Kumar Gupta, Dr. V.Kannan",https://drive.google.com/file/d/1X8vu2DK0czAbCtLYH1WbpeVS9ZGI2SFM/view?usp=sharing,https://iprsearch.ipindia.gov.in/PublicSearch/,School of Business,India,,,,,,,,,,,,,,,,,,,,
155,202241067468,Published,"Dr. G. Jayanthi, Dr. R Purushothaman, Dr.Goutam Tanty, Vijay Kumar V M, Janakiraman. J, Dr. Senthil Kumar J.P., Dr.Sunil Hanmant Khilari, Dr. Sunil Machindra Adhav, Komal, Yadav Amol Pandurang, Dr. Pratap Patil, Sruthi S",AN ARTIFICIAL INTELLIGENCE AND MACHINE LEARNING FOR STOCK MARKET PREDICTIONS AND METHOD THEREOF,"Dr. G. Jayanthi, Dr. R Purushothaman, Dr.Goutam Tanty, Vijay Kumar V M, Janakiraman. J, Dr. Senthil Kumar J.P., Dr.Sunil Hanmant Khilari, Dr. Sunil Machindra Adhav, Komal, Yadav Amol Pandurang, Dr. Pratap Patil, Sruthi S",11/23/2022,12/2/2022,48/2022,"Dr. G. Jayanthi, Dr. R Purushothaman, Dr.Goutam Tanty, Vijay Kumar V M, Janakiraman. J, Dr. Senthil Kumar J.P., Dr.Sunil Hanmant Khilari, Dr. Sunil Machindra Adhav, Komal, Yadav Amol Pandurang, Dr. Pratap Patil, Sruthi S",https://drive.google.com/file/d/1x_d6NNpvvtX2aZQXPyeI7_e0turaeoG1/view?usp=sharing,https://iprsearch.ipindia.gov.in/PublicSearch/,School of Business,India,,,,,,,,,,,,,,,,,,,,
156,202221003787,Published,"P. Srinivas Subbarao, Dr. Swapnil Undale, Dr. Aparna Dixit",WORKFLOW MANAGEMENT SYSTEM FOR ADVERTISING,"Dr.Vishwanath Karad, MIT World Peace University", 24/01/2022,2/18/2022,07/2022,"Dr.Vishwanath Karad MIT WORLD PEACE UNIVERSITY, PUNE",https://drive.google.com/file/d/1iwabLHTol9dbiI9u-1irnCyUcGfvk-5s/view?usp=sharing,https://iprsearch.ipindia.gov.in/PublicSearch/,School of Business,India,,,,,,,,,,,,,,,,,,,,
157,"202221005594
",Published,Dr. Girish Mude,SYSTEM FOR LEAD MANAGEMENT OF PROMOTION CAMPAIGNS IN BUSINESS-TO-BUSINESS ENTERPRISES,"Dr.Vishwanath Karad, MIT World Peace University",02/02/2022, 25/02/2022,07/2022,"Dr.Vishwanath Karad MIT WORLD PEACE UNIVERSITY, PUNE",https://drive.google.com/file/d/1jYPCk5fnJO2jZs5QEYKQvO9ovBSpdvKK/view?usp=sharing,https://iprsearch.ipindia.gov.in/PublicSearch/,School of Business,India,,,,,,,,,,,,,,,,,,,,
158, 202221004220,Published,"Prof. R.M. Chitnis,P. Srinivas Subbarao, Dr. Gautam Surendra Bapat ", AN IDENTITY BASED SOCIAL SERVICE CREDIT SYSTEM AND METHOD THEREOF,"Dr.Vishwanath Karad, MIT World Peace University",1/25/2022,18/02/2022, 07/2022,"Dr.Vishwanath Karad MIT WORLD PEACE UNIVERSITY, PUNE",https://drive.google.com/file/d/1mPqCUwqa-zTn8rBlflGm9FrHUO4Kfvcm/view?usp=sharing,https://iprsearch.ipindia.gov.in/PublicSearch/,School of Business,India,,,,,,,,,,,,,,,,,,,,
2023,,,,,,,,,,,,,,,,,,,,,,,,,,,,,,,,,
159,202121021526,Granted,"Basavraj S. Kothawale, Shaunak Kolhe, Ashna Khose",FIBRE LAYUP APPARATUS FOR OBTAINING PRECISE PLY-ANGLES,Dr. Vishwanath Karad MIT-World Peace University,5/12/2021,12/29/2023,491401,Dr. Vishwanath Karad MIT-World Peace University,https://drive.google.com/drive/folders/1TOMzK9zNkKRLcHfE7gcsu16Hgwxs1NA-?usp=sharing,https://iprsearch.ipindia.gov.in/PublicSearch/,Mechanical Engineering,India,"9,12,13,8",https://docs.google.com/document/d/1Cpu5HENzflJv7HaaxE4yhswZG4zh1F-b/edit?usp=drive_link&ouid=111632857619699904887&rtpof=true&sd=true,,,,,,,,,,,,,,,,,,
160,202121023253,Granted,"Dr.Mahesh Vasantrao Kulkarni, Dr.Ravindra Bhimrao Ingle",DOUBLE EXPANSION CHAMBER REACTIVE MUFFLER,Dr. Vishwanath Karad MIT-World Peace University,5/25/2021,12/28/2023,490395,Dr. Vishwanath Karad MIT-World Peace University,https://drive.google.com/drive/folders/1-pt4pNs0-MkW3ezvxPU8MQtTd3Xt_uBN?usp=sharing,https://iprsearch.ipindia.gov.in/PublicSearch/,Mechanical Engineering,India,"9,11,12,13",https://docs.google.com/document/d/1HOhqx3g5saHlCatRIlYKXYX77GSRNx3_/edit?usp=drive_link&ouid=111632857619699904887&rtpof=true&sd=true,,,,,,,,,,,,,,,,,,
161,2022/13810,Granted,LODHE Urvik Vinod; UNTAWALE Gaurav Shripad,A SYSTEM FOR URINARY INCONTINENCE USING MACHINE LEARNING,"DR.VISHWANATH KARAD MIT WORLD PEACE UNIVERSITY; LODHE, Urvik Vinod; UNTAWALE, Gaurav Shripad",12/21/2022,3/29/2023,2022/13810,"Dr.Vishwanath Karad MIT WORLD PEACE UNIVERSITY, PUNE",https://drive.google.com/drive/folders/1JfWa3lMZRMYalit-8f0ma2l1ZOcBuiIV?usp=sharing,https://iponline.cipc.co.za/Account/Login.aspx?pb=aVMvEDtYJoBv4STTqmvCTpb7MWDx2eY0ESHMO1dLY8+DkrV5ADDUPw==,Computer Engineering & Technology,South Africa,"3,9,10,11,17,8,12",https://docs.google.com/document/d/1LJ1kQHdQD2IBgCqDWSIR0AUMoqJ5aTOC/edit?usp=drive_link&ouid=107653910869487429344&rtpof=true&sd=true,,,,,,,,,,,,,,,,,,
162,2022/13816,Granted,DIXIT Bharti; KOLI Abhishek; SHEJUL Anjali A.,A COLOR RECOGNITION SYSTEM FOR COLOR BLIND PEOPLE,DIXIT Bharti; DR.VISHWANATH KARAD MIT WORLD PEACE UNIVERSITY; KOLI Abhishek; SHEJUL Anjali A.,12/21/2022,3/29/2023,2022/13816,"Dr.Vishwanath Karad MIT WORLD PEACE UNIVERSITY, PUNE",https://drive.google.com/drive/folders/1QDICGEULITC2mH49NSv844fZlojjGuAn?usp=sharing,https://iponline.cipc.co.za/Account/Login.aspx?pb=aVMvEDtYJoBv4STTqmvCTpb7MWDx2eY0ESHMO1dLY8+DkrV5ADDUPw==,Computer Engineering & Technology,South Africa,"3,10,9,8,4,11,12,17",https://docs.google.com/document/d/1F8Mh6bnhqiAos8Rd5onbmnF4zxlBBo6v/edit?usp=drive_link&ouid=107653910869487429344&rtpof=true&sd=true,,,,,,,,,,,,,,,,,,
163,2022/13809,Granted,NEMADE Chetana Hemant; PUJERI Uma,A SYSTEM FOR HEALTHCARE EMERGENCY DATA TRANSMISSION IN INTERNET OF VEHICLE THINGS,DR.VISHWANATH KARAD MIT WORLD PEACE UNIVERSITY; NEMADE Chetana Hemant,12/21/2022,3/29/2023,2022/13809,"Dr.Vishwanath Karad MIT WORLD PEACE UNIVERSITY, PUNE",https://drive.google.com/drive/folders/1V-wbQYn0-XpLyymLd60kB6Hy2NokP9nU?usp=sharing,https://iponline.cipc.co.za/Account/Login.aspx?pb=aVMvEDtYJoBv4STTqmvCTpb7MWDx2eY0ESHMO1dLY8+DkrV5ADDUPw==,Computer Engineering & Technology,South Africa,"3,9,11,13,8,4,17",https://docs.google.com/document/d/1SRzYp3iVSz-EE4cHJGS_XOdOZLqTh_56/edit?usp=drive_link&ouid=107653910869487429344&rtpof=true&sd=true,,,,,,,,,,,,,,,,,,
164,2022/13814,Granted,BHANDARI Mahesh Ashok; CHOUDHARI Ganesh Bhaurao; KHATDEO Himanshu Ajay; KSHIRSAGAR Rajat Laxmikant; KSHITIJ Papdeja Dipak; KULKARNI Omkaresh Sakharam; PATIL Tejas Pramod; SABANE Nidhi Ajay; SUDHAME Shantanu Shirish; VINODRAO Aditya,A SYSTEM FOR HEALTH GUIDANCE,BHANDARI Mahesh Ashok; CHOUDHARI Ganesh Bhaurao; DR.VISHWANATH KARAD MIT WORLD PEACE UNIVERSITY; KULKARNI Omkaresh Sakharam,12/21/2022,3/29/2023,2022/13814,"Dr.Vishwanath Karad MIT WORLD PEACE UNIVERSITY, PUNE",https://drive.google.com/drive/folders/1kQTgEUXXjOnksIZul1aWx21rwUkZ9JuI?usp=sharing,https://iponline.cipc.co.za/Account/Login.aspx?pb=aVMvEDtYJoBv4STTqmvCTpb7MWDx2eY0ESHMO1dLY8+DkrV5ADDUPw==,Computer Engineering & Technology,South Africa,"3,2,12,13,9,17",https://docs.google.com/document/d/1M7tP8XwXmFirI9LtZqSrlz6I-l3ynd9s/edit?usp=drive_link&ouid=107653910869487429344&rtpof=true&sd=true,,,,,,,,,,,,,,,,,,
165,2022/13807,Granted,ANUSE Alwin Damodar; BHADADE Raghunath S.; KUTE Rupali Sandip; MAHAJAN Shrinivas Padmakar; MUNOT Mousami Vaibhav; PURNAYE Prasad Purushottam,ARTIFICIAL INTELLIGENCE BASED SMART ANTENNA SYSTEM FOR GREEN COMMUNICATION,BHADADE Raghunath S.; DR.VISHWANATH KARAD MIT WORLD PEACE UNIVERSITY,12/21/2022,3/29/2023,2022/13807,"Dr.Vishwanath Karad MIT WORLD PEACE UNIVERSITY, PUNE",https://drive.google.com/drive/folders/1a7QgLQDN8-EUOyizfOGSuQRfqq9sJCYv?usp=sharing,https://iponline.cipc.co.za/Account/Login.aspx?pb=aVMvEDtYJoBv4STTqmvCTpb7MWDx2eY0ESHMO1dLY8+DkrV5ADDUPw==,Electrical and Electronics Engineering,South Africa,"9,7,11,12,13",https://docs.google.com/document/d/1XvbyghOTIDYr5-2dMgcIDrdOBD8-OTZs/edit?usp=drive_link&ouid=107653910869487429344&rtpof=true&sd=true,,,,,,,,,,,,,,,,,,
166,2022/13808,Granted,BHATTACHARYA Mohor Pranay; BHOSALE Poonam; KOSHAL Prabhuti Piyush; MATHUR Shubhang Aneesh; PANDIT Ritesh Roop Krishan ,"	A SMART AND SECURE VOTING SYSTEM",BHATTACHARYA Mohor Pranay; BHOSALE Poonam; DR.VISHWANATH KARAD MIT WORLD PEACE UNIVERSITY; KOSHAL Prabhuti Piyush; MATHUR Shubhang Aneesh; PANDIT Ritesh Roop Krishan ,12/21/2022,3/29/2023,2022/13808,"Dr.Vishwanath Karad MIT WORLD PEACE UNIVERSITY, PUNE",https://drive.google.com/drive/folders/1mWz5tQS7DJ8aSeWkFgr1jJZedBwLKkxr?usp=sharing,https://iponline.cipc.co.za/Account/Login.aspx?pb=aVMvEDtYJoBv4STTqmvCTpb7MWDx2eY0ESHMO1dLY8+DkrV5ADDUPw==,Electrical and Electronics Engineering,South Africa,"16,9,11,10,17",https://docs.google.com/document/d/1YSasr2d_ONW9Tx8tyye6P6A7IMY9Sct1/edit?usp=drive_link&ouid=107653910869487429344&rtpof=true&sd=true,,,,,,,,,,,,,,,,,,
167,2022/13811,Granted,DESHMUKH Minal Samir; KHANDEKAR Prasad Dattakumar; NAGARSENKER Anish,A SEMANTIC IMAGE COMPRESSION SYSTEM USING CNN,DESHMUKH Minal Samir; DR.VISHWANATH KARAD MIT WORLD PEACE UNIVERSITY; KHANDEKAR Prasad Dattakumar; NAGARSENKER Anish,12/21/2022,3/29/2023,2022/13811,"Dr.Vishwanath Karad MIT WORLD PEACE UNIVERSITY, PUNE",https://drive.google.com/drive/folders/1bi1RTNGO7Zlq-_tcp9CwT4b7KhftuGgE?usp=sharing,https://iponline.cipc.co.za/Account/Login.aspx?pb=aVMvEDtYJoBv4STTqmvCTpb7MWDx2eY0ESHMO1dLY8+DkrV5ADDUPw==,Electrical and Electronics Engineering,South Africa,"9,12,13,11,17",https://docs.google.com/document/d/1M9LuT3WZZ-_I_qZlL6hgPo2YjvZmYriS/edit?usp=drive_link&ouid=107653910869487429344&rtpof=true&sd=true,,,,,,,,,,,,,,,,,,
168,2022/13825,Granted,"CHAKURKAR, Priti Swapnil;GAURAV, Raj;MEMON, Ahbaz Kader",A SYSTEM FOR DETECTION OF PIPELINE LEAKAGE,"DR. VISHWANATH KARAD MIT-WORLD PEACE UNIVERSITY; CHAKURKAR, Priti Swapnil",12/21/2022,3/29/2023,2022/13825,"Dr.Vishwanath Karad MIT WORLD PEACE UNIVERSITY, PUNE",https://drive.google.com/drive/folders/1Ef_u3YhPmNuxj_Oh-iC-_DeFDV4fZlt9?usp=sharing,https://iponline.cipc.co.za/Account/Login.aspx?pb=aVMvEDtYJoBv4STTqmvCTpb7MWDx2eY0ESHMO1dLY8+DkrV5ADDUPw==,Computer Engineering & Technology,South Africa,"6,7,9,11,12,13",https://docs.google.com/document/d/1iqCVRtA5YTbZqWeSqUmNiSbTRczpqZ_x/edit?usp=drive_link&ouid=107653910869487429344&rtpof=true&sd=true,,,,,,,,,,,,,,,,,,
169,2022/13827,Granted,"ABHANG, Tejas Dnyaneshwar;AMUNE, Amruta Chandrakant;MUSALE, Vinayak Prabhakar;PANDE, Himangi Milind;RAUT, Umesh Kisan;SHRIKAR, Anay",AUTONOMOUS HUMAN FOLLOWING ROBOT FOR LOAD CARRYING ASSISTANCE,"DR.VISHWANATH KARAD MIT WORLD PEACE UNIVERSITY; PANDE, Himangi Milind",12/21/2022,3/29/2023,2022/13827,"Dr.Vishwanath Karad MIT WORLD PEACE UNIVERSITY, PUNE",https://drive.google.com/drive/folders/1HC99sK0X4t84p_f39fqa6gOOg1W_wppH?usp=sharing,https://iponline.cipc.co.za/Account/Login.aspx?pb=aVMvEDtYJoBv4STTqmvCTpb7MWDx2eY0ESHMO1dLY8+DkrV5ADDUPw==,Computer Engineering & Technology,South Africa,"8,9,11,12",https://docs.google.com/document/d/1zuLJLMUUri3pegSyvFGjTd8ZFF-UE0zu/edit?usp=drive_link&ouid=107653910869487429344&rtpof=true&sd=true,,,,,,,,,,,,,,,,,,
170,2022/13828,Granted,"BHALERAO, Rutvik;BHARGAVA, Yash;BHOIREKAR, Atharva;BHUJADE, Atharv;JAGTAP, Vandana Swapnil;PATIL, Seema Jitendra",AN IOT BASED SMART FAUCET WITH GUI,"DR.VISHWANATH KARAD MIT WORLD PEACE UNIVERSITY; JAGTAP, Vandana Swapnil; PATIL, Seema Jitendra",12/21/2022,3/29/2023,2022/13828,"Dr.Vishwanath Karad MIT WORLD PEACE UNIVERSITY, PUNE",https://drive.google.com/drive/folders/1xriCgvNpSCZgSUZD4x4q2odmn-a-b-EM?usp=sharing,https://iponline.cipc.co.za/Account/Login.aspx?pb=aVMvEDtYJoBv4STTqmvCTpb7MWDx2eY0ESHMO1dLY8+DkrV5ADDUPw==,Computer Engineering & Technology,South Africa,"6,7,9,11,12,13",https://docs.google.com/document/d/16CMcZZqHjxC1exlKQ9Rbym1YEmXPZxre/edit?usp=drive_link&ouid=107653910869487429344&rtpof=true&sd=true,,,,,,,,,,,,,,,,,,
171,2022/13821,Granted,GOHOKAR Vinaya; JOSHI Atharva; SHARMA Shubham; SHELKE Abhishek,A SYSTEM FOR CROWD DENSITY ESTIMATION AND ANALYTICS USING THERMAL CAMERA,DR.VISHWANATH KARAD MIT WORLD PEACE UNIVERSITY ; GOHOKAR Vinaya; JOSHI Atharva; SHARM Shubham; SHELKE Abhishek,12/21/2022,3/29/2023,2022/13821,"Dr.Vishwanath Karad MIT WORLD PEACE UNIVERSITY, PUNE",https://drive.google.com/drive/folders/1A50ao1CfSXZvSmOBRXz3WXFHweNeGYWE?usp=sharing,https://iponline.cipc.co.za/Account/Login.aspx?pb=aVMvEDtYJoBv4STTqmvCTpb7MWDx2eY0ESHMO1dLY8+DkrV5ADDUPw==,Electrical and Electronics Engineering,South Africa,"3,9,11,13,16",https://docs.google.com/document/d/1HYkBpTE-2GBDax1c0mKvW1q5ogl1JncY/edit?usp=drive_link&ouid=107653910869487429344&rtpof=true&sd=true,,,,,,,,,,,,,,,,,,
172,2022/13812,Granted,NATH Deepa Soumik; THAKUR Akshay,"	A SYSTEM TO ACCESS OF INTERNET BASED SEARCH USING KEYPAD PHONE",DR. VISHWANATH KARAD MIT-WORLD PEACE UNIVERSITY; NATH Deepa Soumik,12/21/2022,3/29/2023,2022/13812,"Dr.Vishwanath Karad MIT WORLD PEACE UNIVERSITY, PUNE",https://drive.google.com/drive/folders/1PYyfpKYMID2p2Y2zGWIc5R4qgPz2txes?usp=sharing,https://iponline.cipc.co.za/Account/Login.aspx?pb=aVMvEDtYJoBv4STTqmvCTpb7MWDx2eY0ESHMO1dLY8+DkrV5ADDUPw==,Electrical and Electronics Engineering,South Africa,"3,4,10,11,16",https://docs.google.com/document/d/1qBYlZMFwapmln0gn1-cfF7P_oyA-dhG_/edit?usp=drive_link&ouid=107653910869487429344&rtpof=true&sd=true,,,,,,,,,,,,,,,,,,
173,2022/13664,Granted,BHOSALE Avadhoot; DANDIN Shahbazmubarak; KHINVSARA Pratham; SHAH Yash,A MULTI-UTILITY INSTANT DRYER,"DR. VISHWANATH KARAD MIT-WORLD PEACE UNIVERSITY; DANDIN, Shahbazmubarak",12/19/2022,3/29/2023,2022/13664,"Dr.Vishwanath Karad MIT WORLD PEACE UNIVERSITY, PUNE",https://drive.google.com/drive/folders/1113t8ZI5EEmSvHk-_aFXdGuVZ2chVkwN?usp=sharing,https://iponline.cipc.co.za/Account/Login.aspx?pb=aVMvEDtYJoBv4STTqmvCTpb7MWDx2eY0ESHMO1dLY8+DkrV5ADDUPw==,Civil Engineering,South Africa,"3,9,12,13,8",https://docs.google.com/document/d/1SJGhR45WxCqiaCf1nAe9Ex1OsbHcuywJ/edit?usp=drive_link&ouid=107653910869487429344&rtpof=true&sd=true,,,,,,,,,,,,,,,,,,
174,2023/02923,Granted,"ASKHEDKAR, Anjali Rajesh;BARASKAR, Trupti Nitin;CHELLANI, Jatin Akhilesh;LENKA, Arpita Manoj;PATADE, Rushikesh Sunil;SINGH, Muskan Santosh",INTELLIGENT WEARABLE BAND FOR HEALTH MONITORING AND TRACKING FOR ORGANIZATIONS,"DR.VISHWANATH KARAD MIT WORLD PEACE UNIVERSITY; ASKHEDKAR, Anjali Rajesh; BARASKAR, Trupti Nitin",2/28/2023,5/31/2023,2023/02923,"Dr.Vishwanath Karad MIT WORLD PEACE UNIVERSITY, PUNE",https://drive.google.com/file/d/15Gf9qRXW3lyvw-Ewu9Hxpgd4WqppSIy8/view?usp=sharing,https://iponline.cipc.co.za/Account/Login.aspx?pb=aVMvEDtYJoBv4STTqmvCTpb7MWDx2eY0ESHMO1dLY8+DkrV5ADDUPw==,Computer Engineering & Technology,South Africa,"3,9,10,11,12,17",https://docs.google.com/document/d/1hm0YVneyy0DkV8lESVei5eOVf-Be7ONT/edit?usp=drive_link&ouid=107653910869487429344&rtpof=true&sd=true,,,,,,,,,,,,,,,,,,
175,2023/02929,Granted,"SALVI, Sanket Sarang",LI-FI BASED SYSTEM FOR SECURED ACCESS AND WIRELESS NETWORK DURING ONLINE EXAMINATION IN CLASSROOMS,"DR.VISHWANATH KARAD MIT WORLD PEACE UNIVERSITY; SALVI, Sanket Sarang",2/28/2023,5/31/2023,2023/02929,"Dr.Vishwanath Karad MIT WORLD PEACE UNIVERSITY, PUNE",https://drive.google.com/file/d/19oo0c9LJr6i0nt9-q_OoREGxziqXxwg5/view?usp=sharing,https://iponline.cipc.co.za/Account/Login.aspx?pb=aVMvEDtYJoBv4STTqmvCTpb7MWDx2eY0ESHMO1dLY8+DkrV5ADDUPw==,Computer Engineering & Technology,South Africa,"4,9,16",https://docs.google.com/document/d/1MYl2-p4X750ILIoIdEeLScJySZmxBs9e/edit?usp=drive_link&ouid=107653910869487429344&rtpof=true&sd=true,,,,,,,,,,,,,,,,,,
176,2023/01738,Granted,"KALE, Preeti Amit;PUROHIT, Swaraj;SALUJA, Dhairya",AN OFFLINE SMART IRRIGATION SYSTEM ENABLED WITH MACHINE LEARNING AND RASPBERRY-PI,"DR. VISHWANATH KARAD MIT -WORLD PEACE UNIVERSITY; KALE, Preeti Amit; PUROHIT, Swaraj; SALUJA, Dhairya",2/13/2023,4/26/2023,2023/01738,"Dr.Vishwanath Karad MIT WORLD PEACE UNIVERSITY, PUNE",https://drive.google.com/drive/folders/1skwNBI8ijVZjYcSDvLXoBYn_KGaJTXUI?usp=sharing,https://iponline.cipc.co.za/Account/Login.aspx?pb=aVMvEDtYJoBv4STTqmvCTpb7MWDx2eY0ESHMO1dLY8+DkrV5ADDUPw==,Computer Engineering & Technology,South Africa,"2,6,12,13",https://docs.google.com/document/d/1JL6KUZfxz-IeryW7s8tif9GXUldt16A_/edit?usp=drive_link&ouid=107653910869487429344&rtpof=true&sd=true,,,,,,,,,,,,,,,,,,
177,2022/13818,Granted,"CHAKURKAR, Priti Swapnil;GIRASE, Sheetal;MEHER, Parshv Shekhar",AN IOT BASED SYSTEM FOR LOCATING AN ANIMAL IN THE WILD USING SPATIO-TEMPORAL DATA,"DR.VISHWANATH KARAD MIT WORLD PEACE UNIVERSITY; GIRASE, Sheetal; CHAKURKAR, Priti Swapnil",12/21/2022,3/29/2023,2022/13818,"Dr.Vishwanath Karad MIT WORLD PEACE UNIVERSITY, PUNE",https://drive.google.com/drive/folders/1OvmItcGuyjZuISA5mxiu1lU5vszety-C?usp=sharing,https://iponline.cipc.co.za/Account/Login.aspx?pb=aVMvEDtYJoBv4STTqmvCTpb7MWDx2eY0ESHMO1dLY8+DkrV5ADDUPw==,Computer Engineering & Technology,South Africa,"13,15,17",https://docs.google.com/document/d/1i7QyQ6-N_-RW_eXhCyttk2MmgpnV1KWo/edit?usp=drive_link&ouid=107653910869487429344&rtpof=true&sd=true,,,,,,,,,,,,,,,,,,
178,2022/13826,Granted,"INTWALA, Krunal;KOLHE, Kishor R.;PAWAR, Rajendra G",AN ANTI DRONE SYSTEM FOR SMART CITIES,"DR.VISHWANATH KARAD MIT WORLD PEACE UNIVERSITY; KOLHE, Kishor R.; INTWALA, Krunal",12/21/2022,3/29/2023,2022/13826,"Dr.Vishwanath Karad MIT WORLD PEACE UNIVERSITY, PUNE",https://drive.google.com/drive/folders/1TxYt0d78lYhYZvhh07HQ_hx-zgeE4BvG?usp=sharing,https://iponline.cipc.co.za/Account/Login.aspx?pb=aVMvEDtYJoBv4STTqmvCTpb7MWDx2eY0ESHMO1dLY8+DkrV5ADDUPw==,Computer Engineering & Technology,South Africa,"9,11,16,3,12,17",https://docs.google.com/document/d/1H5qX2s7UNQj5_uopfEjT6f-LXxHbzoqk/edit?usp=drive_link&ouid=107653910869487429344&rtpof=true&sd=true,,,,,,,,,,,,,,,,,,
179,2023/01736 ,Granted,"CHINCHMALATPURE, Suyash Vijaykumar;DIXIT, Bharati;PAWAR, Rajendra G.",AN EMERGENCY VEHICLE FRIENDLY SMART TRAFFIC SIGNAL,"DR. VISHWANATH KARAD MIT -WORLD PEACE UNIVERSITY; CHINCHMALATPURE, Suyash Vijaykumar; PAWAR, Rajendra G.; DIXIT, Bharati",2/13/2023,4/12/2023,2023/01736 ,"Dr.Vishwanath Karad MIT WORLD PEACE UNIVERSITY, PUNE",https://drive.google.com/drive/folders/1voAA7tDSPePYtm801z9LaZX3vGMahIQL?usp=sharing,https://iponline.cipc.co.za/Account/Login.aspx?pb=aVMvEDtYJoBv4STTqmvCTpb7MWDx2eY0ESHMO1dLY8+DkrV5ADDUPw==,Computer Engineering & Technology,South Africa,,,,,,,,,,,,,,,,,,,,
180,2023/01740,Granted,"AVALE, Deepali Pankaj",SOLAR REFLECTOR FOR HOME FOR VITAMIN D ENHANCEMENT,"DR. VISHWANATH KARAD MIT -WORLD PEACE UNIVERSITY; JAVALE, Deepali Pankaj",2/13/2023,4/26/2023,2023/01740,"Dr.Vishwanath Karad MIT WORLD PEACE UNIVERSITY, PUNE",https://drive.google.com/drive/folders/12EOfe1p0GOgdc6-QSkRbwY1MzMI8yIAk?usp=sharing,https://iponline.cipc.co.za/Account/Login.aspx?pb=aVMvEDtYJoBv4STTqmvCTpb7MWDx2eY0ESHMO1dLY8+DkrV5ADDUPw==,Computer Engineering & Technology,South Africa,"7,9,11,12,13,3",https://docs.google.com/document/d/1tJm4UNjOISGFOOz8XtaMTZfUgPnRB-TY/edit?usp=drive_link&ouid=107653910869487429344&rtpof=true&sd=true,,,,,,,,,,,,,,,,,,
181,2023/02860,Granted,"JOSHI, Nikhil Anantrao;KATKADE, Pratik Ravindra;SONAWWANAY, Puskaraj D.",PLOUGH FOR TILLING OF COMPLEX AREAS IN BETWEEN PLANTS OF VINEYARDS,"DR.VISHWANATH KARAD MIT WORLD PEACE UNIVERSITY; KATKADE, Pratik Ravindra; JOSHI, Nikhil Anantrao; SONAWWANAY, Puskaraj D.",2/27/2023,7/26/2023,2023/02860,"Dr.Vishwanath Karad MIT WORLD PEACE UNIVERSITY, PUNE",https://drive.google.com/drive/folders/1oCPkyi4tYHADno7TlcG3Wd2PTcNkPoQl?usp=sharing,https://iponline.cipc.co.za/Account/Login.aspx?pb=aVMvEDtYJoBv4STTqmvCTpb7MWDx2eY0ESHMO1dLY8+DkrV5ADDUPw==,Mechanical Engineering,South Africa,"2,8,9,12,13,15,1",https://docs.google.com/document/d/1QO56jtYRfaCg7WH97leA9lTu6kmDLu3m/edit?usp=drive_link&ouid=107653910869487429344&rtpof=true&sd=true,,,,,,,,,,,,,,,,,,
182,2023/02857,Granted,"BOKIL, Pratik Niranjan;CHOPDA, Chirag Anand;KANDULNA, Xavier;SAYYED, Maaz Iqbal;SONAWWANAY, Puskaraj D.",A MECHANISM FOR AN E-MOTORIZED WHEELCHAIR,"DR.VISHWANATH KARAD MIT WORLD PEACE UNIVERSITY; SONAWWANAY, Puskaraj D.; BOKIL, Pratik Niranjan; CHOPDA, Chirag Anand; SAYYED, Maaz Iqbal; KANDULNA, Xavier",2/27/2023,7/26/2023,2023/02857,"Dr.Vishwanath Karad MIT WORLD PEACE UNIVERSITY, PUNE",https://drive.google.com/drive/folders/1-kNeItdNfrA7x1363SC4z_MKGiAkv3C6?usp=sharing,https://iponline.cipc.co.za/Account/Login.aspx?pb=aVMvEDtYJoBv4STTqmvCTpb7MWDx2eY0ESHMO1dLY8+DkrV5ADDUPw==,Mechanical Engineering,South Africa,"3,9,10,1,8,12",https://docs.google.com/document/d/1jgGwPpNsJ_GySj1Ao6j-6BYAPABvESZw/edit?usp=drive_link&ouid=107653910869487429344&rtpof=true&sd=true,,,,,,,,,,,,,,,,,,
183,2023/02862,Granted,"PATIL, Rajesh Vinayak",REAL TIME SURVEILLANCE HEXACOPTER FOR DETECTION AND MONITORING OF COVID-19 OPERATIONS,"DR.VISHWANATH KARAD MIT WORLD PEACE UNIVERSITY; PATIL, Rajesh Vinayak",2/27/2023,7/26/2023,2023/02862,"Dr.Vishwanath Karad MIT WORLD PEACE UNIVERSITY, PUNE",https://drive.google.com/drive/folders/1OV0LQWWnkbTlC1OJYBhrZhxhGwOw6tPL?usp=sharing,https://iponline.cipc.co.za/Account/Login.aspx?pb=aVMvEDtYJoBv4STTqmvCTpb7MWDx2eY0ESHMO1dLY8+DkrV5ADDUPw==,Mechanical Engineering,South Africa,"3,9,11,10,13,12,17",https://docs.google.com/document/d/1YhI06cNxAkGl9-i8Uk7QGcSCy3cWChEC/edit?usp=drive_link&ouid=107653910869487429344&rtpof=true&sd=true,,,,,,,,,,,,,,,,,,
184,2023/01207,Granted,"HAMBARDE, Kaustubh Manojkumar; INGAVALE, Aniket Suresh; KINGER, Shakti Sanjay",A MOBILE CONTROLLABLE ELECTRIC LOCK USING ARDUINO,"DR.VISHWANATH KARAD MIT WORLD PEACE UNIVERSITY;HAMBARDE, Kaustubh Manojkumar; INGAVALE, Aniket Suresh; KINGER, Shakti Sanjay",1/30/2023,3/29/2023,2023/01207,"Dr.Vishwanath Karad MIT WORLD PEACE UNIVERSITY, PUNE",https://drive.google.com/drive/folders/1aZzfDIdtkIpVG9BZUaonZVV5Cv5_wuJV?usp=sharing,https://iponline.cipc.co.za/Account/Login.aspx?pb=aVMvEDtYJoBv4STTqmvCTpb7MWDx2eY0ESHMO1dLY8+DkrV5ADDUPw==,Computer Engineering & Technology,South Africa,"9,11,16,12,13,3,1",https://docs.google.com/document/d/1hYYuLGV-ejCbtBbCvJVRyEg567XFlobY/edit?usp=drive_link&ouid=107653910869487429344&rtpof=true&sd=true,,,,,,,,,,,,,,,,,,
185,2023/03201,Granted,"KHAPARDE, Arti; DESHMUKH, Vaidehi",SYSTEM FOR OPTIMIZATION OF MULTI FOCUS IMAGES USING AI BASED FUSION TECHNIQUES,"DR.VISHWANATH KARAD MIT WORLD PEACE UNIVERSITY; KHAPARDE, Arti; DESHMUKH, Vaidehi",2/28/2023,6/28/2023,2023/03201,"Dr.Vishwanath Karad MIT WORLD PEACE UNIVERSITY, PUNE",https://drive.google.com/drive/folders/1FUIkcKmmwumCO79deURRMaWLK5r2IsVb?usp=sharing,https://iponline.cipc.co.za/Account/Login.aspx?pb=aVMvEDtYJoBv4STTqmvCTpb7MWDx2eY0ESHMO1dLY8+DkrV5ADDUPw==,Electrical and Electronics Engineering,South Africa,"9,3,4,12,17",https://docs.google.com/document/d/1KUpQqgPRaVa6NT6oHOZUXHx6y6sKkY7l/edit?usp=drive_link&ouid=107653910869487429344&rtpof=true&sd=true,,,,,,,,,,,,,,,,,,
186,2023/01739,Granted,"KULKARNI, Pradnya Vaibhav; BHAMARE, Mamta; NAIK, Udayan; NIRFARAKE, Chaitanya; DATAR, Aditya; NAGARKAR, Ajinkya",A CRYPTO WALLET FOR FARMERS,"DR. VISHWANATH KARAD MIT -WORLD PEACE UNIVERSITY; KULKARNI, Pradnya Vaibhav; BHAMARE, Mamta; NAIK, Udayan; NIRFARAKE, Chaitanya; DATAR, Aditya; NAGARKAR, Ajinkya",2/13/2023,4/26/2023,2023/01739,"Dr.Vishwanath Karad MIT WORLD PEACE UNIVERSITY, PUNE",https://drive.google.com/drive/folders/1gdkCUfTJtewiaJv-MnHkCLo178Pyfc6m?usp=sharing,https://iponline.cipc.co.za/Account/Login.aspx?pb=aVMvEDtYJoBv4STTqmvCTpb7MWDx2eY0ESHMO1dLY8+DkrV5ADDUPw==,Computer Engineering & Technology,South Africa,"8,9,10,16,17",https://docs.google.com/document/d/1cRXPkDLNr2CW-Ys3xlGox2yBl6CxJxjM/edit?usp=drive_link&ouid=107653910869487429344&rtpof=true&sd=true,,,,,,,,,,,,,,,,,,
187,2023/02668,Granted,"PALWE, Sushila Manish; GUNJAL, Anita Shivaji",A SMART SAFETY HANDHELD DEVICE,"DR. VISHWANATH KARAD MIT -WORLD PEACE UNIVERSITY; PALWE, Sushila Manish; GUNJAL, Anita Shivaji",2/27/2023,5/31/2023,2023/02668,"Dr.Vishwanath Karad MIT WORLD PEACE UNIVERSITY, PUNE",https://drive.google.com/drive/folders/1LSNsEbwdcIXEeF-y0rzQVKyckVOx7Ax_?usp=sharing,https://iponline.cipc.co.za/Account/Login.aspx?pb=aVMvEDtYJoBv4STTqmvCTpb7MWDx2eY0ESHMO1dLY8+DkrV5ADDUPw==,Computer Engineering & Technology,South Africa,"3,10,16,11,9,5,12",https://docs.google.com/document/d/1wF7SaJxEgX4u5zpuSRQCmXlEvVu3rwmc/edit?usp=drive_link&ouid=107653910869487429344&rtpof=true&sd=true,,,,,,,,,,,,,,,,,,
188,2023/01908,Granted,"GUTTE, Vitthal; GUPTA, Mansi; LADDHA, Aditi; MISHRA, Yashasvi; CHOUHAN, Maahi; LILHA, Aayushi",A HANDY OBSTACLES DETECTION SMART STICK,"DR. VISHWANATH KARAD MIT -WORLD PEACE UNIVERSITY; GUTTE, Vitthal; GUPTA, Mansi; LADDHA, Aditi; MISHRA, Yashasv; CHOUHAN, Maahi; LILHA, Aayushi",2/16/2023,5/31/2023,2023/01908,"Dr.Vishwanath Karad MIT WORLD PEACE UNIVERSITY, PUNE",https://drive.google.com/drive/folders/1DBroaUGwAJLSnlK9aJP8Zuh68znHnzBA?usp=sharing,https://iponline.cipc.co.za/Account/Login.aspx?pb=aVMvEDtYJoBv4STTqmvCTpb7MWDx2eY0ESHMO1dLY8+DkrV5ADDUPw==,Computer Engineering & Technology,South Africa,"3,10,11,9,5,13,17",https://docs.google.com/document/d/1tlGEDR90LJPcziYGq73VWV5TPsgk5wpX/edit?usp=drive_link&ouid=107653910869487429344&rtpof=true&sd=true,,,,,,,,,,,,,,,,,,
189,2023/02658,Granted,"SONAWANI, Shilpa",SYSTEM FOR AIR POLLUTION PREDICTION FOR NEW AIR QUALITY MONITORING STATION USING CHAINING APPROACH OF TRANSFER LEARNING,"DR. VISHWANATH KARAD MIT -WORLD PEACE UNIVERSITY; SONAWANI, Shilpa",2/27/2023,5/31/2023,2023/02658,"Dr.Vishwanath Karad MIT WORLD PEACE UNIVERSITY, PUNE",https://drive.google.com/drive/folders/1xy-bEZ6HwZj93f5qf8Yvk298S0wzUVZK?usp=sharing,https://iponline.cipc.co.za/Account/Login.aspx?pb=aVMvEDtYJoBv4STTqmvCTpb7MWDx2eY0ESHMO1dLY8+DkrV5ADDUPw==,Computer Engineering & Technology,South Africa,"3,11,13,9,7,12,17",https://docs.google.com/document/d/1xExFJ_vjhl4cRLYcsy46NAntLwZ2VMWa/edit?usp=drive_link&ouid=107653910869487429344&rtpof=true&sd=true,,,,,,,,,,,,,,,,,,
190,2023/02926,Granted,"PHADKE, Anuradha C.; LELE, Jyoti A.; KALE, Anup; PATIL, Radhesh",A FIRST AID VENTILATOR,"DR.VISHWANATH KARAD MIT WORLD PEACE UNIVERSITY; PHADKE, Anuradha C.; LELE, Jyoti A.; KALE, Anup; PATIL, Radhesh",2/28/2023,5/31/2023,2023/02926,"Dr.Vishwanath Karad MIT WORLD PEACE UNIVERSITY, PUNE",https://drive.google.com/drive/folders/1Z-ciER5LaHSIBBiGEiB8FO-A8Di2Lkpv?usp=sharing,https://iponline.cipc.co.za/Account/Login.aspx?pb=aVMvEDtYJoBv4STTqmvCTpb7MWDx2eY0ESHMO1dLY8+DkrV5ADDUPw==,Electrical and Electronics Engineering,South Africa,"3,9,10,12,17",https://docs.google.com/document/d/13bON7SWV4kDJbQs2g2-AvciYKmj1ilbr/edit?usp=drive_link&ouid=107653910869487429344&rtpof=true&sd=true,,,,,,,,,,,,,,,,,,
191,2023/03203,Granted,"BHINGARKAR, Sukhada Prasad; SAVYANAVAR, Amit Sadanand; SUTAR, Shiv Havgirao; ANNADATE, Mrunal Ninad",AUTOMATED WASTE SEGREGATION MACHINE,"DR. VISHWANATH KARAD MIT -WORLD PEACE UNIVERSITY; DR.VISHWANATH KARAD MIT WORLD PEACE UNIVERSITY; BHINGARKAR, Sukhada Prasad; SAVYANAVAR, Amit Sadanand; SUTAR, Shiv Havgirao; ANNADATE, Mrunal Ninad",2/28/2023,6/28/2023,2023/03203,"Dr.Vishwanath Karad MIT WORLD PEACE UNIVERSITY, PUNE",https://drive.google.com/drive/folders/1E4y18DjPHnyi33SaUhrWB35IqqQxXqh0?usp=sharing,https://iponline.cipc.co.za/Account/Login.aspx?pb=aVMvEDtYJoBv4STTqmvCTpb7MWDx2eY0ESHMO1dLY8+DkrV5ADDUPw==,Computer Engineering & Technology,South Africa,"3,12,9,11,8,13,17",https://docs.google.com/document/d/1NW-Yh8v-o1oNi-no-5PiJefi2wIU1tQL/edit?usp=drive_link&ouid=107653910869487429344&rtpof=true&sd=true,,,,,,,,,,,,,,,,,,
192,2023/02923 ,Granted,"ASKHEDKAR, Anjali Rajesh;BARASKAR, Trupti Nitin;CHELLANI, Jatin Akhilesh;LENKA, Arpita Manoj;PATADE, Rushikesh Sunil;SINGH, Muskan Santosh",INTELLIGENT WEARABLE BAND FOR HEALTH MONITORING AND TRACKING FOR ORGANIZATIONS,"DR. VISHWANATH KARAD MIT -WORLD PEACE UNIVERSITY; ASKHEDKAR, Anjali Rajesh; BARASKAR, Trupti Nitin",2/28/2023,5/31/2023,2023/02923 ,"Dr.Vishwanath Karad MIT WORLD PEACE UNIVERSITY, PUNE",https://drive.google.com/drive/folders/1kMYXpfnnHCUh4iVrNJKToBkNVQ3csG_S?usp=sharing,https://iponline.cipc.co.za/Account/Login.aspx?pb=aVMvEDtYJoBv4STTqmvCTpb7MWDx2eY0ESHMO1dLY8+DkrV5ADDUPw==,Electrical and Electronics Engineering,South Africa,,,,,,,,,,,,,,,,,,,,
193,2023/02933 ,Granted,"MOTADE, Sumitra N.; KULKARNI, Aniket Dattatraya; GUNALE, Sanskar Kishanprasad; DESHPANDE, Anagha; Warhade, Krishna K.","CONTACTLESS AUDIO-VISUAL INTELLIGENT DOORBELL SECURITY SYSTEM USING HYBRID TECHNOLOGIES FOR DOMESTIC AND COMMERCIAL
APPLICATIONS","DR. VISHWANATH KARAD MIT -WORLD PEACE UNIVERSITY; MOTADE, Sumitra N.; KULKARNI, Aniket Dattatraya; DESHPANDE, Anagha; Warhade, Krishna K.",2/28/2023,5/31/2023,2023/02933 ,"Dr.Vishwanath Karad MIT WORLD PEACE UNIVERSITY, PUNE",https://drive.google.com/drive/folders/1jJwvb0PTw2lx15L-sQ9x7NRbsvdASBOq?usp=sharing,https://iponline.cipc.co.za/Account/Login.aspx?pb=aVMvEDtYJoBv4STTqmvCTpb7MWDx2eY0ESHMO1dLY8+DkrV5ADDUPw==,Electrical and Electronics Engineering,South Africa,"3,9,11,12,10,17",https://docs.google.com/document/d/1pHoi9d4Dt--s_OHShx6cRj3InZvdJBTp/edit?usp=drive_link&ouid=107653910869487429344&rtpof=true&sd=true,,,,,,,,,,,,,,,,,,
194,2023/02917 ,Granted,"KAMALIYA, Parth Manubhai; PAWAR, Ashish Haribhau; PACHPORE, Swanand Sudhir",A SMART CAP FOR BLIND PERSON,"DR. VISHWANATH KARAD MIT -WORLD PEACE UNIVERSITY; KAMALIYA, Parth Manubhai; PAWAR, Ashish Haribhau; PACHPORE, Swanand Sudhir",2/28/2023,5/31/2023,2023/02917 ,"Dr.Vishwanath Karad MIT WORLD PEACE UNIVERSITY, PUNE",https://drive.google.com/drive/folders/18IK_HgeiTu2Ao81W_9NqXUjQ3-5fUiTX?usp=sharing,https://iponline.cipc.co.za/Account/Login.aspx?pb=aVMvEDtYJoBv4STTqmvCTpb7MWDx2eY0ESHMO1dLY8+DkrV5ADDUPw==,Mechanical Engineering,South Africa,"10,3,9,11,4,17",https://docs.google.com/document/d/1PG56SiODGb_1HZnGgpP4xALfsbZttvNL/edit?usp=drive_link&ouid=107653910869487429344&rtpof=true&sd=true,,,,,,,,,,,,,,,,,,
195,2023/03138,Granted,"KOSHTI, Chidanand Dhondappa; JOSHI, Pratyancha Ritesh; WAVARE, Sarthak Suhas; JAIN, Ronit Manish; GUJARATHI, Gauri Dhiraj; SAWANT, Srushti Santosh",DROWSY DRIVER SMART DETECTION SYSTEM FOR HEAVY VEHICLES,"DR. VISHWANATH KARAD MIT -WORLD PEACE UNIVERSITY; KOSHTI, Chidanand Dhondappa; JOSHI, Pratyancha Ritesh; WAVARE, Sarthak Suhas; JAIN, Ronit Manish; GUJARATHI, Gauri Dhiraj; SAWANT, Srushti Santosh",2/28/2023,6/28/2023,2023/03138,"Dr.Vishwanath Karad MIT WORLD PEACE UNIVERSITY, PUNE",https://drive.google.com/drive/folders/1_ENRfRe0tPAl1NZLaAYc_Eu0Otlqh_-R?usp=sharing,https://iponline.cipc.co.za/Account/Login.aspx?pb=aVMvEDtYJoBv4STTqmvCTpb7MWDx2eY0ESHMO1dLY8+DkrV5ADDUPw==,Mechanical Engineering,South Africa,"3,9,11,8,13,17",https://docs.google.com/document/d/12DZz9IlVVbSOpSlrHAvKlPsBq8m7fvrb/edit?usp=drive_link&ouid=107653910869487429344&rtpof=true&sd=true,,,,,,,,,,,,,,,,,,
196,2023/03197,Granted,"KULKARNI, Vaibhav Vijay; BORIKAR, Ganesh P.",OVERLOADING CONTROL SYSTEM FOR TWO WHEELERS,"DR.VISHWANATH KARAD MIT WORLD PEACE UNIVERSITY; KULKARNI, Vaibhav Vijay; BORIKAR, Ganesh P.",2/28/2023,6/28/2023,2023/03197,"Dr.Vishwanath Karad MIT WORLD PEACE UNIVERSITY, PUNE",https://drive.google.com/drive/folders/1v4bIlShpzen3x23KKSaDls62pjgOyeq1?usp=sharing,https://iponline.cipc.co.za/Account/Login.aspx?pb=aVMvEDtYJoBv4STTqmvCTpb7MWDx2eY0ESHMO1dLY8+DkrV5ADDUPw==,Mechanical Engineering,South Africa,"3,11,9,8,12,17",https://docs.google.com/document/d/1TvETqeixGt5lmlGjsHIIkLs7fiCn7Yh-/edit?usp=drive_link&ouid=107653910869487429344&rtpof=true&sd=true,,,,,,,,,,,,,,,,,,
197,2023/02921 ,Granted,"RAZDAN, Surbhi; HARSH, K. Shri",BAMBOO FABRIC REINFORCED AIR-SPRING,"DR. VISHWANATH KARAD MIT- WORLD PEACE UNIVERSITY; RAZDAN, Surbhi; HARSH, K. Shr",2/28/2023,5/31/2023,2023/02921 ,"Dr.Vishwanath Karad MIT WORLD PEACE UNIVERSITY, PUNE",https://drive.google.com/drive/folders/1cqUSJjQyjedR6IjzI67z4xNKce68KoPA?usp=sharing,https://iponline.cipc.co.za/Account/Login.aspx?pb=aVMvEDtYJoBv4STTqmvCTpb7MWDx2eY0ESHMO1dLY8+DkrV5ADDUPw==,Mechanical Engineering,South Africa,"12,13,9,15,8,3",https://docs.google.com/document/d/12o0fI3xprt5SjklxOL_NuhuWxWoMbGS0/edit?usp=drive_link&ouid=107653910869487429344&rtpof=true&sd=true,,,,,,,,,,,,,,,,,,
198,2023/02662,Granted,"DAAS, Smriti Kamlesh; GAJENDRAGADKAR, Akshata Anand; TANDEL, Pranjali Kiran; THOTE, Abhishek Madhukar",A SOFT ELECTRIC ROBOTIC FISH,"DR. VISHWANATH KARAD MIT -WORLD PEACE UNIVERSITY; DAAS, Smriti Kamlesh; GAJENDRAGADKAR, Akshata Anand; TANDEL, Pranjali Kiran; THOTE, Abhishek Madhukar",2/27/2023,5/31/2023,2023/02662,"Dr.Vishwanath Karad MIT WORLD PEACE UNIVERSITY, PUNE",https://drive.google.com/drive/folders/1BwT4Yw2oejROPhvCj9bTtbvtVbQvUeGf?usp=sharing,https://iponline.cipc.co.za/Account/Login.aspx?pb=aVMvEDtYJoBv4STTqmvCTpb7MWDx2eY0ESHMO1dLY8+DkrV5ADDUPw==,Mechanical Engineering,South Africa,"14,9,5,13,12",https://docs.google.com/document/d/1TVi0ZIRmDIWNj_SZQYAC0vVLltmsnaru/edit?usp=drive_link&ouid=107653910869487429344&rtpof=true&sd=true,,,,,,,,,,,,,,,,,,
199,2023/03140 ,Granted,"KULKARNI, Mahesh Vasantrao",DOUBLE EXPANSION CHAMBER REACTIVE MUFFLER,"DR. VISHWANATH KARAD MIT -WORLD PEACE UNIVERSITY; KULKARNI, Mahesh Vasantrao",2/28/2023,6/28/2023,2023/03140 ,"Dr.Vishwanath Karad MIT WORLD PEACE UNIVERSITY, PUNE",https://drive.google.com/drive/folders/1kQ1aUT87KmHUsYdKJ63QhzexYHA4jsUL?usp=sharing,https://iponline.cipc.co.za/Account/Login.aspx?pb=aVMvEDtYJoBv4STTqmvCTpb7MWDx2eY0ESHMO1dLY8+DkrV5ADDUPw==,Mechanical Engineering,South Africa,"13,9,12,11,7,3",https://docs.google.com/document/d/1ReUS7_y8f_hHCtyned2Vm8lawm1KyPpT/edit?usp=drive_link&ouid=107653910869487429344&rtpof=true&sd=true,,,,,,,,,,,,,,,,,,
200,2023/02918,Granted,"HAVALDAR, Sanjay Narayan; MALAPUR, Harsh Vishwanath; KULKARNI, Kaustubh Ganesh",A VERTICAL DRAFT SOLAR DRYER,"DR.VISHWANATH KARAD MIT WORLD PEACE UNIVERSITY; HAVALDAR, Sanjay Narayan; KULKARNI, Kaustubh Ganesh; MALAPUR, Harsh Vishwanath",2/28/2023,5/31/2023,2023/02918,"Dr.Vishwanath Karad MIT WORLD PEACE UNIVERSITY, PUNE",https://drive.google.com/drive/folders/17TjHdP2H1uoflDl-TPfVWALa5bnVw88W?usp=sharing,https://iponline.cipc.co.za/Account/Login.aspx?pb=aVMvEDtYJoBv4STTqmvCTpb7MWDx2eY0ESHMO1dLY8+DkrV5ADDUPw==,Mechanical Engineering,South Africa,"7,12,13,2,9,11,8,3",https://docs.google.com/document/d/1HOuTE1LNE1AHiwFOT2TOm2GMA_tub-8w/edit?usp=drive_link&ouid=107653910869487429344&rtpof=true&sd=true,,,,,,,,,,,,,,,,,,
201,2023/03286 ,Granted,"CHANDANKHEDE, Chaitali; KAKADE, Pratap; PANDEY, Kabir Satya; PEDNEKAR, Prem Tushar; KHATAVKAR, Rujul",A PARKING ASSISTANCE SYSTEM,"DR.VISHWANATH KARAD MIT WORLD PEACE UNIVERSITY; CHANDANKHEDE, Chaitali; KAKADE, Pratap; PANDEY, Kabir Satya; PEDNEKAR, Prem Tushar; KHATAVKAR, Rujul",2/28/2023,6/28/2023,2023/03286 ,"Dr.Vishwanath Karad MIT WORLD PEACE UNIVERSITY, PUNE",https://drive.google.com/drive/folders/1SsUqCrTaAl7BO7RaD7XLOsVX1uynMtlO?usp=sharing,https://iponline.cipc.co.za/Account/Login.aspx?pb=aVMvEDtYJoBv4STTqmvCTpb7MWDx2eY0ESHMO1dLY8+DkrV5ADDUPw==,Computer Engineering & Technology,South Africa,"11,9,13,12,8,3",https://docs.google.com/document/d/12rV-y1j3duv31aYWz4YZDSVbumO0KXSM/edit?usp=drive_link&ouid=107653910869487429344&rtpof=true&sd=true,,,,,,,,,,,,,,,,,,
202,2023/02929,Granted,"SALVI, Sanket Sarang",LI-FI BASED SYSTEM FOR SECURED ACCESS AND WIRELESS NETWORK DURING ONLINE EXAMINATIONS IN CLASSROOMS,"DR.VISHWANATH KARAD MIT WORLD PEACE UNIVERSITY; SALVI, Sanket Sarang",2/28/2023,5/31/2023,2023/02929,"Dr.Vishwanath Karad MIT WORLD PEACE UNIVERSITY, PUNE",https://drive.google.com/drive/folders/1uSfPwoS0bAOVWruCiqdvv5Ep_L7xZafe?usp=sharing,https://iponline.cipc.co.za/Account/Login.aspx?pb=aVMvEDtYJoBv4STTqmvCTpb7MWDx2eY0ESHMO1dLY8+DkrV5ADDUPw==,Computer Engineering & Technology,South Africa,,,,,,,,,,,,,,,,,,,,
203,2023/02935,Granted,"KULKARNI, Mahesh Vasantrao; MITKARI, Mehul Rakesh; SALKE, Parth Vikrant; SANGRULKAR, Omkar Girish; SURYAWANSHI, Atharva Harish",ADAPTIVE CONTINUOUS VARIABLE TRANSMISSION COOLING SYSTEM FOR OFF ROAD VEHICLES WITH WIRELESS DATA ACQUISITION SYSTEM,"DR.VISHWANATH KARAD MIT WORLD PEACE UNIVERSITY;  KULKARNI, Mahesh Vasantrao; MITKARI, Mehul Rakesh, SALKE, Parth Vikrant; SANGRULKAR, Omkar Girish; SURYAWANSHI, Atharva Harish",2/28/2023,5/31/2023,2023/02935,"Dr.Vishwanath Karad MIT WORLD PEACE UNIVERSITY, PUNE",https://drive.google.com/drive/folders/1TLa3rHrdbzrNmQzEP3owtaKYsUYwhPZP?usp=sharing,https://iponline.cipc.co.za/Account/Login.aspx?pb=aVMvEDtYJoBv4STTqmvCTpb7MWDx2eY0ESHMO1dLY8+DkrV5ADDUPw==,Mechanical Engineering,South Africa,"9,7,12,13,3,4,8",https://docs.google.com/document/d/1TVibV4fGLZLXRNkO4yK12s22LnOuX5cr/edit?usp=drive_link&ouid=107653910869487429344&rtpof=true&sd=true,,,,,,,,,,,,,,,,,,
204,2023/03297,Granted,"SONAWWANAY, Puskaraj D.; RAIBOLE, Krish Vijay; KARLEKAR, Chinmay Sagar",SLOTTED ONE-HALF POWER LAW NOSE CONE FOR AEROSPACE APPLICATIONS,"DR.VISHWANATH KARAD MIT WORLD PEACE UNIVERSITY; SONAWWANAY, Puskaraj D.; RAIBOLE, Krish Vijay; KARLEKAR, Chinmay Sagar",2/28/2023,8/30/2023,2023/03297,"Dr.Vishwanath Karad MIT WORLD PEACE UNIVERSITY, PUNE",https://drive.google.com/drive/folders/1j4aFOkJO-NHtg4tktGpu5to4tyfyi08F?usp=drive_link,https://iponline.cipc.co.za/Account/Login.aspx?pb=aVMvEDtYJoBv4STTqmvCTpb7MWDx2eY0ESHMO1dLY8+DkrV5ADDUPw==,Mechanical Engineering,South Africa,"9,13,7,12,8,4,3",https://docs.google.com/document/d/1YVyMjo5CybTzvFaxmWyBy2UaoWHLd_O_/edit?usp=drive_link&ouid=107653910869487429344&rtpof=true&sd=true,,,,,,,,,,,,,,,,,,
205,2023/03126,Granted,"DESHMUKH, Minal Prashant",A POTENTIAL FEEDSTOCK OF NELUMBO NUCIFERA FOR OIL ABSORBENT,"DR.VISHWANATH KARAD MIT WORLD PEACE UNIVERSITY; DESHMUKH, Minal Prashant",2/28/2023,6/28/2023,2023/03126,"Dr.Vishwanath Karad MIT WORLD PEACE UNIVERSITY, PUNE",https://drive.google.com/drive/folders/11dQFqhZwVKwv_P7PTWp9t8m4X1nLkEGo?usp=sharing,https://iponline.cipc.co.za/Account/Login.aspx?pb=aVMvEDtYJoBv4STTqmvCTpb7MWDx2eY0ESHMO1dLY8+DkrV5ADDUPw==,Petroleum Engineering,South Africa,"6,14,12,15,13,9,8",https://docs.google.com/document/d/13ipTdI9QXuE8FIhYuMu5Xb2StIhgsLMQ/edit?usp=drive_link&ouid=107653910869487429344&rtpof=true&sd=true,,,,,,,,,,,,,,,,,,
206,2023/03210 ,Granted,"DAYANE, Shailendra Ashok; GHORPADE, Ratnakar R.",ADHESIVE STRENGTH APPARATUS FOR BIOPOLYMER MATERIALS,"DR.VISHWANATH KARAD MIT WORLD PEACE UNIVERSITY; DAYANE, Shailendra Ashok; GHORPADE, Ratnakar R.",2/28/2023,6/28/2023,2023/03210 ,"Dr.Vishwanath Karad MIT WORLD PEACE UNIVERSITY, PUNE",https://drive.google.com/drive/folders/1ryWsehwLq_OCimlkGan8Coh5isRZuHTp?usp=sharing,https://iponline.cipc.co.za/Account/Login.aspx?pb=aVMvEDtYJoBv4STTqmvCTpb7MWDx2eY0ESHMO1dLY8+DkrV5ADDUPw==,Mechanical Engineering,South Africa,"3,9,12,13,8,4",https://docs.google.com/document/d/1mrubEN9ZiAk_pvnsuGyWb_J4aD-GU0Su/edit?usp=drive_link&ouid=107653910869487429344&rtpof=true&sd=true,,,,,,,,,,,,,,,,,,
207,2023/02855,Granted,"HAVALDAR, Sanjay Narayan; MALAPUR, Harsh Vishwanath; KULKARNI, Kaustubh Ganesh",A CIRCULAR SOLAR RECEIVER,"DR.VISHWANATH KARAD MIT WORLD PEACE UNIVERSITY; HAVALDAR, Sanjay Narayan; MALAPUR, Harsh Vishwanath; KULKARNI, Kaustubh Ganesh",2/27/2023,7/26/2023,2023/02855,"Dr.Vishwanath Karad MIT WORLD PEACE UNIVERSITY, PUNE",https://drive.google.com/drive/folders/1_8b8NaGHWSDnIiWBDuUQnBX3r3NsJGPE?usp=sharing,https://iponline.cipc.co.za/Account/Login.aspx?pb=aVMvEDtYJoBv4STTqmvCTpb7MWDx2eY0ESHMO1dLY8+DkrV5ADDUPw==,Mechanical Engineering,South Africa,"7,13,9,12,8,11",https://docs.google.com/document/d/10zrlCQxHa105hi2IP__VYszwbUYsuv7Z/edit?usp=drive_link&ouid=107653910869487429344&rtpof=true&sd=true,,,,,,,,,,,,,,,,,,
208,2023/03193,Granted,"JADHAV, Savitri Nathrao; JADHAV, Nathrao B.; CHHATBAR, Hrishank; DESHPANDE, Atharva",PORTABLE UV-C LAMP FOR ULTRAVIOLET DISINFECTION,"DR.VISHWANATH KARAD MIT WORLD PEACE UNIVERSITY; JADHAV, Savitri Nathrao; JADHAV, Nathrao B.; CHHATBAR, Hrishank; DESHPANDE, Atharva",2/28/2023,6/28/2023,2023/03193,"Dr.Vishwanath Karad MIT WORLD PEACE UNIVERSITY, PUNE",https://drive.google.com/drive/folders/1BcW8rfC-gDqFLlfa6dhEos6PlGjuR1fl?usp=sharing,https://iponline.cipc.co.za/Account/Login.aspx?pb=aVMvEDtYJoBv4STTqmvCTpb7MWDx2eY0ESHMO1dLY8+DkrV5ADDUPw==,Electrical and Electronics Engineering,South Africa,"3,6,9,12,11,13",https://docs.google.com/document/d/16uuAttnE52vSdiDbKMI81SQLGEMdzDeh/edit?usp=drive_link&ouid=107653910869487429344&rtpof=true&sd=true,,,,,,,,,,,,,,,,,,
209,2022/13817,Granted,"ZORE, Anuj; NARKHEDE, Gaurav G.; HIWALE, Anil S.; MOTADE, Sumitra N.",A SILICONE MATRIX BASED SOFT ACTUATOR,"DR.VISHWANATH KARAD MIT WORLD PEACE UNIVERSITY; ZORE, Anuj; NARKHEDE, Gaurav G.; HIWALE, Anil S.; MOTADE, Sumitra N.",12/21/2022,3/29/2023,2022/13817,"Dr.Vishwanath Karad MIT WORLD PEACE UNIVERSITY, PUNE",https://drive.google.com/drive/folders/1ad3m0zqS0s8VllxGoeOzCQldoeWin5j2?usp=sharing,https://iponline.cipc.co.za/Account/Login.aspx?pb=aVMvEDtYJoBv4STTqmvCTpb7MWDx2eY0ESHMO1dLY8+DkrV5ADDUPw==,Electrical and Electronics Engineering,South Africa,"7,9,12,3,8,17",https://docs.google.com/document/d/1N5UeIfXG-pMHob6TaXOK5MDD9t3Kn9C5/edit?usp=drive_link&ouid=107653910869487429344&rtpof=true&sd=true,,,,,,,,,,,,,,,,,,
210,2023/03124,Granted,"KADAM, Kunal Chandrakant; HAMBARDE, Manojkumar",OUTDOOR VEHICULAR AIR PURIFIER FOR HEAVY MOTOR VEHICLES,"DR.VISHWANATH KARAD MIT WORLD PEACE UNIVERSITY; KADAM, Kunal Chandrakant; HAMBARDE, Manojkumar",2/28/2023,6/28/2023,2023/03124,"Dr.Vishwanath Karad MIT WORLD PEACE UNIVERSITY, PUNE",https://drive.google.com/drive/folders/1Z_R6LowXO_mUi_79hVlVljuRuj_0JejR?usp=sharing,https://iponline.cipc.co.za/Account/Login.aspx?pb=aVMvEDtYJoBv4STTqmvCTpb7MWDx2eY0ESHMO1dLY8+DkrV5ADDUPw==,Mechanical Engineering,South Africa,"11,3,13,9,12,7,17",https://docs.google.com/document/d/1eLEekNYpW7Blba1iWJQ58wWnDi6ia8Jf/edit?usp=drive_link&ouid=107653910869487429344&rtpof=true&sd=true,,,,,,,,,,,,,,,,,,
211,201821034508,Granted,"Ganesh Suresh Jadhav, Urmi Ravindra Salve, Suhas
Deshmukh, Hemant Kallappa Shete",APPARATUS FOR CUTTING HEEL DIES FOR LEATHER AND RUBBER FOOTWEAR,"Ganesh Suresh Jadhav, Urmi Ravindra Salve, Suhas
Deshmukh",9/13/2018,11/21/2023,470777,Jadhav Ganesh S.,https://drive.google.com/drive/folders/13X1PQMWzTo7r2z1p_f8KxCftc0wn3ecP?usp=sharing,https://iprsearch.ipindia.gov.in/PublicSearch/,School of Design,India,,,,,,,,,,,,,,,,,,,,
212,201921002204,Granted,"Ganesh Suresh Jadhav, 	M. Arunachalam, Urmi Ravindra Salve",ADJUSTABLE SEATING-STITCHING APPARATUS FOR HAND-WOVEN LEATHER FOOTWEAR IN KOLHAPURI,"Ganesh Suresh Jadhav, 	M. Arunachalam, Urmi Ravindra Salve",1/18/2019,12/27/2023,490164,Jadhav Ganesh S.,https://drive.google.com/drive/folders/1SOGhnbbAVMuZiTUwI276hijbcEr7dFT4?usp=sharing,https://iprsearch.ipindia.gov.in/PublicSearch/,School of Design,India,,,,,,,,,,,,,,,,,,,,
213,202321060827,Published,"Dr. Trushita Chaware, Atharv Pardeshi, Simran Patil, Aditi Kamlapurkar, Wasif Raza, Saksham Jain, Atharva Gore, Yash Kulkarni, Tanishq Naik, Om Godbole",MULTI-STAGE VERIFICATION ACCESS CONTROL SYSTEM,Dr. Vishwanath Karad MIT World Peace University,9/10/2023,12/15/2023,50/2023,"Dr.Vishwanath Karad MIT WORLD PEACE UNIVERSITY, PUNE",https://drive.google.com/file/d/1z-IlWEso4Xx6ONWgterlwoMbkAKD3ql_/view?usp=sharing,https://ipindiaservices.gov.in/publicsearch,Electrical and Electronics Engineering,India,"9,11,12,16",https://docs.google.com/document/d/1qdic_nniHgJus7PJ638PSNERn_wzlEY9/edit?usp=drive_link&ouid=100055678884218092676&rtpof=true&sd=true,,,,,,,,,,,,,,,,,,
214,202321037532,Published,"Mr. Siddharth Yadhav, Dr. Surbhi Razdan, Prof. Swanand Pachpore",A DEVICE FOR CHANGING POSITION OF A DISPLACEABLE COMPONENT,Dr. Vishwanath Karad MIT World Peace University,5/31/2023,8/25/2023,"	34/2023","Dr.Vishwanath Karad MIT WORLD PEACE UNIVERSITY, PUNE",https://drive.google.com/file/d/1E85HOzdC6RA4HT4uv1VNKOH_EgpGn3Bi/view?usp=drive_link,https://ipindiaservices.gov.in/publicsearch,Mechanical Engineering,India,"9,11,12,16",https://docs.google.com/document/d/1mcWRlz0LQE4LSTqUyEeyffvEEoi3lWfE/edit?usp=drive_link&ouid=100055678884218092676&rtpof=true&sd=true,,,,,,,,,,,,,,,,,,
215,202321037533,Published,"Mr. Siddharth Yadhav, Dr. Surbhi Razdan, Prof. Swanand Pachpore","	AN ANTI-THEFT SYSTEM FOR A VEHICLE",Dr. Vishwanath Karad MIT World Peace University,5/31/2023,8/25/2023,"	34/2023","Dr.Vishwanath Karad MIT WORLD PEACE UNIVERSITY, PUNE",https://drive.google.com/file/d/18O-c8XzBJD1xV4W6Yn-hnoLHnV_nmBRB/view?usp=sharing,https://ipindiaservices.gov.in/publicsearch,Mechanical Engineering,India,"9,11,12,16",https://docs.google.com/document/d/1mP5tZwDJ6U-WQC6pXcJ_K48FNZS2GCTt/edit?usp=drive_link&ouid=100055678884218092676&rtpof=true&sd=true,,,,,,,,,,,,,,,,,,
216,202321037685,Published,"Dr. Anuja Amlesh Askhedkar, Dr. Parul Jadhav, Dr. Prasad D. Khandekar, Harshali Zodpe, Savitri Nathrao Jadhav",SYSTEM AND METHOD FOR NON-INVASIVE CONTINUOUS GLUCOSE MONITORING,Dr. Vishwanath Karad MIT World Peace University,5/31/2023,8/25/2023,"	34/2023","Dr.Vishwanath Karad MIT WORLD PEACE UNIVERSITY, PUNE",https://drive.google.com/file/d/18ZFkpNns3sCHzb68ydWmttlQm3HZ5a3t/view?usp=sharing,https://ipindiaservices.gov.in/publicsearch,Electrical and Electronics Engineering,India,"3,9,11,12",https://docs.google.com/document/d/11Sa2zY-K5STyG5XuOZBu8V1E71Z2KGpo/edit?usp=drive_link&ouid=111632857619699904887&rtpof=true&sd=true,,,,,,,,,,,,,,,,,,
217,202321037690,Published,"Dr. Parul Jadhav, Dr. Prasad D. Khandekar, Dr. Anuja Amlesh Askhedkar, Harshali Zodpe, Savitri Nathrao Jadhav",SYSTEM AND METHOD FOR CROP DAMAGE ASSESSMENT,Dr. Vishwanath Karad MIT World Peace University,5/31/2023,8/25/2023,"	34/2023","Dr.Vishwanath Karad MIT WORLD PEACE UNIVERSITY, PUNE",https://drive.google.com/file/d/1zXyE55g0Fn6qCBwpMu42maWnZKR4J8vW/view?usp=drive_link,https://ipindiaservices.gov.in/publicsearch,Electrical and Electronics Engineering,India,,,,,,,,,,,,,,,,,,,,
218,202321047519,Published,"Priya Jain, Devangi Agarwal, Aniket Suresh Ingavale",AUTOMATED PAPER PUNCHER SYSTEM AND A METHOD THEREFOR,Dr. Vishwanath Karad MIT World Peace University,7/14/2023,"	29/09/2023",39/2023,"Dr.Vishwanath Karad MIT WORLD PEACE UNIVERSITY, PUNE",https://drive.google.com/file/d/1o_qd3HG3PrPhuSBCHivuWyaroB7jt9lO/view?usp=drive_link,https://ipindiaservices.gov.in/publicsearch,Computer Engineering & Technology,India,,,,,,,,,,,,,,,,,,,,
219,202321029342,Published,"Sagar Ramdas Sonawane, Amisha Rajkumar Pawar, Ratankumar Ashok Patil, Shweta Baban Kashid, Piyush Sanjayrao More, Ajinkyaraj Pratap Jachak",HEATING WALL FOR HOUSES IN COLD WEATHER REGION,Sagar Ramdas Sonawane,4/23/2023,6/2/2023,22/2023,"Dr.Vishwanath Karad MIT WORLD PEACE UNIVERSITY, PUNE",https://drive.google.com/file/d/1Ge1CSsTxJZkgXw4JCPaCY1tzCcQXBNPV/view?usp=sharing,https://ipindiaservices.gov.in/publicsearch,Polytechnic,India,"7,8,11,13",https://docs.google.com/document/d/1vHS80XfkglLk_gfxOjMvLngC8xLJpci7/edit?usp=drive_link&ouid=111632857619699904887&rtpof=true&sd=true,,,,,,,,,,,,,,,,,,
220,202321026331,Published,"Prof. Mrunal P. Fatangare, Prof. Hemlata Sandip Ohal, Prof. Vilas C. Rathod, Prof. Farhadeeba I. Shaikh, Prof. Kajal A. Chavhan, Jitendra V. Kachare	",IOT AND ARTIFICIAL INTELLIGENCE BASED SMART FARMING SYSTEM USING CLOUD COMPUTING AND WIRELESS SENSOR NETWORK,"Prof. Mrunal P. Fatangare, Prof. Hemlata Sandip Ohal, Prof. Vilas C. Rathod, Prof. Farhadeeba I. Shaikh, Prof. Kajal A. Chavhan, Jitendra V. Kachare	",4/8/2023,5/12/2023,19/2023,"Dr.Vishwanath Karad MIT WORLD PEACE UNIVERSITY, PUNE",https://drive.google.com/file/d/1V7CndNNAQCoBu16VDmqhcuHrwB2RSGbO/view?usp=sharing,https://ipindiaservices.gov.in/publicsearch,Computer Engineering & Technology,India,"2,6,9,12,13",https://docs.google.com/document/d/1VGf7qxKEwfXKZWe28hK925fYIOMZcqE8/edit?usp=drive_link&ouid=111632857619699904887&rtpof=true&sd=true,,,,,,,,,,,,,,,,,,
221,202321038972,Published,"Shrihari Mahadeo Bondar, Dr. Chidanand Dhondappa Koshti, Dr. Ratnakar Raghunath Ghorpade",A MANHOLE COVER FOR A DRAINAGE LINE,Dr. Vishwanath Karad MIT World Peace University,6/7/2023,8/25/2023,34/2023,"Dr.Vishwanath Karad MIT WORLD PEACE UNIVERSITY, PUNE",https://drive.google.com/file/d/1XtkGwYa8lU6-vW2pXTEqK8xWdrvSjGiD/view?usp=sharing,https://ipindiaservices.gov.in/publicsearch,Mechanical Engineering,India,"6,9,11,13",https://docs.google.com/document/d/1_2Ul9PjsorJ9cFGClU6luU-CxePrPdgk/edit?usp=drive_link&ouid=111632857619699904887&rtpof=true&sd=true,,,,,,,,,,,,,,,,,,
222,202341006686,Published,"Dr. Kakarlamudi V S Sudhakar, Dr. Santosh Kumar Singh, Dr. Pramod Kumar Nayak, Mrs.Mrunal Swapnil Aware, Mrs. Nita Ganesh Dongre(Jaybhaye), Mr. Mahendra Prabhakar Shinde",Improvement of an Intelligent Transportation System by using Blockchain technology,"Dr. Kakarlamudi V S Sudhakar, Dr. Santosh Kumar Singh, Dr. Pramod Kumar Nayak, Mrs.Mrunal Swapnil Aware, Mrs. Nita Ganesh Dongre(Jaybhaye), Mr. Mahendra Prabhakar Shinde",2/2/2023,2/10/2023,06/2023,"Dr.Vishwanath Karad MIT WORLD PEACE UNIVERSITY, PUNE",https://drive.google.com/file/d/1eQ9fV3Rqo8WIMNe-i1RsM19CcBrabsOE/view?usp=sharing,https://ipindiaservices.gov.in/publicsearch,Computer Engineering & Technology,India,"9,11,13,16,17",https://docs.google.com/document/d/1RWqFSESawSdp8437sKvzSXQkw3UU6Smo/edit?usp=drive_link&ouid=111632857619699904887&rtpof=true&sd=true,,,,,,,,,,,,,,,,,,
223,202321011100,Published,"Mr.Shrishail Basaprabhu Sollapur, Mr.Snehal Sayajirao Wagh, Mr Tushar Santosh Nikumbh, Chetana S Batakurki, Mr. Rajendra Navnath Todkar, Mr.Pradip Dnyaneshwar Bhambure, Ravibala Abhijit Patil, Mr.Vivekanand Naikwadi, Mr.Prashant Rade",DESIGN AND IMPROVEMENT OF MODIFIED BRAKE PEDAL WITH FOOT MOMENT DETECTOR,"Mr.Shrishail Basaprabhu Sollapur, Mr.Snehal Sayajirao Wagh, Mr Tushar Santosh Nikumbh, Chetana S Batakurki, Mr. Rajendra Navnath Todkar, Mr.Pradip Dnyaneshwar Bhambure, Ravibala Abhijit Patil, Mr.Vivekanand Naikwadi, Mr.Prashant Rade",2/18/2023,3/17/2023,11/2023,"Dr.Vishwanath Karad MIT WORLD PEACE UNIVERSITY, PUNE",https://drive.google.com/file/d/1rhRa43C4SjE2D5ktrv71LYsja_RO2akx/view?usp=sharing,https://ipindiaservices.gov.in/publicsearch,Polytechnic,India,"3,9,11,12",https://docs.google.com/document/d/1A4sEK0faDsaQP8jUGBT9LcRomeoMAr8b/edit?usp=drive_link&ouid=111632857619699904887&rtpof=true&sd=true,,,,,,,,,,,,,,,,,,
224,202321048592,Published,"Sandip Tukaram Chavan, Nakul Pramod Patil, Atharva Manoj Atre, Aniruddha Rajesh Paigude",AN AUTOMOBILE CLEANING UNIT,Dr. Vishwanath Karad MIT World Peace University,7/19/2023,9/22/2023,38/2023,"Dr.Vishwanath Karad MIT WORLD PEACE UNIVERSITY, PUNE",https://drive.google.com/file/d/1uersipg-M4y6YEtyOg1egUyaOmFcih4G/view?usp=sharing,https://ipindiaservices.gov.in/publicsearch,Mechanical Engineering,India,"6,9,11,12",https://docs.google.com/document/d/1xxLIZyJ3hc8Usq78XSj-JBH2CMJXulbz/edit?usp=drive_link&ouid=111632857619699904887&rtpof=true&sd=true,,,,,,,,,,,,,,,,,,
225,202321052085,Published,Kundlik Vitthalrao Mali,ENERGY EFFICIENT VAPOUR REFRIGERATION SYSTEMS,Kundlik Vitthalrao Mali,8/2/2023,9/29/2023,39/2023,"Dr.Vishwanath Karad MIT WORLD PEACE UNIVERSITY, PUNE",https://drive.google.com/file/d/1Jehe7nx654azTCg5wPPiofgS-LZgOpkl/view?usp=sharing,https://ipindiaservices.gov.in/publicsearch,Mechanical Engineering,India,"7,9,12,13",https://docs.google.com/document/d/170ByRm-CgUgAGlMndF_qJkHs0v2NCTV6/edit?usp=drive_link&ouid=111632857619699904887&rtpof=true&sd=true,,,,,,,,,,,,,,,,,,
226,202321006692,Published,"Mangesh Saraf, Sankalp Naresh Chopkar",SYSTEM AND METHOD FOR ERROR INSPECTION,"Dr. Vishwanath Karad MIT World Peace University, Mangesh Saraf, Sankalp Naresh Chopkar",2/2/2023,3/3/2023,09/2023,"Dr.Vishwanath Karad MIT WORLD PEACE UNIVERSITY, PUNE",https://drive.google.com/file/d/1nRVlf-MuV4Q51x1cuoircpJF18nQxKG0/view?usp=sharing,https://ipindiaservices.gov.in/publicsearch,Mechanical Engineering,India,"8,9,12,13",https://docs.google.com/document/d/1P7PAFZqNaJa60NBEHJSNiPEZW1el9-1q/edit?usp=drive_link&ouid=111632857619699904887&rtpof=true&sd=true,,,,,,,,,,,,,,,,,,
227,202321076469,Published,"Niraj S. Topare, Sunita Raut-Jadhav, Shantini A. Bokil, Vishnu P. Choudhari, Anish Khan",AN EFFICIENT AND COST-EFFECTIVE SYSTEM AND METHOD FOR REMOVAL OF A DISPERSED DYE FROM WASTEWATER,Dr. Vishwanath Karad MIT World Peace University,11/9/2023,12/22/2023,51/2023,"Dr.Vishwanath Karad MIT WORLD PEACE UNIVERSITY, PUNE",https://drive.google.com/file/d/1NQcJiByKwVBBOfx32pcniYntWOVhttrH/view?usp=sharing,https://ipindiaservices.gov.in/publicsearch,Chemical Engineering,India,"6,12,9,13",https://docs.google.com/document/d/1XPD06kLQt48i5yx_FVWuVMYLKrAxcSFy/edit?usp=drive_link&ouid=111632857619699904887&rtpof=true&sd=true,,,,,,,,,,,,,,,,,,
228,202321060826,Published,"Mr. Rajkumar Damodar Komati, Dr. Manoj S. Nagmode",SYSTEM AND METHOD FOR ENHANCEMENT OF MOTIONS OR CHANGES IN REGION OF INTEREST IN A VIDEO,Dr. Vishwanath Karad MIT World Peace University,9/10/2023,12/15/2023,50/2023,"Dr.Vishwanath Karad MIT WORLD PEACE UNIVERSITY, PUNE",https://drive.google.com/file/d/1KrRFeh18K683V0pjx-IPMo6sPeXWT4Cy/view?usp=drive_link,https://ipindiaservices.gov.in/publicsearch,Mechanical Engineering,India,,,,,,,,,,,,,,,,,,,,
229,202321052872,Published,"Prof. Swanand Pachpore, Mr. Adityaraj Kate, Mr. Atharva Khadse, Prof. Omkar Kulkarni, Prof. Samidha A Jawade",A COMPRESSIVE TESTING DEVICE FOR ENDODONTIC APPLICATION,Dr. Vishwanath Karad MIT World Peace University,8/7/2023,10/6/2023,"	40/2023","Dr.Vishwanath Karad MIT WORLD PEACE UNIVERSITY, PUNE",https://drive.google.com/file/d/1nA7ZXbba_0v5imChq4sIOL8tA_a5Z36v/view?usp=sharing,https://ipindiaservices.gov.in/publicsearch,Mechanical Engineering,India,"3,9,12,4",https://docs.google.com/document/d/1vvkBUki_uEui3obw87wfm9IKB19LQcFj/edit?usp=drive_link&ouid=111632857619699904887&rtpof=true&sd=true,,,,,,,,,,,,,,,,,,
230,2023/08594,Published,"KOTHAVALE, Basavraj; ANJALEKAR,Manas; SHIRODE,Deep; HIMANE,Sahil",A SOIL FERTILITY DETECTION ROBOT,"DR.VISHWANATH KARAD MIT WORLD PEACE UNIVERSITY; KOTHAVALE, Basavraj; ANJALEKAR,Manas; SHIRODE,Deep; HIMANE,Sahil",9/7/2023,NA,2023/08594,"Dr.Vishwanath Karad MIT WORLD PEACE UNIVERSITY, PUNE",https://drive.google.com/file/d/1ELaau68sTutfVlbpo3YwZboDHChQ-RaX/view?usp=sharing,https://iponline.cipc.co.za/Account/Login.aspx?pb=aVMvEDtYJoBv4STTqmvCTpb7MWDx2eY0ESHMO1dLY8+DkrV5ADDUPw==,Mechanical Engineering,South Africa,"2,12,9,15,13,8,17",https://docs.google.com/document/d/1MKCWkML9jHG49vTeAEnEf7TUa9G58wZ0/edit?usp=drive_link&ouid=107653910869487429344&rtpof=true&sd=true,,,,,,,,,,,,,,,,,,
231,2023/09088,Published,"AHER, Jaideep Vinod; GADEKAR, Abhijit Suresh; BARVE, Shivprakash B.; PATEL, Vibha",A MODULAR UNMANNED GROUND VEHICLE WITH MULTI-MODAL SENSING AND CONTROL CAPABILITIES,"DR.VISHWANATH KARAD MIT WORLD PEACE UNIVERSITY; AHER, Jaideep Vinod; GADEKAR, Abhijit Suresh; BARVE, Shivprakash B.; PATEL, Vibha",9/27/2023,NA,2023/09088,"Dr.Vishwanath Karad MIT WORLD PEACE UNIVERSITY, PUNE",https://drive.google.com/file/d/1x2NmjMf-VvcGwePPlAM5U4au3ORPb19J/view?usp=sharing,https://iponline.cipc.co.za/Account/Login.aspx?pb=aVMvEDtYJoBv4STTqmvCTpb7MWDx2eY0ESHMO1dLY8+DkrV5ADDUPw==,Mechanical Engineering,South Africa,"9,11,13,8,12,15,17",https://docs.google.com/document/d/1eyN7I0v_9uOyuHNWeU49nCsZUgFEqYWK/edit?usp=drive_link&ouid=107653910869487429344&rtpof=true&sd=true,,,,,,,,,,,,,,,,,,
232,2023/08591,Published,"WADGAONKAR,Vinayak S.; BHATKAR,Siraj; SHENOY,Vignesh; TATPATE,Pallavi",AN INTELLIGENT WEIGHT INDICATOR AND MONITORING DEVICE FOR DOMESTIC LPG CYLINDER,"DR.VISHWANATH KARAD MIT WORLD PEACE UNIVERSITY; WADGAONKAR,Vinayak S.; BHATKAR,Siraj; SHENOY,Vignesh; TATPATE,Pallavi",9/7/2023,NA,2023/08591,"Dr.Vishwanath Karad MIT WORLD PEACE UNIVERSITY, PUNE",https://drive.google.com/file/d/1PaeyUzI1x89-iYMcwtq6R-WGLfUKOyo1/view?usp=sharing,https://iponline.cipc.co.za/Account/Login.aspx?pb=aVMvEDtYJoBv4STTqmvCTpb7MWDx2eY0ESHMO1dLY8+DkrV5ADDUPw==,Petroleum Engineering,South Africa,"7,9,12,3,11,13",https://docs.google.com/document/d/1Hk2DeREDC7I3Tr76rSmaXigptszqPdux/edit?usp=drive_link&ouid=107653910869487429344&rtpof=true&sd=true,,,,,,,,,,,,,,,,,,
233,2023/08593,Published,"LOKHANDE, Netra; VERMA, Rupeshkumar; KISHAN, Shubham",A Computer Engineering & Technology AIDED DIAGNOSIS SYSTEM FOR GLAUCOMA DETECTION,"DR.VISHWANATH KARAD MIT WORLD PEACE UNIVERSITY; LOKHANDE, Netra; VERMA, Rupeshkumar; KISHAN, Shubham",9/7/2023,NA,2023/08593,"Dr.Vishwanath Karad MIT WORLD PEACE UNIVERSITY, PUNE",https://drive.google.com/file/d/1pHBIkq7jB89PKR0Sb8pFPFrSkVfDeGMd/view?usp=sharing,https://iponline.cipc.co.za/Account/Login.aspx?pb=aVMvEDtYJoBv4STTqmvCTpb7MWDx2eY0ESHMO1dLY8+DkrV5ADDUPw==,Electrical and Electronics Engineering,South Africa,"3,9,4,10,17",https://docs.google.com/document/d/1J7x9UuezgaKndoN9DR3V5YWQJY423_2p/edit?usp=drive_link&ouid=107653910869487429344&rtpof=true&sd=true,,,,,,,,,,,,,,,,,,
234,2023/08592,Published,"INGLE, Ganesh Shivaji; SHINDE, Sumant; SONAWANE, Mahesh B.",A MOULD FOR PREPARATION OF LIGHT WEIGHT CONCRETE PANEL BY USING E-WASTE,"DR.VISHWANATH KARAD MIT WORLD PEACE UNIVERSITY; INGLE, Ganesh Shivaji; SHINDE, Sumant; SONAWANE, Mahesh B.",9/7/2023,NA,2023/08592,"Dr.Vishwanath Karad MIT WORLD PEACE UNIVERSITY, PUNE",https://drive.google.com/file/d/1OVVn4ldd5L1LZ0HZhsD8byE7DDhbrjcN/view?usp=sharing,https://iponline.cipc.co.za/Account/Login.aspx?pb=aVMvEDtYJoBv4STTqmvCTpb7MWDx2eY0ESHMO1dLY8+DkrV5ADDUPw==,Civil Engineering,South Africa,"11,12,9,13,6,3",https://docs.google.com/document/d/1-DUp7S3u0OprFa8ao1zJpFrcDqsU1i1R/edit?usp=drive_link&ouid=107653910869487429344&rtpof=true&sd=true,,,,,,,,,,,,,,,,,,
235,2023/08595,Published,"WADGAONKAR, Vinayak S; KHURPADE, Pratiksha; BHATKAR, Siraj; SHENOY, Vignesh; TATPATE, Pallavi",A METAL ION ADSORBENT,"DR.VISHWANATH KARAD MIT WORLD PEACE UNIVERSITY; WADGAONKAR, Vinayak S; KHURPADE, Pratiksha; BHATKAR, Sira; SHENOY, Vignesh; TATPATE, Pallavi",9/7/2023,NA,2023/08595,"Dr.Vishwanath Karad MIT WORLD PEACE UNIVERSITY, PUNE",https://drive.google.com/file/d/1E1gv8mQK0l0IeGsm2jTAEKPxAJLpXJJE/view?usp=sharing,https://iponline.cipc.co.za/Account/Login.aspx?pb=aVMvEDtYJoBv4STTqmvCTpb7MWDx2eY0ESHMO1dLY8+DkrV5ADDUPw==,Petroleum Engineering,South Africa,"6,12,3,13,15,9",https://docs.google.com/document/d/12mFtvmsPOtfShDzJa1mfPgyh7LEUravY/edit?usp=drive_link&ouid=107653910869487429344&rtpof=true&sd=true,,,,,,,,,,,,,,,,,,
236,2023/08626,Published,"PATIL,Shreyas Nitin; PESODE,PralhadAtmaram",A SOLAR LIGHT TUBE FOR MULTILAYER FARMING,"DR.VISHWANATH KARAD MIT WORLD PEACE UNIVERSITY; PATIL,Shreyas Nitin; PESODE,PralhadAtmaram",9/8/2023,NA,2023/08626,"Dr.Vishwanath Karad MIT WORLD PEACE UNIVERSITY, PUNE",https://drive.google.com/file/d/10flC3IouzhJ9B_FnT1_7ID0i2WHXxFrP/view?usp=sharing,https://iponline.cipc.co.za/Account/Login.aspx?pb=aVMvEDtYJoBv4STTqmvCTpb7MWDx2eY0ESHMO1dLY8+DkrV5ADDUPw==,Mechanical Engineering,South Africa,"2,7,12,13,9,11,15",https://docs.google.com/document/d/1fkWoS7ln9gZ_rUbp5EKb_LOcrU5qmEeG/edit?usp=drive_link&ouid=107653910869487429344&rtpof=true&sd=true,,,,,,,,,,,,,,,,,,
237,2023/08628,Published,"KANTHALE, Vilas S.; DANDAWATE, Parth; AGARWAL, Arpit; PANWAR, Vikramaditya Singh",AN AUTOMATIC RESUSCITATOR BAG VENTILATOR,"DR.VISHWANATH KARAD MIT WORLD PEACE UNIVERSITY; KANTHALE, Vilas S.; DANDAWATE, Parth; AGARWAL, Arpit; PANWAR, Vikramaditya Singh",9/8/2023,NA,2023/08628,"Dr.Vishwanath Karad MIT WORLD PEACE UNIVERSITY, PUNE",https://drive.google.com/file/d/1O290m8WkmnWEnlQfBZfVa3NyF_xrDtqB/view?usp=sharing,https://iponline.cipc.co.za/Account/Login.aspx?pb=aVMvEDtYJoBv4STTqmvCTpb7MWDx2eY0ESHMO1dLY8+DkrV5ADDUPw==,Mechanical Engineering,South Africa,"3,9,12,1,11,17",https://docs.google.com/document/d/1RNnQTf5OK01SMCE21K3TOevbpPYw001a/edit?usp=drive_link&ouid=107653910869487429344&rtpof=true&sd=true,,,,,,,,,,,,,,,,,,
238,2023/08624,Published,"DASHPUTRE, Amey Satish; SHENOY, Vignesh Sheshagiri; DESHMUKH, Chaitanya Dilip",A GEOLOGICAL CRACK HAMMER WITH PICK ACCESSORY,"DR.VISHWANATH KARAD MIT WORLD PEACE UNIVERSITY; DASHPUTRE, Amey Satish; SHENOY, Vignesh Sheshagir; DESHMUKH, Chaitanya Dilip",9/8/2023,NA,2023/08624,"Dr.Vishwanath Karad MIT WORLD PEACE UNIVERSITY, PUNE",https://drive.google.com/file/d/1fVZYbeef5c03ElMImgI2qhVbWCEQxAh0/view?usp=sharing,https://iponline.cipc.co.za/Account/Login.aspx?pb=aVMvEDtYJoBv4STTqmvCTpb7MWDx2eY0ESHMO1dLY8+DkrV5ADDUPw==,Petroleum Engineering,South Africa,"9,12,8,4,11",https://docs.google.com/document/d/1TULXUgex8HheKBIJ6DQg84I-oDzr6hYN/edit?usp=drive_link&ouid=107653910869487429344&rtpof=true&sd=true,,,,,,,,,,,,,,,,,,
239,2023/10960,Published,"KUKADE, Shweta;  ZODPE, Harshali; KUMAWAT, Manisha",AN UPLINK SCHEDULING SYSTEM TO ENHANCE SPECTRAL EFFICIENCY OF 5G NETWORK,"DR. VISHWANATH KARAD MIT WORLD PEACE UNIVERSITY; KUKADE, Shweta; ZODPE, Harshali; KUMAWAT, Manisha",11/28/2023,NA,2023/10960,"Dr.Vishwanath Karad MIT WORLD PEACE UNIVERSITY, PUNE",https://drive.google.com/file/d/1ZusBr933T5M4rFbIg7e4-JucLGMMmaPW/view?usp=sharing,https://iponline.cipc.co.za/Account/Login.aspx?pb=aVMvEDtYJoBv4STTqmvCTpb7MWDx2eY0ESHMO1dLY8+DkrV5ADDUPw==,Electrical and Electronics Engineering,South Africa,"9,11,12,8,4,18",https://docs.google.com/document/d/1Vfy4AOUJS-fmgYa2uN9JspzG5zaywhnc/edit?usp=drive_link&ouid=107653910869487429344&rtpof=true&sd=true,,,,,,,,,,,,,,,,,,
240,2023/09085,Published,"WADGAONKAR, Vinayak S; KHURPADE, Pratiksha; TATPATE, Pallavi; BHATKAR, Siraj; SHENOY, Vignesh; ",A PROCESS FOR REMOVAL OF CR (VI) FROM WATER USING LIMA BEAN HUSK DERIVED ADSORBENT,"DR. VISHWANATH KARAD MIT WORLD PEACE UNIVERSITY; WADGAONKAR, Vinayak S.; KHURPADE, Pratiksha; TATPATE, Pallavi; BHATKAR, Siraj; SHENOY, Vignesh",9/27/2023,NA,2023/09085,"Dr.Vishwanath Karad MIT WORLD PEACE UNIVERSITY, PUNE",https://drive.google.com/file/d/1vfG8i8oppjKF6P-jfuHZ6GqQ03lnaIVX/view?usp=sharing,https://iponline.cipc.co.za/Account/Login.aspx?pb=aVMvEDtYJoBv4STTqmvCTpb7MWDx2eY0ESHMO1dLY8+DkrV5ADDUPw==,Petroleum Engineering,South Africa,"6,12,13,15",https://docs.google.com/document/d/1Lk0umKn4C3caeealBxnW8jsj11vwvm4F/edit?usp=drive_link&ouid=107653910869487429344&rtpof=true&sd=true,,,,,,,,,,,,,,,,,,
241,2023/09087,Published,"HIWALE, Anil S.; NARKHEDE, Gaurav G.; PATIL, Abhishek; SHENDKAR, Mayuresh; CHOPDA, Chirag",A SOLAR POWERED ELECTRIC VEHICLE ENHANCEMENT SYSTEM,"DR. VISHWANATH KARAD MIT WORLD PEACE UNIVERSITY; HIWALE, Anil S.; NARKHEDE, Gaurav G.; PATIL, Abhishek; SHENDKAR, Mayuresh; CHOPDA, Chirag",9/27/2023,NA,2023/09087,"Dr.Vishwanath Karad MIT WORLD PEACE UNIVERSITY, PUNE",https://drive.google.com/file/d/1wyu-mlVKIU7Vc22yi1WTTkPnmHNfJsfe/view?usp=sharing,https://iponline.cipc.co.za/Account/Login.aspx?pb=aVMvEDtYJoBv4STTqmvCTpb7MWDx2eY0ESHMO1dLY8+DkrV5ADDUPw==,Computer Engineering & Technology,South Africa,"7,9,11,13,3",https://docs.google.com/document/d/1vPaSQ8MJ-PNpyfEDOUoJBHLq0V4j_hj8/edit?usp=drive_link&ouid=107653910869487429344&rtpof=true&sd=true,,,,,,,,,,,,,,,,,,
242,2023/09086,Published,"YADHAV, Adinath D.; MINDE, Pravin; SAOJI, Atharva",A PRECAST SINGLE TEE GIRDER WITH GLASS FIBER REINFORCED POLYMER IN BRIDGE CONSTRUCTION,"DR. VISHWANATH KARAD MIT WORLD PEACE UNIVERSITY; YADHAV, Adinath D.; MINDE, Pravin; SAOJI, Atharva",9/27/2023,NA,2023/09086,"Dr.Vishwanath Karad MIT WORLD PEACE UNIVERSITY, PUNE",https://drive.google.com/file/d/11A6r8FjsuU8wH576o5T8qjx7V4e7_N0y/view?usp=sharing,https://iponline.cipc.co.za/Account/Login.aspx?pb=aVMvEDtYJoBv4STTqmvCTpb7MWDx2eY0ESHMO1dLY8+DkrV5ADDUPw==,Civil Engineering,South Africa,"9,11,13,12",https://docs.google.com/document/d/1DVTXXAkHsXErtJ6Nyzus6aN9t_PIkwC7/edit?usp=drive_link&ouid=107653910869487429344&rtpof=true&sd=true,,,,,,,,,,,,,,,,,,
243,2023/09137,Published,"CHAVAN, Hrishikesh; PATIL, Nishant; GUPTA, Pratush; LINGAM, Devashree; MANDYAL, Rashi; SINHARAY, Rajib K",A MACHINE LEARNING MODEL FOR LITHOLOGY PREDICTION USING WELL LOGS AND DRILLING DATA,"DR. VISHWANATH KARAD MIT WORLD PEACE UNIVERSITY; CHAVAN, Hrishikesh; PATIL, Nishant; GUPTA, Pratush; LINGAM, Devashree; MANDYAL, Rashi; SINHARAY, Rajib K.",9/28/2023,NA,2023/09137,"Dr.Vishwanath Karad MIT WORLD PEACE UNIVERSITY, PUNE",https://drive.google.com/file/d/1tjjTtQ0rwTOq0YITEcswA8dOdfbAI3Vi/view?usp=sharing,https://iponline.cipc.co.za/Account/Login.aspx?pb=aVMvEDtYJoBv4STTqmvCTpb7MWDx2eY0ESHMO1dLY8+DkrV5ADDUPw==,Petroleum Engineering,South Africa,"9,7,13,12",https://docs.google.com/document/d/15MS6WbYZYLLjOJ3SpCUNNBEd3QG3YXAq/edit?usp=drive_link&ouid=107653910869487429344&rtpof=true&sd=true,,,,,,,,,,,,,,,,,,
244,2023/08627,Published,"PANDE,Milind Sudhakar; BEDEKAR, Mangesh Vilas; VISHWARUPE,Varad Vivek; HANKEY,Alexander; ZAHOOR, Saniya; PATIL,Avinash Prakash",AN INTELLIGENT INTERACTIVE SYSTEM FOR ANALYZING ONLINE NEWS ARTICLES,"DR.VISHWANATH KARAD MIT WORLD PEACE UNIVERSITY; PANDE,Milind Sudhakar; BEDEKAR, Mangesh Vilas; VISHWARUPE,Varad Vivek; HANKEY,Alexander; ZAHOOR, Saniya; PATIL,Avinash Prakash",9/8/2023,NA,2023/08627,"Dr.Vishwanath Karad MIT WORLD PEACE UNIVERSITY, PUNE",https://drive.google.com/file/d/1IuM4BiinixBrKyjiToWa6jq9pZSTtoVN/view?usp=sharing,https://iponline.cipc.co.za/Account/Login.aspx?pb=aVMvEDtYJoBv4STTqmvCTpb7MWDx2eY0ESHMO1dLY8+DkrV5ADDUPw==,Computer Engineering & Technology,South Africa,"4,9,10,16,12,17",https://docs.google.com/document/d/12L7lD_8j-HTMgi_XIB1wJBfDBzc3z0Uh/edit?usp=drive_link&ouid=107653910869487429344&rtpof=true&sd=true,,,,,,,,,,,,,,,,,,
245,2023/10961,Published,"RAZDAN, Surbhi; KARKALE, Pranay Pramod; BHATE, Hardik; AAHER, Shruti; AAGRE, Rugved; BANSAL, Gaurav; POKALE, Atharva",A BAMBOO MOISTURE CHAMBER,"DR. VISHWANATH KARAD MIT WORLD PEACE UNIVERSITY; RAZDAN, Surbhi; KARKALE, Pranay Pramod; BHATE, Hardik; AAHER, Shruti; AAGRE, Rugved; BANSAL, Gaurav; POKALE, Atharva",11/28/2023,NA,2023/10961,"Dr.Vishwanath Karad MIT WORLD PEACE UNIVERSITY, PUNE",https://drive.google.com/file/d/1ZqtS88RC2rmsq_43GbVs-jgVR8_frllO/view?usp=sharing,https://iponline.cipc.co.za/Account/Login.aspx?pb=aVMvEDtYJoBv4STTqmvCTpb7MWDx2eY0ESHMO1dLY8+DkrV5ADDUPw==,Mechanical Engineering,South Africa,"9,12,13,15,6,8",https://docs.google.com/document/d/1Mrco3hekWKVDWyqDhdZOHev_GVb426nt/edit?usp=drive_link&ouid=107653910869487429344&rtpof=true&sd=true,,,,,,,,,,,,,,,,,,
246,2023/10962,Published,"LOKHANDE, Netra M., AHIRRAO, Shripad; SHARMA, Abhishek Kumar; PRAKASH, Ravi; DHAMALE, Sharvari; SHAIKH, Moeez",A SYSTEM FOR SURVEILLANCE ENHANCEMENT AND CONTROL DISPLAY USING MACHINE LEARNING FOR TRAFFIC VIOLATION,"DR. VISHWANATH KARAD MIT WORLD PEACE UNIVERSITY; LOKHANDE, Netra M.; AHIRRAO, Shripad; SHARMA, Abhishek Kumar; PRAKASH, Ravi; DHAMALE, Sharvari; SHAIKH, Moeez",11/28/2023,NA,2023/10962,"Dr.Vishwanath Karad MIT WORLD PEACE UNIVERSITY, PUNE",https://drive.google.com/file/d/1Rj9602Pbp7Y7F9PDC8GeqFg2BhnEl27V/view?usp=sharing,https://iponline.cipc.co.za/Account/Login.aspx?pb=aVMvEDtYJoBv4STTqmvCTpb7MWDx2eY0ESHMO1dLY8+DkrV5ADDUPw==,Electrical and Electronics Engineering,South Africa,"9,11,16,3,12,17",https://docs.google.com/document/d/1CnBSVj1buetCAdWYokmcuNarYRV9vOQj/edit?usp=drive_link&ouid=107653910869487429344&rtpof=true&sd=true,,,,,,,,,,,,,,,,,,
247,2023/09139,Published,"JOSHI, Ratnadip R.",A SUSTAINED RELEASE GREEN SMART BIO FERTILIZER PELLET,"DR. VISHWANATH KARAD MIT WORLD PEACE UNIVERSITY; JOSHI, Ratnadip R.",9/28/2023,NA,2023/09139,"Dr.Vishwanath Karad MIT WORLD PEACE UNIVERSITY, PUNE",https://drive.google.com/drive/folders/1ZSKbWh1O0qY_sZOe5y7uLtwWQBpTSppj?usp=sharing,https://iponline.cipc.co.za/Account/Login.aspx?pb=aVMvEDtYJoBv4STTqmvCTpb7MWDx2eY0ESHMO1dLY8+DkrV5ADDUPw==,Chemical Engineering,South Africa,"2,12,13,6,15,8,1,17",https://docs.google.com/document/d/152kFaeNGcvkfGJEkUk1QlMgkXbi4kaqS/edit?usp=drive_link&ouid=107653910869487429344&rtpof=true&sd=true,,,,,,,,,,,,,,,,,,
248,2023/09235,Published,"RANE, Rashmi Ashwinikumar; SABU, Nidhi; UTTAM, Sanket; SHIRBHATE, Venkatesh Dilip; CHAUDHARI, Keyur Sunit; DESHPANDE, Kalyani Prashant",A SYSTEM FOR EVALUATING AND RANKING CANDIDATE RESUMES,"DR. VISHWANATH KARAD MIT WORLD PEACE UNIVERSITY; RANE, Rashmi Ashwinikumar; SABU, Nidhi; UTTAM, Sanket; SHIRBHATE, Venkatesh Dilip; CHAUDHARI, Keyur Sunit; DESHPANDE, Kalyani Prashant",10/3/2023,NA,2023/09235,"Dr.Vishwanath Karad MIT WORLD PEACE UNIVERSITY, PUNE",https://drive.google.com/file/d/1V_GpJGo3b7m1ymPOCpywoY_SbrKD472r/view?usp=sharing,https://iponline.cipc.co.za/Account/Login.aspx?pb=aVMvEDtYJoBv4STTqmvCTpb7MWDx2eY0ESHMO1dLY8+DkrV5ADDUPw==,Computer Engineering & Technology,South Africa,"8,10,9,4,17,5",https://docs.google.com/document/d/1s_yxUkjUjhjhZ2ltf23IM_IDxCnzzJ8x/edit?usp=drive_link&ouid=107653910869487429344&rtpof=true&sd=true,,,,,,,,,,,,,,,,,,
249,2023/09236,Published,"WAGHMARE, Pratap; THOTE, Abhishek M.",A SOFT UNDERWATER MULTIARMED ROBOTIC GRIPPER,"DR. VISHWANATH KARAD MIT WORLD PEACE UNIVERSITY; WAGHMARE, Pratap; THOTE, Abhishek M.",10/3/2023,NA,2023/09236,"Dr.Vishwanath Karad MIT WORLD PEACE UNIVERSITY, PUNE",https://drive.google.com/file/d/1A0Q-EDve61CqmrA8F4FheLFe-Du6-iy6/view?usp=sharing,https://iponline.cipc.co.za/Account/Login.aspx?pb=aVMvEDtYJoBv4STTqmvCTpb7MWDx2eY0ESHMO1dLY8+DkrV5ADDUPw==,Mechanical Engineering,South Africa,"14,9,15,3,6,17",https://docs.google.com/document/d/1yJPTO1iVBcKeLBrZl2rlBXHUOm4EkL1M/edit?usp=drive_link&ouid=107653910869487429344&rtpof=true&sd=true,,,,,,,,,,,,,,,,,,
250,2023/09237,Published,"PATEL, Hitik; KULKARNI, Kaustubh Ganesh; TAMHANKAR, Neel; HAVALDAR, Sanjay Narayan",A WATER CLEANING BOAT,"DR. VISHWANATH KARAD MIT WORLD PEACE UNIVERSITY; PATEL, Hitik; KULKARNI, Kaustubh Ganesh; TAMHANKAR, Neel; HAVALDAR, Sanjay Narayan",10/3/2023,NA,2023/09237,"Dr.Vishwanath Karad MIT WORLD PEACE UNIVERSITY, PUNE",https://drive.google.com/file/d/1vrvsyzf-4pw8VdSUgbheFibvcHloMuIL/view?usp=sharing,https://iponline.cipc.co.za/Account/Login.aspx?pb=aVMvEDtYJoBv4STTqmvCTpb7MWDx2eY0ESHMO1dLY8+DkrV5ADDUPw==,Mechanical Engineering,South Africa,"14,12,13,11,6,17,14.1",https://docs.google.com/document/d/1XIktOObfQg2WmWf8uU80TJZMOB6HHZzk/edit?usp=drive_link&ouid=107653910869487429344&rtpof=true&sd=true,,,,,,,,,,,,,,,,,,
251,2023/09138,Published,"WADGAONKAR, Vinayak S.; KHURPADE, Pratiksha; TATPATE, Pallav; BHATKAR, Siraj; SHENOY, Vignesh",A METAL ION ADSORBENT FOR COPER (II) REMOVAL FROM RED GRAM HUSK,"DR. VISHWANATH KARAD MIT WORLD PEACE UNIVERSITY; WADGAONKAR, Vinayak S.; KHURPADE, Pratiksha; TATPATE, Pallavi; BHATKAR, Siraj; SHENOY, Vignesh",9/28/2023,NA,2023/09138,"Dr.Vishwanath Karad MIT WORLD PEACE UNIVERSITY, PUNE",https://drive.google.com/file/d/1NEZa_Yn_QWoRexSztHuUlWT9HDY7ZdPQ/view?usp=sharing,https://iponline.cipc.co.za/Account/Login.aspx?pb=aVMvEDtYJoBv4STTqmvCTpb7MWDx2eY0ESHMO1dLY8+DkrV5ADDUPw==,Petroleum Engineering,South Africa,"6,12,15,9,13,8,14,17",https://docs.google.com/document/d/1t4NGxq169R-dk5rMU5ZxGg4YJYqGFEDt/edit?usp=drive_link&ouid=107653910869487429344&rtpof=true&sd=true,,,,,,,,,,,,,,,,,,
252,202311010179,Published,"Dr. Charu Jain, Dr. Namit Pathak, Dr. Mukesh Kumar, Dr. Shuchi Gupta, Dr. Gurjinder Singh, Dr. Veeresh S J, Er Navneet Thakur, Dr Renuka Snehal Nifadkar, Dr T N Anitha, Dr Jayasudha K",EFFICIENT ANALYSIS OF POTENTIAL HEALTH AND ENVIRONMENTAL HEALTH RISKS ASSOCIATED WITH 6G WIRELESS COMMUNICATION NETW,"Dr. Charu Jain, Dr. Namit Pathak, Dr. Mukesh Kumar, Dr. Shuchi Gupta, Dr. Gurjinder Singh, Dr. Veeresh S J, Er Navneet Thakur, Dr Renuka Snehal Nifadkar, Dr T N Anitha, Dr Jayasudha K",2/15/2023,3/17/2023,11/2023,"Dr. Charu Jain, Dr. Namit Pathak, Dr. Mukesh Kumar, Dr. Shuchi Gupta, Dr. Gurjinder Singh, Dr. Veeresh S J, Er Navneet Thakur, Dr Renuka Snehal Nifadkar, Dr T N Anitha, Dr Jayasudha K",https://drive.google.com/file/d/1gVNR1Sf-ghQ2APDo9rzGv7kZRwyTle_A/view?usp=sharing,https://iprsearch.ipindia.gov.in/PublicSearch/,School of Business,India,,,,,,,,,,,,,,,,,,,,
253,202311030246,Published,"Dr. Ashutosh Dwivedi, Prof. Niraj B Mokale, Dr. Renuka Deshmukh, Dr. Anurag Shrivastava, Amit Shrivastava",CONCEPTUAL FRAMEWORK OF ARTIFICIAL INTELLIGENCE IN HUMAN RESOURCE MANAGEMENT,"Dr. Ashutosh Dwivedi, Prof. Niraj B Mokale, Dr. Renuka Deshmukh, Dr. Anurag Shrivastava, Amit Shrivastava",4/27/2023,5/26/2023,21/2023,"Dr. Ashutosh Dwivedi, Prof. Niraj B Mokale, Dr. Renuka Deshmukh, Dr. Anurag Shrivastava, Amit Shrivastava",https://drive.google.com/file/d/1dHCtyJ9-v5p6GVeJf_osG_Sc53CegxSm/view?usp=sharing,https://iprsearch.ipindia.gov.in/PublicSearch/,School of Business,India,,,,,,,,,,,,,,,,,,,,
254,202321013317,Published,"Dr. Sunita Jatav, Prof. Sonal Muluk, Dr. Rohini Sawalkar, Dr. Neelam Raut, Dr. Vimal Deep Saxena, Prof. Dr. P. SrinivasSubbarao, Mr. Kamala Kanta Dash",METHOD FOR SUSTAINABLE DEVELOPMENT OF CITIES,"Dr. Sunita Jatav, Prof. Sonal Muluk, Dr. Rohini Sawalkar, Dr. Neelam Raut, Dr. Vimal Deep Saxena, Prof. Dr. P. SrinivasSubbarao, Mr. Kamala Kanta Dash",2/28/2023,3/17/2023,11/2023,"Dr. Sunita Jatav, Prof. Sonal Muluk, Dr. Rohini Sawalkar, Dr. Neelam Raut, Dr. Vimal Deep Saxena, Prof. Dr. P. SrinivasSubbarao, Mr. Kamala Kanta Dash",https://drive.google.com/file/d/1RnoAgCLCcC0HggJ6sM-G82b6hSy6wbo3/view?usp=sharing,https://iprsearch.ipindia.gov.in/PublicSearch/,School of Business,India,,,,,,,,,,,,,,,,,,,,
255,202321028564,Published,Dr Renuka SnehalNifadkar,IOT BASED SMART AND CONTROLLABLE WHEELCHAIR FALL DETECTION FOR PHYSICALLY CHALLENGED PEOPLE,Dr Renuka SnehalNifadkar,4/19/2023,6/2/2023,22/2023,Dr Renuka SnehalNifadkar,https://drive.google.com/file/d/1pkmLvKB4HKkmAlUs9abxLyATX1q7C8t5/view?usp=sharing,https://iprsearch.ipindia.gov.in/PublicSearch/,School of Business,India,,,,,,,,,,,,,,,,,,,,
256,202321032299,Published,"Dr. Ameya Anil Patil, Dr. Rajeev Sengupta",WELLNESS WATCHER: SMART ALARMING MEDICINE BOTTLE,"Dr. Ameya Anil Patil, Dr. Rajeev Sengupta",08/05/2023,16/06/2023,24/2023,"Dr. Ameya Anil Patil, Dr. Rajeev Sengupta",https://drive.google.com/file/d/1Khj-iH4WH3o53dPdLWK3KQDR3EztdLb_/view?usp=sharing,https://iprsearch.ipindia.gov.in/PublicSearch/,School of Business,India,,,,,,,,,,,,,,,,,,,,
257,202321034651,Published,"Dr. Gautam Surendra Bapat, Dr. Shruti Nigudkar",UNIQUE IMPACT CLEANING FOR REUSABLE SANITARY PADS,"Dr. Gautam Surendra Bapat, Dr. Shruti Nigudkar",17/05/2023,16/06/2023,24/2023,"Dr. Gautam Surendra Bapat, Dr. Shruti Nigudkar",https://drive.google.com/file/d/1vtCrE43BOg0hz_0XvRtDGbCsyfUJuREP/view?usp=sharing,https://iprsearch.ipindia.gov.in/PublicSearch/,School of Business,India,,,,,,,,,,,,,,,,,,,,
258,202321036546,Published,"Prof. P. SrinivasSubbarao, Dr.Sunita Jatav, Dr. Gauatm SurendraBapat, Dr. Anjali Sane, Dr. Renuka SnehalNifadkar, Dr. Rajesh. P. Jawajala",A SYSTEM AND METHOD FOR MANAGING AND ACCESSING DIGITAL CONTENT,"Prof. P. SrinivasSubbarao, Dr.Sunita Jatav, Dr. Gauatm SurendraBapat, Dr. Anjali Sane, Dr. Renuka SnehalNifadkar, Dr. Rajesh. P. Jawajala",26/05/2023,8/11/2023,32/2023,"Prof. P. SrinivasSubbarao, Dr.Sunita Jatav, Dr. Gauatm SurendraBapat, Dr. Anjali Sane, Dr. Renuka SnehalNifadkar, Dr. Rajesh. P. Jawajala",https://drive.google.com/file/d/1s2ExRG79KMGb7EDGiOFQ_4jLKpZskzsk/view?usp=sharing,https://iprsearch.ipindia.gov.in/PublicSearch/,School of Business,India,,,,,,,,,,,,,,,,,,,,
259,202321044156,Published,Dr Renuka Deshmukh,"THE CHALLENGES, CONCEPTS, PROCESS AND METHODS OF SOCIAL IMPACT ASSESSMENT OF SOCIOLOGY",Dr Renuka Deshmukh,30/06/2023,24/11/2023,47/2023,Dr Renuka Deshmukh,https://drive.google.com/file/d/12kUJDu4TxRNqLXiKs3-_MTviULRBlqLJ/view?usp=sharing,https://iprsearch.ipindia.gov.in/PublicSearch/,School of Business,India,,,,,,,,,,,,,,,,,,,,
260,202321046487,Published,DR. P. MATHURASWAMY,DIGITAL BANKING SYSTEM WITH FACIAL RECOGNITION AND LIVENESS DETECTION,DR. P. MATHURASWAMY,11/07/2023,22/09/2023,38/2023,DR. P. MATHURASWAMY,https://drive.google.com/file/d/12wbsRz_FK9dgQzRm3aSYLzLuu060NzJh/view?usp=sharing,https://iprsearch.ipindia.gov.in/PublicSearch/,School of Business,India,,,,,,,,,,,,,,,,,,,,
261,202321072435,Published,Dr. Renuka Deshmukh,CHALLENGES AND IMPACT OF FINANCIAL MANAGEMENT PRACTICES ON THE DEVELOPMENT OF SMALL-TO-MEDIUM SIZE ENTERPRISES,Dr. Renuka Deshmukh,23/10/2023,24/11/2023,47/2023,Dr. Renuka Deshmukh,https://drive.google.com/file/d/1gpKPyCZKlVi1uVuUdlPRVEhgqD__PAzB/view?usp=sharing,https://iprsearch.ipindia.gov.in/PublicSearch/,School of Business,India,,,,,,,,,,,,,,,,,,,,
262,202331058300,Published,Dr. Mohsin Shaikh,ENHANCING LONG-TERM BUSINESS SUSTAINABILITY BY EXPLORING THE SUCCESS AND FAILURE FACTORS OF MOBILE INFORMATION TECHNSERVICES,Dr. Mohsin Shaikh,30/08/2023,13/10/2023,41/2023,Dr. Mohsin Shaikh,https://drive.google.com/file/d/1JYx4QodivQvnp28KH_GyCY79ffH-eWdh/view?usp=sharing,https://iprsearch.ipindia.gov.in/PublicSearch/,School of Business,India,,,,,,,,,,,,,,,,,,,,
263,202341005583,Published,Dr Renuka SnehalNifadkar,Effi cient and Optimized Development of the Eco-Friendly and sustainability based data centers,Dr Renuka SnehalNifadkar,27/01/2023,24/02/2023,08/2023,Dr Renuka SnehalNifadkar,https://drive.google.com/file/d/1vypH_SBD8B8JYuU6MTG_0x3aUlBPxtHY/view?usp=sharing,https://iprsearch.ipindia.gov.in/PublicSearch/,School of Business,India,,,,,,,,,,,,,,,,,,,,
264,202341058287,Published,Dr. RenukaDeshmukh,"ROLE OF COMMERCE EDUCATION CHALLENGES, IMPACT AND ROLE IN THE ECONOMIC DEVELOPMENT OF INDIA",Dr. RenukaDeshmukh,30/08/2023,08/09/2023,36/2023,Dr. RenukaDeshmukh,https://drive.google.com/file/d/1is7cPIAQSi4GUP4ASSl0uTkjaUKuhyus/view?usp=sharing,https://iprsearch.ipindia.gov.in/PublicSearch/,School of Business,India,,,,,,,,,,,,,,,,,,,,
265, 202341036784,Published,Dr. P. Mathuraswamy,BLOCK CHAIN BASED METHOD FOR REDUCING VEHICLE POLLUTANT EMISSIONS,Dr. P. Mathuraswamy,27/05/2023,1/09/2023,35/2023,Dr. P. Mathuraswamy,https://drive.google.com/file/d/1N1eQjaEHn4q0irNP_7OOxJi7SWNQRkbF/view?usp=sharing,https://iprsearch.ipindia.gov.in/PublicSearch/,School of Business,India,,,,,,,,,,,,,,,,,,,,
266,202341041438,Published,Dr. RenukaDeshmukh,"ENVIRONMENTALLY GREEN MANAGEMENT AND SUSTAINABLE BUSINESS PRACTICES IN MICRO, SMALL, AND MEDIUM ENTERPRISE BUSINES",Dr. RenukaDeshmukh,19/06/2023,18/08/2023,33/2023,Dr. RenukaDeshmukh,https://drive.google.com/file/d/1ILxl_TVoM-iBlFe0glA9tHZqcI8056Eo/view?usp=sharing,https://iprsearch.ipindia.gov.in/PublicSearch/,School of Business,India,,,,,,,,,,,,,,,,,,,,
267,202221077259,Published,Dr RenukaSnehalNifadkar,"FUTURE EVOLUTION OF ARTIFICIAL INTELLIGENCE ENABLED INTERNET OF THINGS IN FINANCE AND ECONOMIC INDUSTRY, AGRICULTUREINNOVATION AND FOOD INDUSTRY",Dr RenukaSnehalNifadkar,12/30/2022,1/13/2023,02/2023,Dr RenukaSnehalNifadkar,https://drive.google.com/file/d/1rEPuJUF_OKVGjhpBdMEs9NwNLOVvBsts/view?usp=sharing,https://iprsearch.ipindia.gov.in/PublicSearch/,School of Business,India,,,,,,,,,,,,,,,,,,,,
2024,,,,,,,,,,,,,,,,,,,,,,,,,,,,,,,,,
268,202121032629,Granted,"Nitinkumar Raghunath Anekar, Amit Chandrakant Nemade, Kushal Khandelwal",TEST RIG FOR MEASURING TRANSMISSIBILITY RATIO OF SHOCK ABSORBER,"Dr. Vishwanath Karad MIT World PeaceUniversity, Nitinkumar Raghunath Anekar",7/20/2021,11/21/2024,554691,Dr. Vishwanath Karad MIT World Peace University,https://drive.google.com/drive/folders/1feaqB14QWvUGsP-lr0bWZjALSZaMRnFe?usp=sharing,https://ipindiaservices.gov.in/publicsearch,Mechanical Engineering,India,"9,12,11,13",https://docs.google.com/document/d/1zkYazxvrK5Afhu3_ACMBYGKB4eOZZnCT/edit?usp=drive_link&ouid=111632857619699904887&rtpof=true&sd=true,,,,,,,,,,,,,,,,,,
269,202121023255,Granted,"Nabharun Niloy Bhattacharya, Garv Sethi, Vinit Ritesh Oswal, Dr. Anita Nene",CONDUCTING LIQUID VORTEX DC MOTOR,Dr. Vishwanath Karad MIT World Peace University,5/25/2021,12/2/2024,555670,Dr. Vishwanath Karad MIT World Peace University,https://drive.google.com/drive/folders/1AafaAsGtyUciepqqXBuem0ggqaQv7O8f?usp=sharing,https://ipindiaservices.gov.in/publicsearch,Mechanical Engineering,India,"7,9,12,13,11",https://docs.google.com/document/d/1bKMSpwEu_JIyt6KszKpHTBJck6klvrvU/edit?usp=drive_link&ouid=111632857619699904887&rtpof=true&sd=true,,,,,,,,,,,,,,,,,,
270,201721009049,Granted,"Puskaraj D Sonawwanay, Dr. V. K. Bupesh Raja",PORTABLE SOLAR WELDING KIT,"Puskaraj D Sonawwanay, Dr. V. K. Bupesh Raja",3/16/2017,2/7/2024,508274,Dr. Vishwanath Karad MIT World Peace University,https://drive.google.com/drive/folders/18EsHmdr7_Fe4DgVZBenrySnGR_bO2V1H?usp=sharing,https://ipindiaservices.gov.in/publicsearch,Mechanical Engineering,India,"7,9,13",https://docs.google.com/document/d/1GLPJuNDvvQg9_Y07LfpNa72sX0hSE0a8/edit?usp=drive_link&ouid=111632857619699904887&rtpof=true&sd=true,,,,,,,,,,,,,,,,,,
271,202121031924,Granted,"Deepak Popat Hujare, Paresh Sunil Patel",INBUILT TWO TIER JACK ASSEMBLY FOR VEHICLE,"Dr. Vishwanath Karad MIT World Peace University,Deepak Popat Hujare, Paresh Sunil Patel",7/15/2021,2/15/2024,511318,"Dr.Vishwanath Karad MIT WORLD PEACE UNIVERSITY, PUNE",https://drive.google.com/drive/folders/1J5hVTtbn-UqKp9mxkdQMf9DshyUHaHBM?usp=sharing,https://ipindiaservices.gov.in/publicsearch,Mechanical Engineering,India,"9,12,8,3,11",https://docs.google.com/document/d/1eKb_VqLWSj6qByU3x0z030b6en26XGQj/edit?usp=drive_link&ouid=111632857619699904887&rtpof=true&sd=true,,,,,,,,,,,,,,,,,,
272,202121034883,Granted,"Pruthviraj Patil, Viraj Jiwane, Slawyn Mascarenhas, Riya Huddar, Ashwajeet Pawar, Vignesh Shenoy, Sanket Shinde and Snehal Kolekar",SYSTEM FOR INLINE WAX DEPOSITION,"Dr.Vishwanath Karad MIT WORLD PEACE UNIVERSITY, PUNE",8/3/2021,3/8/2024,522541,"Dr.Vishwanath Karad MIT WORLD PEACE UNIVERSITY, PUNE",https://drive.google.com/drive/folders/1xtbNbdxflVrWnHdK-hFpwkUHCU4fmzVv?usp=sharing,https://ipindiaservices.gov.in/publicsearch,Mechanical Engineering,India,"9,7,12,13,14",https://docs.google.com/document/d/1-Uph49Tzz6vC4Wkxs2ydUmVo1ocEHEgf/edit?usp=drive_link&ouid=111632857619699904887&rtpof=true&sd=true,,,,,,,,,,,,,,,,,,
273,202121057896,Granted,"Ashutosh Ulhas Solanke, Shweta Yogesh Kukade, Hrushikesh Anil Kalamkar, Malhar Sanjay Jojare",SYSTEM FOR TRACKING AND MONITORING VEHICLES,"Ashutosh Ulhas Solanke, Malhar Sanjay Jojare, Dr.Vishwanath Karad MIT World Peace University, Shweta Yogesh Kukade, Hrushikesh Anil Kalamkar",12/13/2021,3/20/2024,529211,"Dr.Vishwanath Karad MIT WORLD PEACE UNIVERSITY, PUNE",https://drive.google.com/drive/folders/1RKRSDMu_BKIPfk-Zopwza9idblpYndPw?usp=sharing,https://ipindiaservices.gov.in/publicsearch,Electrical and Electronics Engineering,India,"9,11,12,13,17",https://docs.google.com/document/d/1E0rdCZx9ksOV7kCBERy3QEciFhU8aG4r/edit?usp=drive_link&ouid=111632857619699904887&rtpof=true&sd=true,,,,,,,,,,,,,,,,,,
274,202121039973,Granted,"Siddhant Verma, Suraj Shinde, Shubham Bhongade, Yogesh Mane",SYSTEM FOR ADJUSTING THE RAKE ANGLE OF A BICYCLE,"Dr. Vishwanath Karad MIT World Peace University, Siddhant Verma, Suraj Shinde, Shubham Bhongade, Yogesh Mane",9/3/2021,3/25/2024,530102,"Dr.Vishwanath Karad MIT WORLD PEACE UNIVERSITY, PUNE",https://drive.google.com/drive/folders/1vQKNTFph3ps4chshRy25-QOtvOhjlUYf?usp=sharing,https://ipindiaservices.gov.in/publicsearch,Mechanical Engineering,India,"3,9,11,13,17",https://docs.google.com/document/d/1kAsKpYpKMxaX9OdjurGH8tK8tgYF8-sh/edit?usp=drive_link&ouid=111632857619699904887&rtpof=true&sd=true,,,,,,,,,,,,,,,,,,
275,202121017030,Granted,"Puskaraj D Sonawwanay, Amit Chandrakant Nemade, Soham Vinayak Kulkarni, Rohit Ravindra Kulkarni, Nirbhay Sanjay Patil",MECHANICALLY OPERATED BLOOD COLLECTION MONITORING DEVICE,Dr. Vishwanath Karad MIT World Peace University,4/12/2021,4/16/2024,533321,"Dr.Vishwanath Karad MIT WORLD PEACE UNIVERSITY, PUNE",https://drive.google.com/drive/folders/17oynT70GvcHnRlWueUnDoXoM5iJ1Vguo?usp=sharing,https://ipindiaservices.gov.in/publicsearch,Mechanical Engineering,India,"3,8,9,10,11,17",https://docs.google.com/document/d/1jvvAvTIPTeL-R6Ug9Avf4Oyum68eML3D/edit?usp=drive_link&ouid=111632857619699904887&rtpof=true&sd=true,,,,,,,,,,,,,,,,,,
276,202121051789,Granted,"Anjali Purohit, Vijay Gohokar",System and method for distance relay protection of transmission line,"Dr. Vishwanath Karad MIT World Peace University, Anjali Purohit ",11/11/2021,6/20/2024,542358,"Dr.Vishwanath Karad MIT WORLD PEACE UNIVERSITY, PUNE",https://drive.google.com/drive/folders/1E1U-BFEmadAWl5cgw8a9XccfcSsfxfeU?usp=sharing,https://iprsearch.ipindia.gov.in/PublicSearch/,Electrical and Electronics Engineering,India,"7,9,11,13,12,17",https://docs.google.com/document/d/18WyNXmiwoQTfzf2xcPF8fTbcx9yxiGX4/edit?usp=drive_link&ouid=111632857619699904887&rtpof=true&sd=true,,,,,,,,,,,,,,,,,,
277,201921052290,Granted,"Mr.Vivekanand Arun Naikwadi, Mr.Chetan Kishor Patil. Mr.Abhijeet Mukund Shirude. Mr.Prashant Mahadev Patane. Mr.Gautam Jalba Narwade.",DESIGN AND DEVELOPMENT OF MODIFIED BRAKE PEDAL ASSEMBLY FOR EARLY DETECTION OF BRAKING PHENOMENON,"Mr.Vivekanand Arun Naikwadi, Mr.Chetan Kishor Patil. Mr.Abhijeet Mukund Shirude. Mr.Prashant Mahadev Patane. Mr.Gautam Jalba Narwade.",12/17/2019,4/30/2024,536370,"Dr.Vishwanath Karad MIT WORLD PEACE UNIVERSITY, PUNE",https://drive.google.com/file/d/1eKrZCPfNJ_0EWSjHLdVJFAGIhfgyk1el/view?usp=sharing,https://iprsearch.ipindia.gov.in/PublicSearch/,Mechanical Engineering,India,"3,9,11,12,13,17",https://docs.google.com/document/d/1Ab8jp5PT6_pdAxWt1VeTle8hKmWcC1M4/edit?usp=drive_link&ouid=111632857619699904887&rtpof=true&sd=true,,,,,,,,,,,,,,,,,,
278,2023/09237,Granted,"PATEL, Hitik; KULKARNI, Kaustubh Ganesh; TAMHANKAR, Neel; HAVALDAR, Sanjay Narayan",A WATER CLEANING BOAT,"DR. VISHWANATH KARAD MIT WORLD PEACE UNIVERSITY; PATEL, Hitik; KULKARNI, Kaustubh Ganesh; TAMHANKAR, Neel; HAVALDAR, Sanjay Narayan",10/3/2023,4/24/2024,2023/09237,"Dr.Vishwanath Karad MIT WORLD PEACE UNIVERSITY, PUNE",https://drive.google.com/drive/folders/1sgAwHf3S6h2RXE0xmHUSAHKwZgWplKrV?usp=sharing,https://iponline.cipc.co.za/Account/Login.aspx?pb=aVMvEDtYJoBv4STTqmvCTpb7MWDx2eY0ESHMO1dLY8+DkrV5ADDUPw==,Mechanical Engineering,South Africa,,,,,,,,,,,,,,,,,,,,
279,2023/09236,Granted,"WAGHMARE, Pratap; THOTE, Abhishek M.",A SOFT UNDERWATER MULTIARMED ROBOTIC GRIPPER,"DR. VISHWANATH KARAD MIT WORLD PEACE UNIVERSITY; WAGHMARE, Pratap; THOTE, Abhishek M.",10/3/2023,4/24/2024,2023/09236,"Dr.Vishwanath Karad MIT WORLD PEACE UNIVERSITY, PUNE",https://drive.google.com/drive/folders/1khesUS5LWlJ_NVJr8grYrKzV6R8F57s0?usp=sharing,https://iponline.cipc.co.za/Account/Login.aspx?pb=aVMvEDtYJoBv4STTqmvCTpb7MWDx2eY0ESHMO1dLY8+DkrV5ADDUPw==,Mechanical Engineering,South Africa,,,,,,,,,,,,,,,,,,,,
280,2023/08626,Granted,"PATIL,Shreyas Nitin; PESODE,PralhadAtmaram",A SOLAR LIGHT TUBE FOR MULTILAYER FARMING,"DR.VISHWANATH KARAD MIT WORLD PEACE UNIVERSITY; PATIL,Shreyas Nitin; PESODE,PralhadAtmaram",9/8/2023,3/27/2024,2023/08626,"Dr.Vishwanath Karad MIT WORLD PEACE UNIVERSITY, PUNE",https://drive.google.com/drive/folders/1bkQf_8CrAOqLwDHnB7isi07yyur0RVaT?usp=sharing,https://iponline.cipc.co.za/Account/Login.aspx?pb=aVMvEDtYJoBv4STTqmvCTpb7MWDx2eY0ESHMO1dLY8+DkrV5ADDUPw==,Mechanical Engineering,South Africa,,,,,,,,,,,,,,,,,,,,
281,2023/08594,Granted,"KOTHAVALE, Basavraj; ANJALEKAR,Manas; SHIRODE,Deep; HIMANE,Sahil",A SOIL FERTILITY DETECTION ROBOT,"DR.VISHWANATH KARAD MIT WORLD PEACE UNIVERSITY; KOTHAVALE, Basavraj; ANJALEKAR,Manas; SHIRODE,Deep; HIMANE,Sahil",9/7/2023,3/27/2024,2023/08594,"Dr.Vishwanath Karad MIT WORLD PEACE UNIVERSITY, PUNE",https://drive.google.com/drive/folders/1FufHPnp8pnB4cNi94TM7gHD3e0srxQsh?usp=sharing,https://iponline.cipc.co.za/Account/Login.aspx?pb=aVMvEDtYJoBv4STTqmvCTpb7MWDx2eY0ESHMO1dLY8+DkrV5ADDUPw==,Mechanical Engineering,South Africa,,,,,,,,,,,,,,,,,,,,
282,2023/08624,Granted,"DASHPUTRE, Amey Satish;DESHMUKH, Chaitanya Dilip;SHENOY, Vignesh Sheshagiri","	A GEOLOGICAL CRACK HAMMER WITH PICK ACCESSORY","Dr. Vishwanath Karad MIT World Peace University; DASHPUTRE, Amey Satish;DESHMUKH, Chaitanya Dilip;SHENOY, Vignesh Sheshagiri",9/8/2023,4/24/2024,2023/08624,"Dr.Vishwanath Karad MIT WORLD PEACE UNIVERSITY, PUNE",https://drive.google.com/drive/folders/1Eoj9ZQAc3Adz3M8nM24fmpJk4kpfzhzg?usp=sharing,https://iponline.cipc.co.za/Account/Login.aspx?pb=aVMvEDtYJoBv4STTqmvCTpb7MWDx2eY0ESHMO1dLY8+DkrV5ADDUPw==,Petroleum Engineering,South Africa,,,,,,,,,,,,,,,,,,,,
283,2023/09138,Granted,"BHATKAR, Siraj;KHURPADE, Pratiksha;SHENOY, Vignesh;TATPATE, Pallavi;WADGAONKAR, Vinayak S.",A METAL ION ADSORBENT FOR COPER (II) REMOVAL FROM RED GRAM HUSK,"Dr. Vishwanath Karad MIT World Peace University; BHATKAR, Siraj;KHURPADE, Pratiksha;SHENOY, Vignesh;TATPATE, Pallavi;WADGAONKAR, Vinayak S.",9/28/2023,4/24/2024,2023/09138,"Dr.Vishwanath Karad MIT WORLD PEACE UNIVERSITY, PUNE",https://drive.google.com/drive/folders/1J60QZ_wZDZDaAhCcHpMKIe7YKUFY5PhJ?usp=sharing,https://iponline.cipc.co.za/Account/Login.aspx?pb=aVMvEDtYJoBv4STTqmvCTpb7MWDx2eY0ESHMO1dLY8+DkrV5ADDUPw==,Petroleum Engineering,South Africa,,,,,,,,,,,,,,,,,,,,
284,2023/09086,Granted,"MINDE, Pravin;SAOJI, Atharva;YADHAV, Adinath D.",A PRECAST SINGLE TEE GIRDER WITH GLASS FIBER REINFORCED POLYMER IN BRIDGE CONSTRUCTION,"Dr. Vishwanath Karad MIT World Peace University; MINDE, Pravin;SAOJI, Atharva;YADHAV, Adinath D.",9/27/2023,4/24/2024,2023/09086,"Dr.Vishwanath Karad MIT WORLD PEACE UNIVERSITY, PUNE",https://drive.google.com/drive/folders/1ZmSUo0R7broF7tSf-PwuIKE-6jXXM30o?usp=sharing,https://iponline.cipc.co.za/Account/Login.aspx?pb=aVMvEDtYJoBv4STTqmvCTpb7MWDx2eY0ESHMO1dLY8+DkrV5ADDUPw==,Civil Engineering,South Africa,,,,,,,,,,,,,,,,,,,,
285,2023/09087,Granted,"CHOPDA, Chirag;HIWALE, Anil S.;NARKHEDE, Gaurav G.;PATIL, Abhishek;SHENDKAR, Mayuresh",A SOLAR POWERED ELECTRIC VEHICLE ENHANCEMENT SYSTEM,"Dr. Vishwanath Karad MIT World Peace University; CHOPDA, Chirag;HIWALE, Anil S.;NARKHEDE, Gaurav G.;PATIL, Abhishek;SHENDKAR, Mayuresh",9/27/2023,4/24/2024,2023/09087,"Dr.Vishwanath Karad MIT WORLD PEACE UNIVERSITY, PUNE",https://drive.google.com/drive/folders/1iVCBR9DziJXMFIwrWaVY49mPDmzGIR7r?usp=sharing,https://iponline.cipc.co.za/Account/Login.aspx?pb=aVMvEDtYJoBv4STTqmvCTpb7MWDx2eY0ESHMO1dLY8+DkrV5ADDUPw==,Electrical and Electronics Engineering,South Africa,,,,,,,,,,,,,,,,,,,,
286,2023/09088,Granted,"AHER, Jaideep Vinod; GADEKAR, Abhijit Suresh; BARVE, Shivprakash B.; PATEL, Vibha",A MODULAR UNMANNED GROUND VEHICLE WITH MULTI-MODAL SENSING AND CONTROL CAPABILITIES,"DR.VISHWANATH KARAD MIT WORLD PEACE UNIVERSITY; AHER, Jaideep Vinod; GADEKAR, Abhijit Suresh; BARVE, Shivprakash B.; PATEL, Vibha",9/27/2023,4/24/2024,2023/09088,"Dr.Vishwanath Karad MIT WORLD PEACE UNIVERSITY, PUNE",https://drive.google.com/drive/folders/1DlZxD0bvK5Yr_dTYrdUuACeiux_uunqh?usp=sharing,https://iponline.cipc.co.za/Account/Login.aspx?pb=aVMvEDtYJoBv4STTqmvCTpb7MWDx2eY0ESHMO1dLY8+DkrV5ADDUPw==,Mechanical Engineering,South Africa,,,,,,,,,,,,,,,,,,,,
287,2023/09139,Granted,"JOSHI, Ratnadip R.",A SUSTAINED RELEASE GREEN SMART BIO FERTILIZER PELLET,"DR. VISHWANATH KARAD MIT WORLD PEACE UNIVERSITY; JOSHI, Ratnadip R.",9/28/2023,4/24/2024,2023/09139,"Dr.Vishwanath Karad MIT WORLD PEACE UNIVERSITY, PUNE",https://drive.google.com/drive/folders/1ZSKbWh1O0qY_sZOe5y7uLtwWQBpTSppj?usp=sharing,https://iponline.cipc.co.za/Account/Login.aspx?pb=aVMvEDtYJoBv4STTqmvCTpb7MWDx2eY0ESHMO1dLY8+DkrV5ADDUPw==,Chemical Engineering,South Africa,,,,,,,,,,,,,,,,,,,,
288,2023/09235,Granted,"RANE, Rashmi Ashwinikumar; SABU, Nidhi; UTTAM, Sanket; SHIRBHATE, Venkatesh Dilip; CHAUDHARI, Keyur Sunit; DESHPANDE, Kalyani Prashant",A SYSTEM FOR EVALUATING AND RANKING CANDIDATE RESUMES,"DR. VISHWANATH KARAD MIT WORLD PEACE UNIVERSITY; RANE, Rashmi Ashwinikumar; SABU, Nidhi; UTTAM, Sanket; SHIRBHATE, Venkatesh Dilip; CHAUDHARI, Keyur Sunit; DESHPANDE, Kalyani Prashant",10/3/2023,4/24/2024,2023/09235,"Dr.Vishwanath Karad MIT WORLD PEACE UNIVERSITY, PUNE",https://drive.google.com/drive/folders/15p9T_cqMBZ2oEe-pFJIOTSWRFoxLOSN7?usp=sharing,https://iponline.cipc.co.za/Account/Login.aspx?pb=aVMvEDtYJoBv4STTqmvCTpb7MWDx2eY0ESHMO1dLY8+DkrV5ADDUPw==,Computer Engineering & Technology,South Africa,,,,,,,,,,,,,,,,,,,,
289,2023/08627,Granted,"PANDE,Milind Sudhakar; BEDEKAR, Mangesh Vilas; VISHWARUPE,Varad Vivek; HANKEY,Alexander; ZAHOOR, Saniya; PATIL,Avinash Prakash",AN INTELLIGENT INTERACTIVE SYSTEM FOR ANALYZING ONLINE NEWS ARTICLES,"DR.VISHWANATH KARAD MIT WORLD PEACE UNIVERSITY; PANDE,Milind Sudhakar; BEDEKAR, Mangesh Vilas; VISHWARUPE,Varad Vivek; HANKEY,Alexander; ZAHOOR, Saniya; PATIL,Avinash Prakash",9/8/2023,3/27/2024,2023/08627,"Dr.Vishwanath Karad MIT WORLD PEACE UNIVERSITY, PUNE",https://drive.google.com/drive/folders/1e_s-IZjKnFF9ccqjbfXHCtCFuG6QAaUd?usp=sharing,https://iponline.cipc.co.za/Account/Login.aspx?pb=aVMvEDtYJoBv4STTqmvCTpb7MWDx2eY0ESHMO1dLY8+DkrV5ADDUPw==,Computer Engineering & Technology,South Africa,,,,,,,,,,,,,,,,,,,,
290,2023/09137,Granted,"CHAVAN, Hrishikesh; PATIL, Nishant; GUPTA, Pratush; LINGAM, Devashree; MANDYAL, Rashi; SINHARAY, Rajib K",A MACHINE LEARNING MODEL FOR LITHOLOGY PREDICTION USING WELL LOGS AND DRILLING DATA,"DR. VISHWANATH KARAD MIT WORLD PEACE UNIVERSITY; CHAVAN, Hrishikesh; PATIL, Nishant; GUPTA, Pratush; LINGAM, Devashree; MANDYAL, Rashi; SINHARAY, Rajib K.",9/28/2023,4/24/2024,2023/09137,"Dr.Vishwanath Karad MIT WORLD PEACE UNIVERSITY, PUNE",https://drive.google.com/drive/folders/1xbGqUksvOXwn1YWxx8pjt1_SBIvR0ATt?usp=sharing,https://iponline.cipc.co.za/Account/Login.aspx?pb=aVMvEDtYJoBv4STTqmvCTpb7MWDx2eY0ESHMO1dLY8+DkrV5ADDUPw==,Petroleum Engineering,South Africa,,,,,,,,,,,,,,,,,,,,
291,2023/09085,Granted,"WADGAONKAR, Vinayak S; KHURPADE, Pratiksha; TATPATE, Pallavi; BHATKAR, Siraj; SHENOY, Vignesh; ",A PROCESS FOR REMOVAL OF CR (VI) FROM WATER USING LIMA BEAN HUSK DERIVED ADSORBENT,"DR. VISHWANATH KARAD MIT WORLD PEACE UNIVERSITY; WADGAONKAR, Vinayak S.; KHURPADE, Pratiksha; TATPATE, Pallavi; BHATKAR, Siraj; SHENOY, Vignesh",9/27/2023,4/24/2024,2023/09085,"Dr.Vishwanath Karad MIT WORLD PEACE UNIVERSITY, PUNE",https://drive.google.com/drive/folders/1Oy9lTTiZt4_QrczkBpE9GX7O7h2l6Z0g?usp=sharing,https://iponline.cipc.co.za/Account/Login.aspx?pb=aVMvEDtYJoBv4STTqmvCTpb7MWDx2eY0ESHMO1dLY8+DkrV5ADDUPw==,Petroleum Engineering,South Africa,,,,,,,,,,,,,,,,,,,,
292,2023/08628,Granted,"KANTHALE, Vilas S.; DANDAWATE, Parth; AGARWAL, Arpit; PANWAR, Vikramaditya Singh",AN AUTOMATIC RESUSCITATOR BAG VENTILATOR,"DR.VISHWANATH KARAD MIT WORLD PEACE UNIVERSITY; KANTHALE, Vilas S.; DANDAWATE, Parth; AGARWAL, Arpit; PANWAR, Vikramaditya Singh",9/8/2023,3/27/2024,2023/08628,"Dr.Vishwanath Karad MIT WORLD PEACE UNIVERSITY, PUNE",https://drive.google.com/drive/folders/18ij0PvPx9sy0pa7LOnVMWCR_r0ZPpvZR?usp=sharing,https://iponline.cipc.co.za/Account/Login.aspx?pb=aVMvEDtYJoBv4STTqmvCTpb7MWDx2eY0ESHMO1dLY8+DkrV5ADDUPw==,Mechanical Engineering,South Africa,,,,,,,,,,,,,,,,,,,,
293,2023/08595,Granted,"WADGAONKAR, Vinayak S; KHURPADE, Pratiksha; BHATKAR, Siraj; SHENOY, Vignesh; TATPATE, Pallavi",A METAL ION ADSORBENT,"DR.VISHWANATH KARAD MIT WORLD PEACE UNIVERSITY; WADGAONKAR, Vinayak S; KHURPADE, Pratiksha; BHATKAR, Sira; SHENOY, Vignesh; TATPATE, Pallavi",9/7/2023,3/27/2024,2023/08595,"Dr.Vishwanath Karad MIT WORLD PEACE UNIVERSITY, PUNE",https://drive.google.com/drive/folders/1goyxFnAzBV58aFzu_PlV2SR_yAYBgwbZ?usp=sharing,https://iponline.cipc.co.za/Account/Login.aspx?pb=aVMvEDtYJoBv4STTqmvCTpb7MWDx2eY0ESHMO1dLY8+DkrV5ADDUPw==,Petroleum Engineering,South Africa,,,,,,,,,,,,,,,,,,,,
294,2023/08592,Granted,"INGLE, Ganesh Shivaji; SHINDE, Sumant; SONAWANE, Mahesh B.",A MOULD FOR PREPARATION OF LIGHT WEIGHT CONCRETE PANEL BY USING E-WASTE,"DR.VISHWANATH KARAD MIT WORLD PEACE UNIVERSITY; INGLE, Ganesh Shivaji; SHINDE, Sumant; SONAWANE, Mahesh B.",9/7/2023,3/27/2024,2023/08592,"Dr.Vishwanath Karad MIT WORLD PEACE UNIVERSITY, PUNE",https://drive.google.com/drive/folders/145B_VIxkUzT1ET08m0iI8cXyQsWQ_1i0?usp=sharing,https://iponline.cipc.co.za/Account/Login.aspx?pb=aVMvEDtYJoBv4STTqmvCTpb7MWDx2eY0ESHMO1dLY8+DkrV5ADDUPw==,Civil Engineering,South Africa,,,,,,,,,,,,,,,,,,,,
295,2023/08593,Granted,"LOKHANDE, Netra; VERMA, Rupeshkumar; KISHAN, Shubham",A COMPUTER AIDED DIAGNOSIS SYSTEM FOR GLAUCOMA DETECTION,"DR.VISHWANATH KARAD MIT WORLD PEACE UNIVERSITY; LOKHANDE, Netra; VERMA, Rupeshkumar; KISHAN, Shubham",9/7/2023,3/27/2024,2023/08593,"Dr.Vishwanath Karad MIT WORLD PEACE UNIVERSITY, PUNE",https://drive.google.com/drive/folders/1tyCre7akedHwPZPO_798IZt_bYETo_OL?usp=sharing,https://iponline.cipc.co.za/Account/Login.aspx?pb=aVMvEDtYJoBv4STTqmvCTpb7MWDx2eY0ESHMO1dLY8+DkrV5ADDUPw==,Electrical and Electronics Engineering,South Africa,,,,,,,,,,,,,,,,,,,,
296,2023/08591,Granted,"WADGAONKAR,Vinayak S.; BHATKAR,Siraj; SHENOY,Vignesh; TATPATE,Pallavi",AN INTELLIGENT WEIGHT INDICATOR AND MONITORING DEVICE FOR DOMESTIC LPG CYLINDER,"DR.VISHWANATH KARAD MIT WORLD PEACE UNIVERSITY; WADGAONKAR,Vinayak S.; BHATKAR,Siraj; SHENOY,Vignesh; TATPATE,Pallavi",9/7/2023,3/27/2024,2023/08591,"Dr.Vishwanath Karad MIT WORLD PEACE UNIVERSITY, PUNE",https://drive.google.com/drive/folders/1da573h_IDZoTxNmLFY5PhGr9MqZ9TcSC?usp=sharing,https://iponline.cipc.co.za/Account/Login.aspx?pb=aVMvEDtYJoBv4STTqmvCTpb7MWDx2eY0ESHMO1dLY8+DkrV5ADDUPw==,Petroleum Engineering,South Africa,,,,,,,,,,,,,,,,,,,,
297,2023/10960,Granted,"KUKADE, Shweta;  ZODPE, Harshali; KUMAWAT, Manisha",AN UPLINK SCHEDULING SYSTEM TO ENHANCE SPECTRAL EFFICIENCY OF 5G NETWORK,"DR. VISHWANATH KARAD MIT WORLD PEACE UNIVERSITY; KUKADE, Shweta; ZODPE, Harshali; KUMAWAT, Manisha",11/28/2023,6/26/2024,2023/10960,"Dr.Vishwanath Karad MIT WORLD PEACE UNIVERSITY, PUNE",https://drive.google.com/drive/folders/1RlIBWj1hX4pjjoodxLjj4TppGOEaGF-f?usp=sharing,https://iponline.cipc.co.za/Account/Login.aspx?pb=aVMvEDtYJoBv4STTqmvCTpb7MWDx2eY0ESHMO1dLY8+DkrV5ADDUPw==,Electrical and Electronics Engineering,South Africa,,,,,,,,,,,,,,,,,,,,
298,2023/10961,Granted,"RAZDAN, Surbhi; KARKALE, Pranay Pramod; BHATE, Hardik; AAHER, Shruti; AAGRE, Rugved; BANSAL, Gaurav; POKALE, Atharva",A BAMBOO MOISTURE CHAMBER,"DR. VISHWANATH KARAD MIT WORLD PEACE UNIVERSITY; RAZDAN, Surbhi; KARKALE, Pranay Pramod; BHATE, Hardik; AAHER, Shruti; AAGRE, Rugved; BANSAL, Gaurav; POKALE, Atharva",11/28/2023,6/26/2024,2023/10961,"Dr.Vishwanath Karad MIT WORLD PEACE UNIVERSITY, PUNE",https://drive.google.com/drive/folders/1VAgkom2k3MlGTIXAwTgi_SX2fFf6ZjTH?usp=sharing,https://iponline.cipc.co.za/Account/Login.aspx?pb=aVMvEDtYJoBv4STTqmvCTpb7MWDx2eY0ESHMO1dLY8+DkrV5ADDUPw==,Mechanical Engineering,South Africa,,,,,,,,,,,,,,,,,,,,
299,2023/10962,Granted,"LOKHANDE, Netra M., AHIRRAO, Shripad; SHARMA, Abhishek Kumar; PRAKASH, Ravi; DHAMALE, Sharvari; SHAIKH, Moeez",A SYSTEM FOR SURVEILLANCE ENHANCEMENT AND CONTROL DISPLAY USING MACHINE LEARNING FOR TRAFFIC VIOLATION,"DR. VISHWANATH KARAD MIT WORLD PEACE UNIVERSITY; LOKHANDE, Netra M.; AHIRRAO, Shripad; SHARMA, Abhishek Kumar; PRAKASH, Ravi; DHAMALE, Sharvari; SHAIKH, Moeez",11/28/2023,6/26/2024,2023/10962,"Dr.Vishwanath Karad MIT WORLD PEACE UNIVERSITY, PUNE",https://drive.google.com/drive/folders/1XnsYacPwSLgSdsr1ltz0bl5q-amctv_c?usp=sharing,https://iponline.cipc.co.za/Account/Login.aspx?pb=aVMvEDtYJoBv4STTqmvCTpb7MWDx2eY0ESHMO1dLY8+DkrV5ADDUPw==,Electrical and Electronics Engineering,South Africa,,,,,,,,,,,,,,,,,,,,
300,2024/00068,Granted,"BONDAR, Shrihari Mahadeo;MAHESHWARI, Kunj;MALVIYA, Ayush;PAREKH, Vyom",A BRAKE SYSTEM SAFETY DEVICE FOR ELECTRIC VEHICLES,"Dr. Vishwanath Karad MIT World Peace University; BONDAR, Shrihari Mahadeo;MAHESHWARI, Kunj;MALVIYA, Ayush;PAREKH, Vyom",1/2/2024,7/31/2024,2024/00068,Dr. Vishwanath Karad MIT World Peace University,https://drive.google.com/file/d/1H7bpRGcb1XAgQC73I-ErQspLdfOZb_RV/view?usp=drive_link,https://iponline.cipc.co.za/Account/Login.aspx?pb=aVMvEDtYJoBv4STTqmvCTpb7MWDx2eY0ESHMO1dLY8+DkrV5ADDUPw==,Mechanical Engineering,South Africa,,,,,,,,,,,,,,,,,,,,
301,2024/00069,Granted,"JAIN, Ronit Manish;LENKA, Arpita Manoj;NATH, Deepa Soumik",AN AUTOMATED SOLDERING STAND ASSISTS USER IN HIGH FIDELITY SOLDERING,"Dr. Vishwanath Karad MIT World Peace University; JAIN, Ronit Manish;LENKA, Arpita Manoj;NATH, Deepa Soumik",1/2/2024,7/31/2024,2024/00069,Dr. Vishwanath Karad MIT World Peace University,https://drive.google.com/file/d/1EPEAkYhsDGZPeSdUli6cxlcwddMpeCt7/view?usp=drive_link,https://iponline.cipc.co.za/Account/Login.aspx?pb=aVMvEDtYJoBv4STTqmvCTpb7MWDx2eY0ESHMO1dLY8+DkrV5ADDUPw==,Electrical and Electronics Engineering,South Africa,,,,,,,,,,,,,,,,,,,,
302,202221059376,Granted,"Akshay Motilal Baheti, Amol Ambadas Tagalpallewar, Tanya David, Ananya Mandal, Shoumya Banerjee, Amankhan Pathan",CONTAINER FOR REDISTRIBUTING CONTENT,"Dr. Vishwanath Karad MIT World Peace University, Akshay Motilal Baheti, Amol Ambadas Tagalpallewar",10/18/2022,2/6/2024,507494,"Dr.Vishwanath Karad MIT WORLD PEACE UNIVERSITY, PUNE",https://drive.google.com/drive/folders/1iZcCd2Rc4_lphwZ7XW8Nym_xzEl7lP3w?usp=sharing,https://ipindiaservices.gov.in/publicsearch,School of Pharmacy,India,"12,9,3",https://docs.google.com/document/d/1TAdHIPg5KEZ3EeiFEPahzlOa1YFlktY1/edit?usp=drive_link&ouid=107012002616528930821&rtpof=true&sd=true,,,,,,,,,,,,,,,,,,
303,202221002680,Granted,"Akshay Baheti, Sohit Baheti, Mansi Nimbalkar, Manish Wani, Amol Tagalpallewar, Satish Polshettiwar, Varun Pande, Ameya Joshi, Ranjeet Nimbalkar",Medical Device for Suppository Insertion,"School of Pharmacy, Dr. Vishwanath Karad MIT World Peace University",1/17/2022,3/14/2024,524898,Dr. Vishwanath Karad MIT-World Peace University,https://drive.google.com/drive/folders/1gnVRBxzsTVbMPW4FNuQpuNOINmXHPQv6?usp=sharing,https://iprsearch.ipindia.gov.in/PublicSearch/,School of Pharmacy,India,"3,9,12",https://docs.google.com/document/d/1xBGmRwCHYCllBraia5ough4s91F3HbiH/edit?usp=drive_link&ouid=107012002616528930821&rtpof=true&sd=true,,,,,,,,,,,,,,,,,,
304,202321045513,Published,"Dr. Deepak Hujare, Anand Belsare, Aakanksha Kajale, Shruti Kulkarni",INSPECTION OF PIPELINE AND METHOD THEREOF,Dr. Vishwanath Karad MIT World Peace University,7/6/2023,1/5/2024,01/2024,Dr. Vishwanath Karad MIT World Peace University,https://drive.google.com/file/d/1HThZhcCuPIsjPICigSX75zsadODirFNS/view?usp=sharing,https://ipindiaservices.gov.in/publicsearch,Mechanical Engineering,India,"9,12,13,7,17",https://docs.google.com/document/d/1OBrAMK9mWeqYP0jI6n07xsuf2DGGje3A/edit?usp=drive_link&ouid=111632857619699904887&rtpof=true&sd=true,,,,,,,,,,,,,,,,,,
305,202421002805,Published,"Tony Michael, Dr. Basavaraj S. Kothavale, Shravani Yadav, Mahesh Arun Jadhav, Omkar Chandrakant Suryawanshi",ALGORITHM FOR AN AUTONOMOUS TRASH COLLECTION ANDSEGREGATION ROBOT,"Tony Michael, Dr.Vishwanath Karad MIT WORLD PEACE UNIVERSITY, Dr. Basavaraj S. Kothavale, Shravani Yadav, Mahesh Arun Jadhav, Omkar Chandrakant Suryawanshi",1/15/2024,2/16/2024,07/2024,Dr. Vishwanath Karad MIT World Peace University,https://drive.google.com/file/d/1b_CIqduFRlTKlekiWw-JTp5nlmfZLzHy/view?usp=sharing,https://ipindiaservices.gov.in/publicsearch,Mechanical Engineering,India,"11,12,13,9",https://docs.google.com/document/d/10gAyoOpiQOGpZNNUGTKp9HnpgBKuewgR/edit?usp=drive_link&ouid=111632857619699904887&rtpof=true&sd=true,,,,,,,,,,,,,,,,,,
306,202421005258,Published,"Neve Himangi, Dr. S. Radhakrishnan",Bio-Composter,Dr. Vishwanath Karad MIT World Peace University,1/25/2024,3/22/2024,12/2024,Dr. Vishwanath Karad MIT World Peace University,https://drive.google.com/file/d/1NZ_YykwIr2ftfe9bMq0HjicyUEvRNtrg/view?usp=sharing,https://ipindiaservices.gov.in/publicsearch,Chemical Engineering,India,"12,13,6,11,15",https://docs.google.com/document/d/1PQq9upFcYkYTPnvVVzJB9-uCgPFG4pkU/edit?usp=drive_link&ouid=111632857619699904887&rtpof=true&sd=true,,,,,,,,,,,,,,,,,,
307,202421042200,Published,"Dr. Shilpa Sonawani, Vipanshu Agrawal, Kushal Daga, Aditya Chandsare",A SYSTEM TO DETECT RANCIDITY IN A REFRIGERATOR,Dr. Vishwanath Karad MIT World Peace University,5/30/2024,7/26/2024,30/2024,Dr. Vishwanath Karad MIT World Peace University,https://drive.google.com/drive/folders/1odEo51m4YUBUKG5UJXlHQR6aIdc0eFkk?usp=sharing,https://ipindiaservices.gov.in/publicsearch,Computer Engineering & Technology,India,"12,9,3,11,13,2",https://docs.google.com/document/d/1fpANBpR8VuzTHjNjEJAFKr42ufH-nZzF/edit?usp=drive_link&ouid=111632857619699904887&rtpof=true&sd=true,,,,,,,,,,,,,,,,,,
308,202421044040,Published,"Dr. Sarika Bobde, Prof. Ruhi Patankar, Chaitanya Vijay Kulkarni, Parth Rajesh Chavan, Rushikesh Rajendra Mali, Prathamesh Shailesh Chavan, Sushant Vasant Joshi, Sarthak Suhas Wavare",A CANE FOR VISUALLY IMPAIRED PEOPLE,Dr. Vishwanath Karad MIT World Peace University,6/6/2024,7/26/2024,30/2024,Dr. Vishwanath Karad MIT World Peace University,https://drive.google.com/drive/folders/1sNwzuw2BFbEHQ-QYKYJvr5wEgAN5IJ_p?usp=sharing,https://ipindiaservices.gov.in/publicsearch,Computer Engineering & Technology,India,"3,10,9,11,4,17",https://docs.google.com/document/d/195YQDcq2cirEmWogDdhKC9fv7g1tRavH/edit?usp=drive_link&ouid=111632857619699904887&rtpof=true&sd=true,,,,,,,,,,,,,,,,,,
309,2.02424E+11,Published,Rajesh Vinayak Patil,REAL TIME SURVEILLANCE HEXACOPTER FOR DETECTION AND MONITORING OF COVID-19 OPERATIONS,Dr. Vishwanath Karad MIT World Peace University,2/24/2024,8/30/2024,"	35/2024",Dr. Vishwanath Karad MIT World Peace University,https://drive.google.com/file/d/1cUIOoJzWC1MIjVF05IOC3FDfLGMgT7OQ/view?usp=sharing,https://ipindiaservices.gov.in/publicsearch,Mechanical Engineering,India,,,,,,,,,,,,,,,,,,,,
310,2.02424E+11,Published,"HAMBARDE, Kaustubh Manojkumar
;INGAVALE, Aniket Suresh;
KINGER, Shakti Sanjay",MOBILE CONTROLLABLE ELECTRIC LOCK USING ARDUINO,Dr. Vishwanath Karad MIT World Peace University,1/30/2024,8/2/2024,31/2024,Dr. Vishwanath Karad MIT World Peace University,https://drive.google.com/file/d/1_hzQrDOFaGnBnZjk8TKbpjzMsJlBWi-P/view?usp=sharing,https://ipindiaservices.gov.in/publicsearch,Computer Engineering & Technology,India,,,,,,,,,,,,,,,,,,,,
311,2.02424E+11,Published,"CHINCHMALATPURE, Suyash Vijaykumar      
PAWAR, Rajendra G.
DIXIT, Bharati",AN EMERGENCY VEHICLE FRIENDLY SMART TRAFFIC SIGNAL,Dr. Vishwanath Karad MIT World Peace University,"	13-02-2024",8/16/2024,33/2024,Dr. Vishwanath Karad MIT World Peace University,https://drive.google.com/file/d/19hfCA_Ud2qZoILULSbVu6qjxu61FYTfC/view?usp=sharing,https://ipindiaservices.gov.in/publicsearch,Computer Engineering & Technology,India,,,,,,,,,,,,,,,,,,,,
312,202424009766,Published,"KALE, Preeti Amit
PUROHIT, Swaraj
SALUJA, Dhairya",AN OFFLINE SMART IRRIGATION SYSTEM ENABLED WITH MACHINE LEARNING AND RASPBERRY-PI,Dr. Vishwanath Karad MIT World Peace University,"	13-02-2024",8/16/2024,33/2024,Dr. Vishwanath Karad MIT World Peace University,https://drive.google.com/file/d/1brZBddecpnmY2UfoNv-JUFE2CP75Bkwd/view?usp=sharing,https://ipindiaservices.gov.in/publicsearch,Computer Engineering & Technology,India,"2,6,13,7,9,12,17",https://docs.google.com/document/d/17fH6Htm73RYqyLdD9jiMu_Vkot6vMNZM/edit?usp=drive_link&ouid=111632857619699904887&rtpof=true&sd=true,,,,,,,,,,,,,,,,,,
313,202424009765,Published,"KULKARNI, Pradnya Vaibhav
BHAMARE, Mamta
NAIK, Udayan
NIRFARAKE, Chaitanya DATAR, Aditya
NAGARKAR, Ajinkya",A CRYPTO WALLET FOR FARMERS,Dr. Vishwanath Karad MIT World Peace University,2/13/2024,8/16/2024,33/2024,Dr. Vishwanath Karad MIT World Peace University,https://drive.google.com/file/d/1MsQTYQk-uLaCG6aGthsDdvGrRUdMI-oQ/view?usp=sharing,https://ipindiaservices.gov.in/publicsearch,Computer Engineering & Technology,India,"1,2,8,9,10,11,16,17",https://docs.google.com/document/d/1Z9muAxSHyyYUGzgU8Y5mbaPAp-8HiqyV/edit?usp=drive_link&ouid=111632857619699904887&rtpof=true&sd=true,,,,,,,,,,,,,,,,,,
314,202424009763,Published,"JAVALE, Deepali Pankaj",SOLAR REFLECTOR FOR HOME FOR VITAMIN D ENHANCEMENT,Dr. Vishwanath Karad MIT World Peace University,2/13/2024,8/16/2024,33/2024,Dr. Vishwanath Karad MIT World Peace University,https://drive.google.com/file/d/1c_0fuHvcJqwJkix-jP46W9n-wXyHK35o/view?usp=sharing,https://ipindiaservices.gov.in/publicsearch,Computer Engineering & Technology,India,"3,7,11,12,13,9",https://docs.google.com/document/d/16BYUsHEP9RE5H0Xsf_qVyuRy8lGWhl2Q/edit?usp=drive_link&ouid=111632857619699904887&rtpof=true&sd=true,,,,,,,,,,,,,,,,,,
315,202424010698,Published,"GUTTE, Vitthal;
GUPTA, Mansi;
LADDHA, Aditi;
MISHRA, Yashasvi;
CHOUHAN, Maahi;
LILHA, Aayush",A HANDY OBSTACLES DETECTION SMART STICK,Dr. Vishwanath Karad MIT World Peace University,"	15-02-2024",8/23/2024,34/2024,Dr. Vishwanath Karad MIT World Peace University,https://drive.google.com/file/d/1YJ9Ns_SzF2h1pP75rogO6iA_-xzVrb1c/view?usp=sharing,https://ipindiaservices.gov.in/publicsearch,Computer Engineering & Technology,India,"3,11,9,10,13,8,17",https://docs.google.com/document/d/1LCX6drP7Qh85bTrGG1nHSfqON0TZeFA0/edit?usp=drive_link&ouid=111632857619699904887&rtpof=true&sd=true,,,,,,,,,,,,,,,,,,
316,202424012778,Published,"SONAWANI, Shilpa",SYSTEM FOR AIR POLLUTION PREDICTION FOR NEW AIR QUALITY MONITORING STATION USING CHAINING APPROACH OF TRANSFER LEARNING,Dr. Vishwanath Karad MIT World Peace University,2/22/2024,8/30/2024,35/2024,Dr. Vishwanath Karad MIT World Peace University,https://drive.google.com/file/d/1Ia6hGV7IYvD0_Cm0jBmSiA16R0OeZ2j0/view?usp=sharing,https://ipindiaservices.gov.in/publicsearch,Computer Engineering & Technology,India,"3,11,9,13,7,17,12",https://docs.google.com/document/d/1Fe3Z9Pz4rnp9CAdB95JzQyJzB0CCmYce/edit?usp=drive_link&ouid=111632857619699904887&rtpof=true&sd=true,,,,,,,,,,,,,,,,,,
317,202424013433,Published,"Sanjay Narayan Havaldar, Harsh Vishwanath Malapur, Kaustubh Ganesh Kulkarni",A CIRCULAR SOLAR RECEIVER,Dr. Vishwanath Karad MIT World Peace University,2/24/2024,8/30/2024,35/2024,Dr. Vishwanath Karad MIT World Peace University,https://drive.google.com/file/d/1IlQv9Pi-R8_Cc5CKfzGhJzVo2MdUABVW/view?usp=sharing,https://ipindiaservices.gov.in/publicsearch,Mechanical Engineering,India,"7,13,9,12,8,11,17",https://docs.google.com/document/d/1Y38JIR8E66saTPwNDmYFkov6JTK6HZ1L/edit?usp=drive_link&ouid=111632857619699904887&rtpof=true&sd=true,,,,,,,,,,,,,,,,,,
318,202424013435,Published,"SONAWWANAY, Puskaraj D.
BOKIL, Pratik Niranjan
CHOPDA, Chirag Anand
SAYYED, Maaz Iqbal
KANDULNA, Xavier",A  MECHANISM FOR AN E-MOTORIZED WHEELCHAIR,Dr. Vishwanath Karad MIT World Peace University,2/24/2024,8/30/2024,35/2024,Dr. Vishwanath Karad MIT World Peace University,https://drive.google.com/file/d/1E3_TIyUm-Vt-clXSYYDddWLmfdfOFbWD/view?usp=sharing,https://ipindiaservices.gov.in/publicsearch,Mechanical Engineering,India,"3,9,7,10,11,12,17",https://docs.google.com/document/d/1T3Jgn_8Glb7JxNnUV09wMKl-IuOFQXGi/edit?usp=drive_link&ouid=111632857619699904887&rtpof=true&sd=true,,,,,,,,,,,,,,,,,,
319,202424013431,Published,"KATKADE, Pratik Ravindra
JOSHI, Nikhil Anantrao
SONAWWANAY, Puskaraj D",PLOUGH FOR TILLING OF COMPLEX AREAS IN BETWEEN PLANTS OF VINEYARDS,Dr. Vishwanath Karad MIT World Peace University,"	24-02-2024",8/30/2024,35/2024,Dr. Vishwanath Karad MIT World Peace University,https://drive.google.com/file/d/1an51LLbhCWthFiOe2N7T6TuqJ2cNr3Os/view?usp=sharing,https://ipindiaservices.gov.in/publicsearch,Mechanical Engineering,India,"2,9,12,13,15,17",https://docs.google.com/document/d/1Fx1i8pdbeBtoTKniHUt97Sa_uFfEZavm/edit?usp=drive_link&ouid=111632857619699904887&rtpof=true&sd=true,,,,,,,,,,,,,,,,,,
320,202424012780,Published,"DAAS, Smriti Kamlesh
GAJENDRAGADKAR, Akshata Anand
TANDEL, Pranjali Kiran
THOTE, Abhishek Madhukar",A SOFT ELECTRIC ROBOTIC FISH,Dr. Vishwanath Karad MIT World Peace University,"	22-02-2024",8/30/2024,"	35/2024",Dr. Vishwanath Karad MIT World Peace University,https://drive.google.com/file/d/1v593EAvSSr_3BVlmEXol5FpU4JNJzf07/view?usp=sharing,https://ipindiaservices.gov.in/publicsearch,Mechanical Engineering,India,"9,14,12,13,17",https://docs.google.com/document/d/1E8lDs9cj5nPmzXkVX_30L-oDsAyl9tKr/edit?usp=drive_link&ouid=111632857619699904887&rtpof=true&sd=true,,,,,,,,,,,,,,,,,,
321,202424013434,Published,"HAVALDAR, Sanjay Narayan
KULKARNI, Kaustubh Ganesh
MALAPUR, Harsh Vishwanath",A VERTICAL DRAFT SOLAR DRYER,Dr. Vishwanath Karad MIT World Peace University,"	24-02-2024","	30-08-2024",35/2024,Dr. Vishwanath Karad MIT World Peace University,https://drive.google.com/file/d/1GRfSQC1oAMOk_iwxuukMmZ8Bwk8PkmOB/view?usp=sharing,https://ipindiaservices.gov.in/publicsearch,Mechanical Engineering,India,"7,9,12,13,2,11",https://docs.google.com/document/d/1S-wSHw8w_wlo8HkfSm6kEqjvK5hDgM2I/edit?usp=drive_link&ouid=111632857619699904887&rtpof=true&sd=true,,,,,,,,,,,,,,,,,,
322,202424014587,Published,"BHINGARKAR, Sukhada Prasad
SAVYANAVAR, Amit Sadanand
SUTAR, Shiv Havgirao
ANNADATE, Mrunal Ninad",AUTOMATED WASTE SEGREGATION MACHINE,Dr. Vishwanath Karad MIT World Peace University,2/28/2024,8/30/2024,35/2024,Dr. Vishwanath Karad MIT World Peace University,https://drive.google.com/file/d/1TH7FLZqpap5UXmZOK9amCGp84FqRfiTP/view?usp=sharing,https://ipindiaservices.gov.in/publicsearch,Computer Engineering & Technology,India,"12,11,13,14,6,17",https://docs.google.com/document/d/1leK8nrdIgfKadiKPIC8DGO00QQMXil_V/edit?usp=drive_link&ouid=111632857619699904887&rtpof=true&sd=true,,,,,,,,,,,,,,,,,,
323,202424014588,Published,"DAYANE, Shailendra Ashok
2. GHORPADE, Ratnakar R.",ADHESIVE STRENGTH APPARATUS FOR BIOPOLYMER MATERIALS,Dr. Vishwanath Karad MIT World Peace University,2/28/2024,8/30/2024,35/2024,Dr. Vishwanath Karad MIT World Peace University,https://drive.google.com/file/d/1iN1xE8OHwM941WnLpAqQhASxAV2y6TMy/view?usp=sharing,https://ipindiaservices.gov.in/publicsearch,Mechanical Engineering,India,"9,12,11,13,14,6,17",https://docs.google.com/document/d/1cr_ooI81lmc42mWDayCospCCsB1dzTmM/edit?usp=drive_link&ouid=111632857619699904887&rtpof=true&sd=true,,,,,,,,,,,,,,,,,,
324,202424013853,Published,"KAMALIYA, Parth Manubhai
2. PAWAR, Ashish Haribhau
3. PACHPORE, Swanand Sudhir",A SMART CAP FOR BLIND PERSON,Dr. Vishwanath Karad MIT World Peace University,2/26/2024,"	30-08-2024",35/2024,Dr. Vishwanath Karad MIT World Peace University,https://drive.google.com/file/d/1LQlvjABoARouecmPJ0v_I1tvNQw2R76L/view?usp=sharing,https://ipindiaservices.gov.in/publicsearch,Mechanical Engineering,India,"3,9,10,11,12,17",https://docs.google.com/document/d/1S_-n4x99Y610bQYI73_znDH4XaQhdDTl/edit?usp=drive_link&ouid=111632857619699904887&rtpof=true&sd=true,,,,,,,,,,,,,,,,,,
325,202424013850,Published,"RAZDAN, Surbhi
HARSH, K. Shri",BAMBOO FABRIC REINFORCED AIR-SPRING,Dr. Vishwanath Karad MIT World Peace University,"	26-02-2024",8/30/2024,35/2024,Dr. Vishwanath Karad MIT World Peace University,https://drive.google.com/file/d/10hjJrjxvVP6V9XI7g-l_OXs8ilLjghup/view?usp=sharing,https://ipindiaservices.gov.in/publicsearch,Mechanical Engineering,India,"9,12,13,15,17",https://docs.google.com/document/d/1Kuh9-dGr9etlQMaMoqlBRLM_OVwegsjj/edit?usp=drive_link&ouid=111632857619699904887&rtpof=true&sd=true,,,,,,,,,,,,,,,,,,
326,202424013852,Published,"SINGH, Muskan Santosh
2. PATADE, Rushikesh Sunil
3. LENKA, Arpita Manoj
4. CHELLANI, Jatin Akhilesh
5. ASKHEDKAR, Anjali Rajesh
6. BARASKAR, Trupti Nitin",INTELLIGENT WEARABLE BAND FOR HEALTH MONITORING AND TRACKING FOR ORGANIZATIONS,Dr. Vishwanath Karad MIT World Peace University,2/26/2024,8/30/2024,"	35/2024",Dr. Vishwanath Karad MIT World Peace University,https://drive.google.com/file/d/1GMMz-DPPF34sUmtM0yR8F5CFSjAWLPWD/view?usp=sharing,https://ipindiaservices.gov.in/publicsearch,Electrical and Electronics Engineering,India,"3,8,9,10,12,17",https://docs.google.com/document/d/1lVCH593BrllbinytWqpBBszbSF9gw4LO/edit?usp=drive_link&ouid=111632857619699904887&rtpof=true&sd=true,,,,,,,,,,,,,,,,,,
327,202424013857,Published,"SALVI, Sanket Sarang",LI-FI BASED SYSTEM FOR SECURED ACCESS AND WIRELESS NETWORK DURING ONLINE EXAMINATION IN CLASSROOM,Dr. Vishwanath Karad MIT World Peace University,2/26/2024,8/30/2024,"	35/2024",Dr. Vishwanath Karad MIT World Peace University,https://drive.google.com/file/d/1B1y55qVWQdKDMDfLSDYUM0dahZyU5Jyd/view?usp=sharing,https://ipindiaservices.gov.in/publicsearch,Computer Engineering & Technology,India,"4,9,10,16,17",https://docs.google.com/document/d/166NxVhxBLr2fNYlW_rARJLN9AQ00YvIB/edit?usp=drive_link&ouid=111632857619699904887&rtpof=true&sd=true,,,,,,,,,,,,,,,,,,
328,202424013855,Published,"KADAM, Kunal Chandrakant
HAMBARDE, Manojkum",OUTDOOR VEHICULAR AIR PURIFIER FOR HEAVY MOTOR VEHICLES,Dr. Vishwanath Karad MIT World Peace University,2/26/2024,"	30-08-2024","	35/2024",Dr. Vishwanath Karad MIT World Peace University,https://drive.google.com/file/d/1hX0dmnjZel5jZD1VYHLt-Rv51XWHrhHf/view?usp=sharing,https://ipindiaservices.gov.in/publicsearch,Mechanical Engineering,India,"3,11,12,13,9,15",https://docs.google.com/document/d/107d-DmiDK7SVOLkbAYE7K-egnrVLm-oA/edit?usp=drive_link&ouid=111632857619699904887&rtpof=true&sd=true,,,,,,,,,,,,,,,,,,
329,202424013856,Published,"Mahesh Vasantrao Kulkarni, Mehul Rakesh Mitkari, Parth Vikrant, Omkar Girish Sangrulkar, Atharva Harish Suryawanshi",ADAPTIVE CONTINUOUS VARIABLE TRANSMISSION COOLING SYSTEM FOR OFF ROAD VEHICLES WITH WIRELESS DATA ACQUISITION SYSTEM,Dr. Vishwanath Karad MIT World Peace University,2/26/2024,8/30/2024,35/2024,Dr. Vishwanath Karad MIT World Peace University,https://drive.google.com/file/d/11Ny_JvRZWfV_1LDo9V3eMGfhc5ARO9aA/view?usp=sharing,https://ipindiaservices.gov.in/publicsearch,Mechanical Engineering,India,"9,13,3,12,15,7",https://docs.google.com/document/d/1wB3mTrf-6i9lf9WZAmhPNXqoN_QZKKmj/edit?usp=drive_link&ouid=111632857619699904887&rtpof=true&sd=true,,,,,,,,,,,,,,,,,,
330,202424014255,Published,"KOSHTI, Chidanand Dhondappa
JOSHI, Pratyancha Ritesh
WAVARE, Sarthak Suhas
 JAIN, Ronit Manish 5.GUJRATI, Gauri Dhiraj 6.SAWANT, srushti santosh",DROWSY DRIVER SMART DETECTION SYSTEM FOR HEAVY VEHICLES,Dr. Vishwanath Karad MIT World Peace University,2/27/2024,8/30/2024,"	35/2024",Dr. Vishwanath Karad MIT World Peace University,https://drive.google.com/file/d/19lVm_vGZ4sUtFKvIjuNAQptMPH9a0EKM/view?usp=sharing,https://ipindiaservices.gov.in/publicsearch,Mechanical Engineering,India,"3,9,11,12,8,13,17",https://docs.google.com/document/d/1pa2MdOOF8E6pwt4IPyD7IjM-jScm-fQP/edit?usp=drive_link&ouid=111632857619699904887&rtpof=true&sd=true,,,,,,,,,,,,,,,,,,
331,202424014253,Published,"KULKARNI, Vaibhav Vijay
BORIKAR, Ganesh P",OVERLOADING CONTROL SYSTEM FOR TWO WHEELERS,Dr. Vishwanath Karad MIT World Peace University,2/27/2024,8/30/2024,35/2024,Dr. Vishwanath Karad MIT World Peace University,https://drive.google.com/file/d/1FQS8IP4KSDY6F6_sK6wwtiRVVyrsAHVB/view?usp=sharing,https://ipindiaservices.gov.in/publicsearch,Mechanical Engineering,India,"3,9,11,12,8,13,17",https://docs.google.com/document/d/1ByEwSfinmzUM0oFL1pTSDNDcvX1gaEye/edit?usp=drive_link&ouid=111632857619699904887&rtpof=true&sd=true,,,,,,,,,,,,,,,,,,
332,202424014254,Published,"KHAPARDE, Arti
DESHMUKH, Vaidehi",SYSTEM FOR OPTIMIZATION OF MULTI FOCUS IMAGES USING AI BASED FUSION TECHIQUES,Dr. Vishwanath Karad MIT World Peace University,2/27/2024,8/30/2024,35/2024,Dr. Vishwanath Karad MIT World Peace University,https://drive.google.com/file/d/1_V1tfnkPN1p94nrB3kCGCgP86ED83zMp/view?usp=sharing,https://ipindiaservices.gov.in/publicsearch,Electrical and Electronics Engineering,India,"9,4,3,12,8,17,13,10",https://docs.google.com/document/d/1HbQW8vIr3V2MlRTwDlfsPvRDGaoVkWgo/edit?usp=drive_link&ouid=111632857619699904887&rtpof=true&sd=true,,,,,,,,,,,,,,,,,,
333,202424014572,Published,"CHANDANKHEDE, Chaitali
KAKADE, Pratap
PANDEY, Kabir Satya
PEDNEKAR, Prem Tushar
KHATAVKAR, Rujul",A PARKING ASSISTANCE SYSTEM,Dr. Vishwanath Karad MIT World Peace University,"	28-02-2024",8/30/2024,35/2024,Dr. Vishwanath Karad MIT World Peace University,https://drive.google.com/file/d/1XOqto0brOashvbiTSYxukc_CnOqxIhOp/view?usp=sharing,https://ipindiaservices.gov.in/publicsearch,Computer Engineering & Technology,India,"11,9,13,7,3,10,8,17",https://docs.google.com/document/d/1dQYKRQtlKlaNSlTgOF_-pzs51PI1KRYf/edit?usp=drive_link&ouid=111632857619699904887&rtpof=true&sd=true,,,,,,,,,,,,,,,,,,
334,202424013851,Published,"PHADKE, Anuradha C.
LELE, Jyoti A.
KALE, Anup
PATIL, Radhesh",A FIRST AID VENTILATOR,Dr. Vishwanath Karad MIT World Peace University,2/26/2024,8/30/2024,"	35/2024",Dr. Vishwanath Karad MIT World Peace University,https://drive.google.com/file/d/1WykFQoJ2nTsTqUU09ZionXdme6Y4J-v8/view?usp=sharing,https://ipindiaservices.gov.in/publicsearch,Electrical and Electronics Engineering,India,"3,9,7,10,11,17",https://docs.google.com/document/d/1-pCAX04Ux-qGDVgmZm-nlEsuS9gfFbBj/edit?usp=drive_link&ouid=111632857619699904887&rtpof=true&sd=true,,,,,,,,,,,,,,,,,,
335,202424014257,Published,"JADHAV, Savitri Nathrao
JADHAV, Nathrao B.
CHHATBAR, Hrishank
DESHPANDE, Atharva",PORTABLE UV-C LAMP FOR ULTRAVIOLET DISINFECTION,Dr. Vishwanath Karad MIT World Peace University,2/27/2024,8/30/2024,35/2024,Dr. Vishwanath Karad MIT World Peace University,https://drive.google.com/file/d/1Fiul9qW4mA9WPxc08oPgjh23XOL08ocR/view?usp=sharing,https://ipindiaservices.gov.in/publicsearch,Electrical and Electronics Engineering,India,"3,9,12,11,17",https://docs.google.com/document/d/1VmxvKlp6AfiU7DsqbAHolkH6fAX79jUP/edit?usp=drive_link&ouid=111632857619699904887&rtpof=true&sd=true,,,,,,,,,,,,,,,,,,
336,202424014573,Published,"SONAWWANAY, Puskaraj D.
RAIBOLE, Krish Vijay
KARLEKAR, Chinmay Sagar",SLOTTED ONE-HALF POWER LAW NOSE CONE FOR AEROSPACE APPLICATIONS,Dr. Vishwanath Karad MIT World Peace University,2/28/2024,8/30/2024,35/2024,Dr. Vishwanath Karad MIT World Peace University,https://drive.google.com/file/d/1ZAB4HI7IeTyicuA7RfsMxVTMjGNwa_He/view?usp=sharing,https://ipindiaservices.gov.in/publicsearch,Mechanical Engineering,India,"9,13,12,7,17",https://docs.google.com/document/d/16XZoJT2bZGN7cQkU5NqvrsIzxPZS1Bbw/edit?usp=drive_link&ouid=111632857619699904887&rtpof=true&sd=true,,,,,,,,,,,,,,,,,,
337,202424013854,Published,"MOTADE, Sumitra N.
KULKARNI, Aniket Dattatraya
GUNALE, Sanskar Kishanprasad
DESHPANDE, Anagha
Warhade, Krishna K","CONTACTLESS AUDIO-VISUAL INTELLIGENT DOORBELL SECURITY SYSTEM USING HYBRID TECHNOLOGIES FOR DOMESTIC AND COMMERCIAL
APPLICATIONS",Dr. Vishwanath Karad MIT World Peace University,2/26/2024,8/30/2024,"	35/2024",Dr. Vishwanath Karad MIT World Peace University,https://drive.google.com/file/d/1_GnH-UeJpHHfOWo6mKjBXd4gNUDopjCo/view?usp=sharing,https://ipindiaservices.gov.in/publicsearch,Electrical and Electronics Engineering,India,"9,11,12,13,16,17",https://docs.google.com/document/d/16pVw6Fd-emccSbblH0ZuzzFucruA0IlV/edit?usp=drive_link&ouid=111632857619699904887&rtpof=true&sd=true,,,,,,,,,,,,,,,,,,
338,202424014256,Published,Minal Prashant Deshmukh,A POTENTIAL FEEDSTOCK OF NELUMBO NUCIFERA FOR OIL ABSORBENT,Dr. Vishwanath Karad MIT World Peace University,2/27/2024,8/30/2024,"	35/2024",Dr. Vishwanath Karad MIT World Peace University,https://drive.google.com/file/d/1mChl_Wj_K_CZisy8AAVU7glF7W-IAqlI/view?usp=sharing,https://ipindiaservices.gov.in/publicsearch,Chemical Engineering,India,"6,12,13,14,15,17",https://docs.google.com/document/d/1t0nt2kJt6YPWIRJix4fzaBC7zl8foYsz/edit?usp=drive_link&ouid=111632857619699904887&rtpof=true&sd=true,,,,,,,,,,,,,,,,,,
339,202421042490,Published,"Dr. Anand D. Kulkarni, Dr. Shikha V. Gaikwad, Dr, Vikrant D. Gaikwad,Dr. Sagar P. Kanekar",EXTRACTION OF BIOPOLYMER POLYHYDROXYBUTYRATE (PHB) USING HYDRODYNAMIC CAVITATION,Dr. Vishwanath Karad MIT World Peace University,5/31/2024,9/13/2024,37/2024,Dr. Vishwanath Karad MIT World Peace University,https://drive.google.com/file/d/1WK5d6fqDl7vyedYaFNkXqsCiRZm9NSb9/view?usp=sharing,https://ipindiaservices.gov.in/publicsearch,Chemical Engineering,India,"9,12,13,14,15,2,3",https://docs.google.com/document/d/1qQo0Csl6zp5cm3Z-q_NRLYdiMy3wF-kj/edit?usp=drive_link&ouid=111632857619699904887&rtpof=true&sd=true,,,,,,,,,,,,,,,,,,
340,202421045869,Published,"Dr. Ratnadip R Joshi,Dr. Abhay Kulkarni,Aniket Patrikar,Rugved Mitelu",RECOVERY OF SILVER FROM DENTAL AMALGAM USING GREEN TEA EXTRACT,Dr. Vishwanath Karad MIT World Peace University,6/13/2024,7/26/2024,30/2024,Dr. Vishwanath Karad MIT World Peace University,https://drive.google.com/file/d/1VRZlp-sNlaHPzSczBuaOUAu48m4dR8oR/view?usp=sharing,https://ipindiaservices.gov.in/publicsearch,Chemical Engineering,India,"12,3,9,6,13,14,15",https://docs.google.com/document/d/1Rsv-z9CLSFoIHnjCSnNa4C6wnxvKXlJX/edit?usp=drive_link&ouid=111632857619699904887&rtpof=true&sd=true,,,,,,,,,,,,,,,,,,
341,202421055009,Published,"Dr. Rohini Kale,Pawan Jadhav,Anshu Mukherjee,Tanishq Desale,Manisha Kuveskar,Sheetal Pawar",A WIRELESS CHARGING DEVICE FOR ELECTRIC VEHICLE,Dr. Vishwanath Karad MIT World Peace University,7/18/2024,9/6/2024,36/2024,Dr. Vishwanath Karad MIT World Peace University,https://drive.google.com/file/d/150A-XqflRM7EGdIJeneqwDgfS19U5EtC/view?usp=sharing,https://ipindiaservices.gov.in/publicsearch,Polytechnic,India,"7, 9,11,13,12",https://docs.google.com/document/d/1Qbt_VCFP3eQxrm6em7h4SJssFHFa826X/edit?usp=drive_link&ouid=111632857619699904887&rtpof=true&sd=true,,,,,,,,,,,,,,,,,,
342,202421052278,Published,"Madhura Phatak,Dr. Pradnya V Kulkarni,Anagha Hambir Langhe,Harshvardhan Choudhary,Ashutosh Sangamlal Mishra,Rohan Sadanand Disa,Hrishikesh Utge,Atharva Ramkrishna Dharmik,Janhavi Shekhar Kokadwar,Ipsita Soumya",Cradle monitoring system for babies: Baby Sentry,Dr. Vishwanath Karad MIT World Peace University,7/8/2024,8/9/2024,32/2024,Dr. Vishwanath Karad MIT World Peace University,https://drive.google.com/file/d/1UDIb8JQH2wMNQ4x4sH4-aGnQbvj3BZ_D/view?usp=sharing,https://ipindiaservices.gov.in/publicsearch,Computer Engineering & Technology,India,"3,9,11,5,12",https://docs.google.com/document/d/1ffwfTUXXv7ufZlvWyOwrEKe3leGAB41O/edit?usp=drive_link&ouid=111632857619699904887&rtpof=true&sd=true,,,,,,,,,,,,,,,,,,
343,202421052842,Published,"Nitinkumar Raghunath Anekar,Shreerang Sandeep Wakade",A MOBILITY & SUPPORT ASSISTANCE DEVICE FOR EASY MOVEMENT OF TWO-WHEELER TYRED VEHICLES AT CRITICAL SITUATION,Dr. Vishwanath Karad MIT World Peace University,7/10/2024,8/9/2024,32/2024,Dr. Vishwanath Karad MIT World Peace University,https://drive.google.com/file/d/1gv8CwAqIzKRv6bajGYFva-xN7JNzPqP2/view?usp=sharing,https://ipindiaservices.gov.in/publicsearch,Mechanical Engineering,India,"9,11,3",https://docs.google.com/document/d/1vVWMjesr4gpIbHcYv97I1VPDUt3XTj7p/edit?usp=drive_link&ouid=111632857619699904887&rtpof=true&sd=true,,,,,,,,,,,,,,,,,,
344,202421046061,Published,"Mangesh Bedekar, Trupti Nitin Baraskar",DIGITAL TWIN SYSTEM OF MEDICAL SYRINGE,Dr. Vishwanath Karad MIT World Peace University,6/14/2024,7/19/2024,29/2024,Dr. Vishwanath Karad MIT World Peace University,https://drive.google.com/file/d/18t6uv1qI2WecSdUJU456U6iWknO25CMJ/view?usp=sharing,https://ipindiaservices.gov.in/publicsearch,Computer Engineering & Technology,India,"3,4,9,12,17",https://docs.google.com/document/d/1CkNrm6zn268POluPD9SM3Nxt0Rhknuv4/edit?usp=drive_link&ouid=111632857619699904887&rtpof=true&sd=true,,,,,,,,,,,,,,,,,,
345,202421045243,Published,"HINGMIRE Amruta, PUJERI Uma Ramachandra",AN ARTIFICIAL INTELLIGENCE BASED AUTOMATED WASTE SORTING SYSTEM,"Dr. Vishwanath Karad MIT- World Peace University, HINGMIRE Amruta, PUJERI Uma Ramachandra",6/12/2024,8/2/2024,31/2024,Dr. Vishwanath Karad MIT World Peace University,https://drive.google.com/file/d/16qJukxUKNLPF6E7sfXsSaLhCRSlbhV4l/view?usp=sharing,https://ipindiaservices.gov.in/publicsearch,Computer Engineering & Technology,India,"11,12,13,9,14,17",https://docs.google.com/document/d/1_VSFjdT46YfmqqeSwQXw2jF9G1MkRX1G/edit?usp=drive_link&ouid=111632857619699904887&rtpof=true&sd=true,,,,,,,,,,,,,,,,,,
346,202421074801,Published,"DR. SHWETA KUKADE, ABHISHEK HOSUR, RISHABH HUMBARE, SWARNI GUJAR, DR. MANISHA KUMAWAT, DR. HARSHALI ZODPE	",A METHOD AND SYSTEM FOR INTERACTIVE DISPLAY,"Dr. Vishwanath Karad MIT- World Peace University, HINGMIRE Amruta, PUJERI Uma Ramachandra","	03-10-2024","	29-11-2024",48/2024,Dr. Vishwanath Karad MIT World Peace University,https://drive.google.com/drive/folders/1ce_3qdu9HQSLACqU3zjYpt4ehJE3N2iU?usp=sharing,https://ipindiaservices.gov.in/publicsearch,Electrical and Electronics Engineering,India,,https://docs.google.com/document/d/1r2XdbiYxXPjadWHB8JFNRxYIGo2hE0DB/edit?usp=drive_link&ouid=107012002616528930821&rtpof=true&sd=true,,,,,,,,,,,,,,,,,,
347,202421089766,Published,"Prakash Madhukar Gadhe, Ravindra Krishanji Patwardhan",A DEVICE FOR EXPANSION OF A LASER BEAM,"Dr. Vishwanath Karad MIT- World Peace University, HINGMIRE Amruta, PUJERI Uma Ramachandra",11/19/2024,12/20/2024,51/2024,Dr. Vishwanath Karad MIT World Peace University,https://drive.google.com/drive/folders/1hLxmG2GPsUhiQDCzFBZsIF69-aI907qD?usp=sharing,https://ipindiaservices.gov.in/publicsearch,Mechanical Engineering,India,,https://docs.google.com/document/d/1-MYVIM54HMM37SmlsnJDKkXOraJYV2b6/edit?usp=drive_link&ouid=107012002616528930821&rtpof=true&sd=true,,,,,,,,,,,,,,,,,,
348,202421059738,Published,"Mamta Suyog Bhamare, Pradnya V Kulkarni, Sahil Jaiswal, Arnav Jain, Malay Jignesh Shah",A METHOD AND SYSTEM FOR MONITORING HEALTH,Dr. Vishwanath Karad MIT- World Peace University,8/7/2024,10/25/2024, 43/2024,Dr. Vishwanath Karad MIT World Peace University,https://drive.google.com/drive/folders/1q6mmX0oxXRqeUsCATKZIHC2hT_CaNJsl?usp=sharing,https://ipindiaservices.gov.in/publicsearch,Computer Engineering & Technology,India,,,,,,,,,,,,,,,,,,,,
349,202421040832,Published,"Bhanudas Kuchekar, Ashwin Kuchekar, Rohini Pujari, Neha Padwal, Saish Pawar",Polyherbal Formulation,"Dr. Vishwanath Karad  MIT World Peace University, BSK",5/26/2024,7/6/2024,28/2024,Dr. Vishwanath Karad MIT World Peace University,https://drive.google.com/file/d/1g2_zKcua_hEIzH7h-6mI5NnhgV4lWgzC/view?usp=sharing,https://ipindiaservices.gov.in/publicsearch,School of Pharmacy,India,,https://docs.google.com/document/d/1WSv9GcsBckz3r4R_QlH3Hx5EDaV07Sjp/edit?usp=drive_link&ouid=107012002616528930821&rtpof=true&sd=true,,,,,,,,,,,,,,,,,,
350,202421045442,Published,"Prithviraj Shridhar Gavai, Siddhi Sunilkumar Hire,Shubham Rajesh Zadiwale,Dr. Vandana A Mooss,Dr. Anup Atul Kale,Dr. Nithya N Kutty","	NATURAL DEEP EUTECTIC-BASED SOLVENT EXTRACTION OF CAROTENOIDS FROM USED MARIGOLD FLOWERS",Dr. Vishwanath Karad MIT World Peace University,12/6/2024,7/26/2024,"	30/2024",Dr. Vishwanath Karad MIT World Peace University,https://drive.google.com/file/d/1nm-No3pERWQeCoxehNCND_0TPc9UQyud/view?usp=sharing,https://ipindiaservices.gov.in/publicsearch,Biosciences,India,,https://docs.google.com/document/d/1kvqh9p57Vo_SuyAj14sAPmCjqaIIHS6q/edit?usp=drive_link&ouid=107012002616528930821&rtpof=true&sd=true,,,,,,,,,,,,,,,,,,
351,202421054370,Published,"Dr. Manasi Mishra,Hrutuja Shirsat	",METHOD FOR INHIBITION OF NECROTROPHIC FUNGI USING A PLANT PROTEIN,Dr. Vishwanath Karad MIT World Peace University,"	16-07-2024",9/8/2024,"	32/2024",Dr. Vishwanath Karad MIT World Peace University,https://drive.google.com/file/d/1uR3EZPUAn37-4OX3BxTSH45EnYYH_Qax/view?usp=sharing,https://ipindiaservices.gov.in/publicsearch,Biosciences,India,,https://docs.google.com/document/d/1gKjFC876fEGCNOewDw1QH3FCeaSmRVN0/edit?usp=drive_link&ouid=107012002616528930821&rtpof=true&sd=true,,,,,,,,,,,,,,,,,,
352,202421063908,Published ,"Pujeri Uma , Jadhav Ganesh S., Thorat Sandeep, Nema Archit, Pejeri Omkar ",A WRITING TOOL WITH PEN DRIVE AND LASER POINTER,"Pujeri Uma , Jadhav Ganesh S., Thorat Sandeep, Nema Archit, Pejeri Omkar ","	23-08-2024",10/18/2024,"	42/2024","Pujeri Uma , Jadhav Ganesh S., Thorat Sandeep, Nema Archit, Pejeri Omkar ",https://drive.google.com/file/d/1QNbX-1qS1AGmFdE--yx8oxbgh2P86IYv/view?usp=sharing,https://ipindiaservices.gov.in/publicsearch,School of Design,India,,https://docs.google.com/document/d/17kXAtHBNY1rSZy8UtjLYw8qTD3YN1kyz/edit?usp=drive_link&ouid=107012002616528930821&rtpof=true&sd=true,,,,,,,,,,,,,,,,,,
353,202441046604,Published ,"Dr.A. Madhuri, Dr. Poonam Mirwani, Dr. Sunil Adhav, Dr. D. Yamuna, Koushik R, N.Uma Maheswari, Dr.Pavankumar G Kulkarni, Dr.E.Muthukumar, Dr.Akshaya Kumar Mohanty, Dr. Monica K","IMPACT OF FIRM PERFORMANCE ON STOCK RETURNS: EVIDENCE FROM LARGE- CAP, MID-CAP AND SMALL-CAP STOCKS","Dr.A. Madhuri, Dr. Poonam Mirwani, Dr. Sunil Adhav, Dr. D. Yamuna, Koushik R, N.Uma Maheswari, Dr.Pavankumar G Kulkarni, Dr.E.Muthukumar, Dr.Akshaya Kumar Mohanty, Dr. Monica K",6/17/2024,6/21/2024,25/2024,"Dr.A. Madhuri, Dr. Poonam Mirwani, Dr. Sunil Adhav, Dr. D. Yamuna, Koushik R, N.Uma Maheswari, Dr.Pavankumar G Kulkarni, Dr.E.Muthukumar, Dr.Akshaya Kumar Mohanty, Dr. Monica K",https://drive.google.com/file/d/1uACzcKcN_nQpHzPKtVKh35MKEhOVdKIW/view?usp=sharing,https://iprsearch.ipindia.gov.in/PublicSearch/,School of Business,India,,https://docs.google.com/document/d/1oDah1G0KRSFukMW657tANUJwgG5dTSa3/edit?usp=drive_link&ouid=107012002616528930821&rtpof=true&sd=true,,,,,,,,,,,,,,,,,,
2025,,,,,,,,,,,,,,,,,,,,,,,,,,,,,,,,,
354,202121008267,Granted,"Nathrao B. Jadhav, Bharat S. Chaudhari",OPTIMIZED FIVE PORT NON-BLOCKING OPTICAL ROUTER FOR TWO DIMENSIONAL MULTICORE PROCESSORS,Dr. Vishwanath Karad MIT World PeaceUniversity,2/26/2021,3/18/2025,562825,Dr. Vishwanath Karad MIT World Peace University,https://drive.google.com/drive/folders/1EfA2eNGPt_9_eHXHYqeBNl_7JUVOxcjS?usp=sharing,https://ipindiaservices.gov.in/publicsearch,Electrical and Electronics Engineering,India,"7,9,12,13,4",https://docs.google.com/document/d/1CxoY2ZPvswhKO-Euaj3yqhga2T9Y0o9S/edit?usp=drive_link&ouid=107012002616528930821&rtpof=true&sd=true,,,,,,,,,,,,,,,,,,
355,202121029238,Granted,"Vaibhav Narendra Deshmukh, Subramaniam Radhakrishnan, Vaidehi Vaibhav Deshmukh",SYSTEM FOR THERMAL MANAGEMENT OF BATTERY OF VEHICLE,Dr. Vishwanath Karad MIT World Peace University,6/29/2021,9/26/2025,571257,Dr. Vishwanath Karad MIT World Peace University,https://drive.google.com/file/d/1TDpw7S-c-ckFMYyKYPWjHtOChXCxZ3A-/view?usp=sharing,https://iprsearch.ipindia.gov.in/PublicSearch/,Mechanical Engineering,India,"7,9,11,12",https://docs.google.com/document/d/1PgCoJhhhjBVZF-b48yTdAfq3rtuXz9qF/edit?usp=drive_link&ouid=107012002616528930821&rtpof=true&sd=true,,,,,,,,,,,,,,,,,,
356,202221020581,Granted,"Marut Asawa, Dipu Singh, Kshitij Bansal, Dr. Vinaya Gohokar",A system and method for monitoring windmill,"Dr. Vishwanath Karad MIT World Peace University, Marut Asawa, Dipu Singh, Kshitij Bansal",5/4/2022,18-11-2025,574022,"Dr.Vishwanath Karad MIT WORLD PEACE UNIVERSITY, PUNE",https://drive.google.com/file/d/1hVXVZqf_mkTQHlSFoHADZFCr8JBl1koX/view?usp=sharing,https://ipindiaservices.gov.in/publicsearch,Electrical and Electronics Engineering,India,"7,9,12,13",https://docs.google.com/document/d/1okoqFHF5mxL4y1NLQUfLaP0P0AP1u3Fq/edit?usp=drive_link&ouid=107012002616528930821&rtpof=true&sd=true,,,,,,,,,,,,,,,,,,
357,202421097626,Published,"SANKET SALVI, YASH SACHIN WATARKAR, ALIASGAR MOHAMMEDI THANAWALA, MONISH KAMTIKAR, PRERNA SINGH",TELEOPERATED ROBOTIC SYSTEM,Dr. Vishwanath Karad MIT World Peace University,12/10/2024,1/17/2025,03/2025,Dr. Vishwanath Karad MIT World Peace University,https://drive.google.com/drive/folders/1Vfan2Hq_8sj30vsAQ2mK-c-Md6Uey_ON?usp=sharing,https://ipindiaservices.gov.in/publicsearch,Computer Engineering & Technology,India,"9,3,8,4,11,13",https://docs.google.com/document/d/1_i6-HLCukOPnq17ZuT332qpdfijI2N6v/edit?usp=drive_link&ouid=107012002616528930821&rtpof=true&sd=true,,,,,,,,,,,,,,,,,,
358,202421097628,Published,"SANJAY NARAYAN HAVALDAR, Kaustubh Ganesh Kulkarni, Harsh Vishwanath Malapur",A SOLAR THERMAL ENERGY ABSORPTION APPARATUS,Dr. Vishwanath Karad MIT World Peace University,12/10/2024,1/17/2025,03/2025,Dr. Vishwanath Karad MIT World Peace University,https://drive.google.com/drive/folders/1HzDoXNMPLLR9ssqUkw7SH2gdK1Ox52i5?usp=sharing,https://ipindiaservices.gov.in/publicsearch,Mechanical Engineering,India,"7,9,12,13,11,8",https://docs.google.com/document/d/1G8wBbnlc9d6xzrxriO28i8pwnm_e3xru/edit?usp=drive_link&ouid=107012002616528930821&rtpof=true&sd=true,,,,,,,,,,,,,,,,,,
359,202421097627,Published,"SAKSHI SATISH SHINDE, SURBHI RAZDAN, RAWAAD BILAL SARANG",A PROXIMITY SENSING APPARATUS,Dr. Vishwanath Karad MIT World Peace University,12/10/2024,1/17/2025,03/2025,Dr. Vishwanath Karad MIT World Peace University,https://drive.google.com/drive/folders/17Gx2HQ-xeqKvNOh_MgOPDRLo9a9gcO_P?usp=drive_link,https://ipindiaservices.gov.in/publicsearch,Mechanical Engineering,India,"9,7,11,12,3,13",https://docs.google.com/document/d/1EYGVl6MNntcjyZFj2ugowMVnFl6g7-iQ/edit?usp=drive_link&ouid=107012002616528930821&rtpof=true&sd=true,,,,,,,,,,,,,,,,,,
360,202424012779,Published,"PALWE Sushila Manish, GUNJAL Anita Shivaji",A SMART SAFETY HANDHELD DEVICE,Dr. Vishwanath Karad MIT World Peace University,"	22-02-2024","	04-04-2025","	14/2025",Dr. Vishwanath Karad MIT World Peace University,https://drive.google.com/file/d/1lvo6N1MIKD6MrDC4-ojf6WMKbzXM_Xak/view?usp=sharing,https://ipindiaservices.gov.in/publicsearch,Computer Engineering & Technology,India,"3,5,9,11,16,8",https://docs.google.com/document/d/1MfI4ze0JAwE_aYMi7H8RKOoF0FdzX4Uh/edit?usp=drive_link&ouid=107012002616528930821&rtpof=true&sd=true,,,,,,,,,,,,,,,,,,
361,202424055793,Published,"WADGAONKAR VINAYAK S., BHATKAR SIRAJ, SHENOY VIGNESH, TATPATE PALLAVI ",AN INTELLIGENT WEIGHT INDICATOR AND MONITORING DEVICE FOR DOMESTIC LPG CYLINDER,Dr. Vishwanath Karad MIT World Peace University,"	22-07-2024","	14-03-2025","	11/2025",Dr. Vishwanath Karad MIT World Peace University,https://drive.google.com/file/d/1uHslHuadmBKQ6L_-RfGEGDqU4c8ZxlJU/view?usp=sharing,https://ipindiaservices.gov.in/publicsearch,Petroleum Engineering,India,"7,9,11,12,13",https://docs.google.com/document/d/1oO8DHFsnmX7NSmiD8e006po9lIre4MEw/edit?usp=drive_link&ouid=107012002616528930821&rtpof=true&sd=true,,,,,,,,,,,,,,,,,,
362,202424055791,Published,"LOKHANDE NETRA, VERMA RUPESHKUMAR, KISHAN SHUBHAM ",A COMPUTER AIDED DIAGNOSIS SYSTEM FOR GLAUCOMA DETECTION,Dr. Vishwanath Karad MIT World Peace University,7/22/2024,3/14/2025,"	11/2025",Dr. Vishwanath Karad MIT World Peace University,https://drive.google.com/file/d/1LbLSJ3QMZJ73BWGZ9DTnlxsaRoeE4fQm/view?usp=sharing,https://ipindiaservices.gov.in/publicsearch,Electrical and Electronics Engineering,India,"3,4,9,10,17",https://docs.google.com/document/d/1gMQYhDlIZNkUZiuRBy6KtAAkVqqWMtYa/edit?usp=drive_link&ouid=107012002616528930821&rtpof=true&sd=true,,,,,,,,,,,,,,,,,,
363,202424055790,Published,"KOTHAVALE BASAVRAJ, ANJALEKAR MANAS, SHIRODE DEEP, HIMANE SAHIL ",A SOIL FERTILITY DETECTION ROBOT,Dr. Vishwanath Karad MIT World Peace University,7/22/2024,3/14/2025,"	11/2025",Dr. Vishwanath Karad MIT World Peace University,https://drive.google.com/file/d/14qr3vpeQhmsZlt5ecGnqf2C10-k7-H4a/view?usp=sharing,https://ipindiaservices.gov.in/publicsearch,Mechanical Engineering,India,"2,9,12,13,15",https://docs.google.com/document/d/13magx1gU5nhPU6zZ0J8EGhPvXPGgAaFq/edit?usp=drive_link&ouid=107012002616528930821&rtpof=true&sd=true,,,,,,,,,,,,,,,,,,
364,202424055788,Published,"WADGAONKAR VINAYAK S., KHURPADE PRATIKSHA,  BHATKAR SIRAJ, SHENOY VIGNESH, TATPATE PALLAVI ",A METAL ION ADSORBENT,Dr. Vishwanath Karad MIT World Peace University,"	22-07-2024",3/14/2025,"	11/2025",Dr. Vishwanath Karad MIT World Peace University,https://drive.google.com/file/d/1Oj3wl8sxdGmB7VmcDHdTlzHYVRVcBPt0/view?usp=sharing,https://ipindiaservices.gov.in/publicsearch,Petroleum Engineering,India,"6,9,12,13,15",https://docs.google.com/document/d/1-cS8axPSM6sOiAdbnrM7fWm5f8a1kCXv/edit?usp=drive_link&ouid=107012002616528930821&rtpof=true&sd=true,,,,,,,,,,,,,,,,,,
365,202424055794,Published,"DASHPUTRE AMEY SATISH, SHENOY VIGNESH SHESHAGIRI, DESHMUKH CHAITANYA DILIP ",A GEOLOGICAL CRACK HAMMER WITH PICK ACCESSORY,Dr. Vishwanath Karad MIT World Peace University,"	22-07-2024","	14-03-2025","	11/2025",Dr. Vishwanath Karad MIT World Peace University,https://drive.google.com/file/d/1HuZPnDegs6S4utgVy4tev7pXi7SA9tcL/view?usp=sharing,https://ipindiaservices.gov.in/publicsearch,Petroleum Engineering,India,"4,8,9,12,15",https://docs.google.com/document/d/1zZqGeVUJcHFe3TTEOrNbArm-4PaLf47C/edit?usp=drive_link&ouid=107012002616528930821&rtpof=true&sd=true,,,,,,,,,,,,,,,,,,
366,202424055792,Published,"PATIL SHREYAS NITIN, PESODE PRALHAD ATMARAM",A SOLAR LIGHT TUBE FOR MULTILAYER FARMING,Dr. Vishwanath Karad MIT World Peace University,"	22-07-2024",3/14/2025,"	11/2025",Dr. Vishwanath Karad MIT World Peace University,https://drive.google.com/file/d/1GF7KdSQI0yZi24VThUfLdRAVenb5uVxY/view?usp=sharing,https://ipindiaservices.gov.in/publicsearch,Mechanical Engineering,India,"2,7,9,11,13",https://docs.google.com/document/d/1QznhRwclI77elTcnqDpDgmw1WBQr8S69/edit?usp=drive_link&ouid=107012002616528930821&rtpof=true&sd=true,,,,,,,,,,,,,,,,,,
367,202424055789,Published,"PANDE MILIND SUDHAKAR, BEDEKAR MANGESH VILAS, VISHWARUPE VARAD VIVEK, HANKEY ALEXANDER, ZAHOOR SANIYA, PATIL AVINASH PRAKASH        ",AN INTELLIGENT INTERACTIVE SYSTEM FOR ANALYZING ONLINE NEWS ARTICLES,Dr. Vishwanath Karad MIT World Peace University,7/22/2024,"	14-03-2025","	11/2025",Dr. Vishwanath Karad MIT World Peace University,https://drive.google.com/file/d/17ml8w1ZCoX5MFWDOj5TxBoRXwBG8KXf2/view?usp=sharing,https://ipindiaservices.gov.in/publicsearch,Computer Engineering & Technology,India,"4,9,16,17",https://docs.google.com/document/d/16HRkaTPYZ3IMIoos8nr5Xl8EzC_7vghW/edit?usp=drive_link&ouid=107012002616528930821&rtpof=true&sd=true,,,,,,,,,,,,,,,,,,
368,202424056114,Published,"WADGAONKAR VINAYAK S., KHURPADE PRATIKSHA,  BHATKAR SIRAJ, SHENOY VIGNESH, TATPATE PALLAVI",A PROCESS FOR REMOVAL OF CR (VI) FROM WATER USING LIMA BEAN HUSK DERIVED ADSORBENT,Dr. Vishwanath Karad MIT World Peace University,7/23/2024,3/28/2025,13/2025,Dr. Vishwanath Karad MIT World Peace University,https://drive.google.com/file/d/12lwvMK5EqSVHFc3G_Jir1AfrEuYkGzZv/view?usp=sharing,https://ipindiaservices.gov.in/publicsearch,Petroleum Engineering,India,"6,9,12,13,15",https://docs.google.com/document/d/1xorxrRAystR3nw5OrCPW6QggSpNqU-R3/edit?usp=drive_link&ouid=107012002616528930821&rtpof=true&sd=true,,,,,,,,,,,,,,,,,,
369,202424056115,Published,"YADHAV ADINATH D., MINDE PRAVIN, SAOJI ATHARVA",A PRECAST SINGLE TEE GIRDER WITH GLASS FIBER REINFORCED POLYMER IN BRIDGE CONSTRUCTION,Dr. Vishwanath Karad MIT World Peace University,"	23-07-2024","	28-03-2025","	13/2025",Dr. Vishwanath Karad MIT World Peace University,https://drive.google.com/file/d/1RNH51WY7xIYy-7J1XkRh3MKqUEcWV4Yt/view?usp=sharing,https://ipindiaservices.gov.in/publicsearch,Civil Engineering,India,"9,11,12,13,17",https://docs.google.com/document/d/1Of6jZVG2xWiEKGKV2IVSbQ9C9MMi2OiB/edit?usp=drive_link&ouid=107012002616528930821&rtpof=true&sd=true,,,,,,,,,,,,,,,,,,
370,202424056116,Published,"HIWALE ANIL S., NARKHEDE GAURAV G, PATIL ABHISHEK, SHENDKAR MAYURESH  ",A SOLAR POWERED ELECTRIC VEHICLE ENHANCEMENT SYSTEM,Dr. Vishwanath Karad MIT World Peace University,"	23-07-2024","	28-03-2025",13/2025,Dr. Vishwanath Karad MIT World Peace University,https://drive.google.com/file/d/1T57bZZWgosoPnRQxVrzL-9dkoq4ihaVo/view?usp=sharing,https://ipindiaservices.gov.in/publicsearch,Electrical and Electronics Engineering,India,"7,9,11,12,13",https://docs.google.com/document/d/1jglJUgX_TpcPsPBaXzNuDUCWHFnuThhW/edit?usp=drive_link&ouid=107012002616528930821&rtpof=true&sd=true,,,,,,,,,,,,,,,,,,
371,202424071845,Published,"CHAVAN HRISHIKESH, PATIL NISHANT, GUPTA PRATUSH, LINGAM DEVASHREE, MANDYAL RASHI, SINHARAY RAJIB K.",A MACHINE LEARNING MODEL FOR LITHOLOGY PREDICTION USING WELL LOGS AND DRILLING DATA,Dr. Vishwanath Karad MIT World Peace University,"	23-09-2024","	04-04-2025",14/2025,Dr. Vishwanath Karad MIT World Peace University,https://drive.google.com/file/d/1jAXSLCmlpNGVb6OmgJ6K4osnFrOcjtx0/view?usp=sharing,https://ipindiaservices.gov.in/publicsearch,Petroleum Engineering,India,"4,9,12,13,17",https://docs.google.com/document/d/1eUEr8kmQoIrr4pVBqWqA5c5cKz1ryEn0/edit?usp=drive_link&ouid=107012002616528930821&rtpof=true&sd=true,,,,,,,,,,,,,,,,,,
372,202424067739,Published,"INGLE GANESH SHIVAJI, SHINDE SUMANT, SONAWANE MAHESH B",A MOULD FOR PREPARATION OF LIGHT WEIGHT CONCRETE PANEL BY USING E-WASTE,Dr. Vishwanath Karad MIT World Peace University,9/7/2024,"	14-03-2025",11/2025,Dr. Vishwanath Karad MIT World Peace University,https://drive.google.com/file/d/1uFXyYIn_f2dOcrtC3cSlw5Q3TeC2WRa8/view?usp=sharing,https://ipindiaservices.gov.in/publicsearch,Civil Engineering,India,"9,11,12,13,17",https://docs.google.com/document/d/1Obhi3Kl0hTS4mdZn271aOy3DQBsiuY1s/edit?usp=drive_link&ouid=107012002616528930821&rtpof=true&sd=true,,,,,,,,,,,,,,,,,,
373,202424071844,Published,"WADGAONKAR VINAYAK S., KHURPADE PRATIKSHA,  BHATKAR SIRAJ, SHENOY VIGNESH, TATPATE PALLAVI ",A METAL ION ADSORBENT FOR COPER (II) REMOVAL FROM RED GRAM HUSK,Dr. Vishwanath Karad MIT World Peace University,"	23-09-2024","	04-04-2025",14/2025,Dr. Vishwanath Karad MIT World Peace University,https://drive.google.com/file/d/1XfNIBvwEjfGb7k55ZyKWcyzd_EkANaov/view?usp=sharing,https://ipindiaservices.gov.in/publicsearch,Petroleum Engineering,India,"6,9,12,13,15",https://docs.google.com/document/d/1AGWr7_erbtCGDQcKSVOWYJSpQP0Qzkm_/edit?usp=drive_link&ouid=107012002616528930821&rtpof=true&sd=true,,,,,,,,,,,,,,,,,,
374,202424071843,Published,"PATEL HITIK, KULKARNI KAUSTUBH GANESH, TAMHANKAR NEEL, HAVALDAR SANJAY NARAYAN ",A WATER CLEANING BOAT,Dr. Vishwanath Karad MIT World Peace University,"	23-09-2024",4/4/2025,"	14/2025",Dr. Vishwanath Karad MIT World Peace University,https://drive.google.com/file/d/1WhUu0JJxZTF_SzhXNqX5DmiAfkxNS-O0/view?usp=sharing,https://ipindiaservices.gov.in/publicsearch,Mechanical Engineering,India,"6,7,11,12,13,14",https://docs.google.com/document/d/1Z_-McdT49uwN8NjYHGvC0Iscn1EzAw0Q/edit?usp=drive_link&ouid=107012002616528930821&rtpof=true&sd=true,,,,,,,,,,,,,,,,,,
375,202424071846,Published,"RANE RASHMI ASHWINIKUMAR, SABU NIDHI, UTTAM SANKET, SHIRBHATE VENKATESH DILIP,  CHAUDHARI KEYUR SUNIT, DESHPANDE KALYANI PRASHANT",A SYSTEM FOR EVALUATING AND RANKING CANDIDATE RESUMES,Dr. Vishwanath Karad MIT World Peace University,"	23-09-2024",4/4/2025,14/2025,Dr. Vishwanath Karad MIT World Peace University,https://drive.google.com/file/d/1mOPxkaWjHTueuoqfS4kwGY5Qb8-ZuK5N/view?usp=sharing,https://ipindiaservices.gov.in/publicsearch,Computer Engineering & Technology,India,"4,9,12,13,17",https://docs.google.com/document/d/1b5K9ggPsF-rB6kakpYAkFV3Z286IhTOo/edit?usp=drive_link&ouid=107012002616528930821&rtpof=true&sd=true,,,,,,,,,,,,,,,,,,
376,202424071842,Published,"WAGHMARE PRATAP, THOTE ABHISHEK M",A SOFT UNDERWATER MULTIARMED ROBOTIC GRIPPER,Dr. Vishwanath Karad MIT World Peace University,9/23/2024,"	04-04-2025",14/2025,Dr. Vishwanath Karad MIT World Peace University,https://drive.google.com/file/d/1tpguxzk9uj4pV1ReJexSDSciZ-gBZnOS/view?usp=sharing,https://ipindiaservices.gov.in/publicsearch,Mechanical Engineering,India,"9,12,13,14",https://docs.google.com/document/d/1YE--TLUU3yR6lqz6X0-BzU8wfEoCJIyI/edit?usp=drive_link&ouid=107012002616528930821&rtpof=true&sd=true,,,,,,,,,,,,,,,,,,
377,202421074365,Published,"Priti Swapnil Chakurkar, Tanish Jain, Arishi Gupta, Anupriya Kathpalia, Rugved Borade",A SYSTEM FOR OCR-BASED FOOD ALLERGEN DETECTION AND RECOMMENDATION FOR FOOD PACKAGING,Dr. Vishwanath Karad MIT World Peace University,10/1/2024,"	04-04-2025",14/2025,Dr. Vishwanath Karad MIT World Peace University,https://drive.google.com/file/d/13Ri5acamExMNqyZ8LZC1fZo1FzdnCz48/view?usp=sharing,https://ipindiaservices.gov.in/publicsearch,Computer Engineering & Technology,India,"3,4,9,12,17",https://docs.google.com/document/d/1f3ltMOjGy9fWfTrXpflFopx1KvOPC-At/edit?usp=drive_link&ouid=107012002616528930821&rtpof=true&sd=true,,,,,,,,,,,,,,,,,,
378,202521003223,Published,"MAHESH JOSHI, VARSHA SWAPNIL NAIK",Method and System for Controlling Telephonic Communications,Dr. Vishwanath Karad MIT- World Peace University,1/14/2025,4/18/2025,16/2025,Dr. Vishwanath Karad MIT World Peace University,https://drive.google.com/file/d/13db1hHVRLqbDAXAkKddNBPd4rwxGgDCx/view?usp=sharing,https://ipindiaservices.gov.in/publicsearch,Computer Engineering & Technology,India,"3,9,11,12,17",https://docs.google.com/document/d/1pG_XJzLuFcNcOFSIpq52-miLtCfnn0iG/edit?usp=drive_link&ouid=107012002616528930821&rtpof=true&sd=true,,,,,,,,,,,,,,,,,,
379,202521007694,Published,"Niraj S. Topare, Sunita Raut-Jadhav, Pratik V Tabhane, Gauri V. Thakur, Aditi D. Maity, Anish Khan, Murthy Chavali",A PROCESS FOR TREATING WASTEWATER USING PHYSICALLY MODIFIED ADSORBENTS COMPRISING NATURAL WASTE MATE,Dr. Vishwanath Karad MIT- World Peace University,1/30/2025,4/4/2025,14/2025,Dr. Vishwanath Karad MIT World Peace University,https://drive.google.com/file/d/11VtiBwAgsRiJvCJqnoPeESaSDHkDgZUP/view?usp=sharing,https://ipindiaservices.gov.in/publicsearch,Chemical Engineering,India,"6,9,12,13,15",https://docs.google.com/document/d/1MCAg5gZW794i4q7SMOMniBjaNz3bR94y/edit?usp=drive_link&ouid=107012002616528930821&rtpof=true&sd=true,,,,,,,,,,,,,,,,,,
380,202521011526,Published,"Dr. Sagar Kanekar, Dr. Anand D. Kulkarni, Dr. Pratiksha D. Khurpade, Vivek Chakraborty, Ruchi Mathad",A METHOD OF CHARACTERIZATION OF BACTERIORHODOPSIN IN HALOARCHAEAL ORGANISM,Dr. Vishwanath Karad MIT- World Peace University,2/11/2025,4/18/2025,16/2025,Dr. Vishwanath Karad MIT World Peace University,https://drive.google.com/file/d/1ZXWm1ohXy_ClPPcltom3dvlDTzQtK91m/view?usp=sharing,https://ipindiaservices.gov.in/publicsearch,Chemical Engineering,India,"4,7,9,12,13",https://docs.google.com/document/d/1TzbY5860UhjfBdHR43NgxTBxTqCNhcPG/edit?usp=drive_link&ouid=107012002616528930821&rtpof=true&sd=true,,,,,,,,,,,,,,,,,,
381,202521014218,Published,"Chaitanya Mandar Sahasrabudhe, Daman Chakraborty, Purnesh Jain, Dr. Omkar K. Kulkarni, Dr. Ganesh M. Kakandikar",A LEVITATING DEVICE FOR VEHICLES,Dr. Vishwanath Karad MIT- World Peace University,2/19/2025,4/18/2025,16/2025,Dr. Vishwanath Karad MIT World Peace University,https://drive.google.com/file/d/1SMo-b3vhyLd2ke1BA0iEK8S1Kel3r81X/view?usp=sharing,https://ipindiaservices.gov.in/publicsearch,Mechanical Engineering,India,"7,9,11,12,13",https://docs.google.com/document/d/1lOkZvW737AlWPlJszR3CsQ8A2YXHOmNu/edit?usp=drive_link&ouid=107012002616528930821&rtpof=true&sd=true,,,,,,,,,,,,,,,,,,
382,202521032745,Published,"Rajesh Vinayak Patil, Hamza Anwar Tamboowala, Vedang Umesh Pasalkar",AN ASSISTIVE ROBOTIC SYSTEM,Dr. Vishwanath Karad MIT- World Peace University,4/2/2025,4/18/2025,16/2025,Dr. Vishwanath Karad MIT World Peace University,https://drive.google.com/file/d/1bY4JKDlyDG5t_HHPejV1rYk05G-cZcHN/view?usp=sharing,https://ipindiaservices.gov.in/publicsearch,Mechanical Engineering,India,"3,9,10,11,12",https://docs.google.com/document/d/14wZlJe-ZTMBh7zY_5FLkltAll5bNZVIG/edit?usp=drive_link&ouid=107012002616528930821&rtpof=true&sd=true,,,,,,,,,,,,,,,,,,
383,202521034900,Published,Nilesh K. Birajdar,A SYSTEM FOR PROTECTING A RIDER AND PILLION OF A TWO-WHEELER VEHICLE,Dr. Vishwanath Karad MIT- World Peace University,4/9/2025,5/2/2025,18/2025,Dr. Vishwanath Karad MIT World Peace University,https://drive.google.com/file/d/1IeNE6XyS9jsTY7Uve40UG_JYuX-0CVa9/view?usp=sharing,https://ipindiaservices.gov.in/publicsearch,Mechanical Engineering,India,"3,9,11,12,12",https://docs.google.com/document/d/1soRPLFb6c4dgp5hpjz1TFb8CBYJgUUpB/edit?usp=drive_link&ouid=107012002616528930821&rtpof=true&sd=true,,,,,,,,,,,,,,,,,,
384,202521034899,Published,"Hemlata Sandip Ohal, Dr. Shamla Mantri, Abhishek Avinash Tiwari, Sakshi Hanumant Zagade, Adarsh Kumar Baranwal",A SYSTEM FOR MONITORING HUMAN BRAIN ACTIVITY,Dr. Vishwanath Karad MIT- World Peace University,4/9/2025,5/2/2025,18/2025,Dr. Vishwanath Karad MIT World Peace University,https://drive.google.com/file/d/13x3GXzzuHQ4miu7g3yqVHy2tOLSJ4-FA/view?usp=sharing,https://ipindiaservices.gov.in/publicsearch,Polytechnic,India,"3,4,9,10,12",https://docs.google.com/document/d/17IJpljmkkl-RLYh_XjBkOJzJGP-l-RRX/edit?usp=drive_link&ouid=107012002616528930821&rtpof=true&sd=true,,,,,,,,,,,,,,,,,,
385,202521035502,Published,"RASHMI ASHWINIKUMAR RANE, VISHWAJIT SHARAD CHAVAN, SHIVANGI MISHRA, VAISHALI MODI, ATULIT SINGH CHANDRAWAT, MUSKAN YADAV",A SYSTEM AND METHOD FOR CUTTING GRASS,Dr. Vishwanath Karad MIT- World Peace University,4/11/2025,5/2/2025,18/2025,Dr. Vishwanath Karad MIT World Peace University,https://drive.google.com/file/d/1tU5NixzMWot2ie0aVGnVkd-B-1fLL47p/view?usp=sharing,https://ipindiaservices.gov.in/publicsearch,Computer Engineering & Technology,India,"7,9,11,12,13",https://docs.google.com/document/d/1IgcRPJOmtGTEzehk9dWlohQcPmc8U6N4/edit?usp=drive_link&ouid=107012002616528930821&rtpof=true&sd=true,,,,,,,,,,,,,,,,,,
386,202521037762,Published,"Manas Jain, Varad Charholikar, Dr. Ashish Pawar, Dr. Madhuri Bhalekar",A SYSTEM FOR DISPENSING ITEMS,Dr. Vishwanath Karad MIT- World Peace University,4/18/2025,5/16/2025,20/2025,Dr. Vishwanath Karad MIT World Peace University,https://drive.google.com/file/d/1qAZir5UbNXjvENPgdRGxtN3sptCuWJ8q/view?usp=sharing,https://ipindiaservices.gov.in/publicsearch,Mechanical Engineering,India,"8,9,11,12,17",https://docs.google.com/document/d/1lkCw93z0UtVgNULsWpgk7FjqNqQhdpzB/edit?usp=drive_link&ouid=107012002616528930821&rtpof=true&sd=true,,,,,,,,,,,,,,,,,,
387,202521038105,Published,"VRUSHALI RAJARAM PAGIRE, ANURADHA CHETAN PHADKE",A SYSTEM AND METHOD FOR UNDERWATER MOVING OBJECT DETECTION UNDER DYNAMIC BACKGROUND CONDITION,Dr. Vishwanath Karad MIT- World Peace University,4/21/2025,5/16/2025,20/2025,Dr. Vishwanath Karad MIT World Peace University,https://drive.google.com/file/d/1DKhsRE5U3CQGbci9maSP8KqFCim4vSYm/view?usp=sharing,https://ipindiaservices.gov.in/publicsearch,Electrical and Electronics Engineering,India,"9,11,13,14",https://docs.google.com/document/d/1Ond1GWhpXNzhmOC6FDhDh4EvGNlrzHPA/edit?usp=drive_link&ouid=107012002616528930821&rtpof=true&sd=true,,,,,,,,,,,,,,,,,,
388,202521038106,Published,"RUHI PATANKAR, DR. PRADNYA KULKARNI, DR. SARIKA BOBDE, NIMISHA JAMES, VARUN BALAWADE, ARIN KHOPKAR, VEDANT VICHARE",A SYSTEM AND METHOD FOR REGULATING ROOM LIGHTING,Dr. Vishwanath Karad MIT- World Peace University,4/21/2025,5/16/2025,20/2025,Dr. Vishwanath Karad MIT World Peace University,https://drive.google.com/file/d/1W2j9sZrX36i_Rm7ufQh3aDJFNXfj5xYf/view?usp=sharing,https://ipindiaservices.gov.in/publicsearch,Computer Engineering & Technology,India,"7,9,11,12,13",https://docs.google.com/document/d/157VpLivYPsfsAL4B_LhxOX4DojXcU55r/edit?usp=drive_link&ouid=107012002616528930821&rtpof=true&sd=true,,,,,,,,,,,,,,,,,,
389,202424065762,Published,"AHER, Jaideep Vinod; GADEKAR, Abhijit Suresh; BARVE, Shivprakash B.; PATEL, Vibha",A MODULAR UNMANNED GROUND VEHICLE WITH MULTI-MODAL SENSING AND CONTROL CAPABILITIES,"DR.VISHWANATH KARAD MIT WORLD PEACE UNIVERSITY; AHER, Jaideep Vinod; GADEKAR, Abhijit Suresh; BARVE, Shivprakash B.; PATEL, Vibha",8/30/2024,5/23/2025,21/2025,"Dr.Vishwanath Karad MIT WORLD PEACE UNIVERSITY, PUNE",https://drive.google.com/file/d/1Z5Q3b_KMoZNZB2vevo_155mhJHAwMuyU/view?usp=sharing,https://ipindiaservices.gov.in/publicsearch,Mechanical Engineering,India,"9,11,13,14",https://docs.google.com/document/d/15T1SQiBaxDrhya2ukh1oQGEfbNy1a0Tg/edit?usp=drive_link&ouid=107012002616528930821&rtpof=true&sd=true,,,,,,,,,,,,,,,,,,
390,202424065763,Published,"JOSHI, Ratnadip R.",A SUSTAINED RELEASE GREEN SMART BIO FERTILIZER PELLET,"DR. VISHWANATH KARAD MIT WORLD PEACE UNIVERSITY; JOSHI, Ratnadip R.",8/30/2024,5/16/2025,20/2025,"Dr.Vishwanath Karad MIT WORLD PEACE UNIVERSITY, PUNE",https://drive.google.com/file/d/122c3XWEK7tsl5qq8-lp3C61lOLclKtkd/view,https://ipindiaservices.gov.in/publicsearch,Chemical Engineering,India,"2,9,12,13,15",https://docs.google.com/document/d/1cnaaLVLAozzNjWBdpWer9d61q7sAqvoL/edit?usp=drive_link&ouid=107012002616528930821&rtpof=true&sd=true,,,,,,,,,,,,,,,,,,
391,202424092938,Published,"RAZDAN SURBHI, KARKALE PRANAY PRAMOD, BHATE HARDIK, AAHER SHRUTI, AAGRE RUGVED, BANSAL GAURAV, POKALE ATHARVA",A BAMBOO MOISTURE CHAMBER,"DR. VISHWANATH KARAD MIT WORLD PEACE
UNIVERSITY",11/27/2024,5/30/2025,22/2025,"Dr.Vishwanath Karad MIT WORLD PEACE UNIVERSITY, PUNE",https://drive.google.com/file/d/1FwB7EznW1IPNc1P7kS-f4Db0cVR7pfmL/view?usp=sharing,https://ipindiaservices.gov.in/publicsearch,Mechanical Engineering,India,"9,12,13,15",https://docs.google.com/document/d/1tTua7oEe-yqR-vEotbbMQFTCQ0a-LK4N/edit?usp=drive_link&ouid=107012002616528930821&rtpof=true&sd=true,,,,,,,,,,,,,,,,,,
392,202521043907,Published,"NEEL TAMHANKAR, HITIK PATEL, DR. KAUSTUBH GANESH KULKARNI, DR. ATUL MAROTRAO ELGANDELWAR, SOUMYAJIT GHOSH, AYUSH ABHAY WADGAONKAR",A MACHINE FOR WASHING FRESH PRODUCE,Dr. Vishwanath Karad MIT World Peace University,5/6/2025,5/30/2025,22/2025,"Dr.Vishwanath Karad MIT WORLD PEACE UNIVERSITY, PUNE",https://drive.google.com/file/d/1on9nlU4p1IG0cmTI5bvpxp0fywUEonIl/view?usp=sharing,https://ipindiaservices.gov.in/publicsearch,Mechanical Engineering,India,"2,3,9,12",https://docs.google.com/document/d/1TofeNcBpuIdeu67n3GyzWJ9x0XU6uauT/edit?usp=drive_link&ouid=107012002616528930821&rtpof=true&sd=true,,,,,,,,,,,,,,,,,,
393,202424092945,Published,"KUKADE SHWETA, ZODPE HARSHALI, KUMAWAT
MANISHA",AN UPLINK SCHEDULING SYSTEM TO ENHANCE SPECTRAL EFFICIENCY OF 5G NETWORK,"DR. VISHWANATH KARAD MIT WORLD PEACE
UNIVERSITY",11/27/2024,5/30/2025,22/2025,"Dr.Vishwanath Karad MIT WORLD PEACE UNIVERSITY, PUNE",https://drive.google.com/file/d/1SWadkZSUtJYacLFG5Ug910Y8jAiTIS9x/view?usp=sharing,https://ipindiaservices.gov.in/publicsearch,Electrical and Electronics Engineering,India,"9,11,12,17",https://docs.google.com/document/d/1hRQkG5ZX9txQH32qdztjU87KP20hYJFn/edit?usp=drive_link&ouid=107012002616528930821&rtpof=true&sd=true,,,,,,,,,,,,,,,,,,
394,202521040737,Published,"Dr. Ujjwala S. Rawandale, Kabeer Latane, Priyanshu Krishna, Sahil Hunswadkar, Dr. Trushita Chaware",IoT-Based Web Switch Motor Control for Remote Automation,Dr. Vishwanath Karad MIT World Peace University,4/28/2025,5/30/2025,22/2025,"Dr.Vishwanath Karad MIT WORLD PEACE UNIVERSITY, PUNE",https://drive.google.com/file/d/1cnYgtTgcFJxMpquOsSkKOnczDmzGc4bM/view?usp=sharing,https://ipindiaservices.gov.in/publicsearch,Electrical and Electronics Engineering,India,"7,9,11,12",https://docs.google.com/document/d/1SFHmekzAmUKVvUHqjtZEPEWSeBMxOz84/edit?usp=drive_link&ouid=107012002616528930821&rtpof=true&sd=true,,,,,,,,,,,,,,,,,,
395,202424066374,Published,"LOKHANDE Netra M, AHIRRAO Shripad, SHARMA Abhishek Kumar, PRAKASH Ravi, DHAMALE, Sharvari, SHAIKH Moeez",A SYSTEM FOR SURVEILLANCE ENHANCEMENT AND CONTROL DISPLAY USING MACHINE LEARNING FOR TRAFFIC VIOLATION,"DR. VISHWANATH KARAD MIT WORLD PEACE
UNIVERSITY",9/2/2024,5/30/2025,22/2025,"Dr.Vishwanath Karad MIT WORLD PEACE UNIVERSITY, PUNE",https://drive.google.com/file/d/1X-lrQVqczOm31qsEetX7lZkvSE_SMCQv/view?usp=sharing,https://ipindiaservices.gov.in/publicsearch,Electrical and Electronics Engineering,India,"3,9,11,12",https://docs.google.com/document/d/1IChFhIif_fet8UubRHZydZpeTiaegpAS/edit?usp=drive_link&ouid=107012002616528930821&rtpof=true&sd=true,,,,,,,,,,,,,,,,,,
396,202521049068,Published,"DR. MAHESH VASANTRAO KULKARNI, DR DEEPAK POPAT HUJARE, DR GIRISH SHARAD BARPANDE",A COMPOSITE LAYER FOR EFFECTIVE NOISE REDUCTION IN ABSORPTIVE MUFFLER,Dr. Vishwanath Karad MIT- World Peace University,5/21/2025,6/20/2025,25/2025,"Dr.Vishwanath Karad MIT WORLD PEACE UNIVERSITY, PUNE",https://drive.google.com/file/d/1Zt2qzejwQEnJ6iu7Y8FhFg56YRb2F3jC/view?usp=sharing,https://ipindiaservices.gov.in/publicsearch,Mechanical Engineering,India,"3,9,11,12",https://docs.google.com/document/d/1kTA4Tk_IaP6sBb2uod1DwcpeAyvF4trg/edit?usp=drive_link&ouid=107012002616528930821&rtpof=true&sd=true,,,,,,,,,,,,,,,,,,
397,202521050171,Published,"DR. TRUPTI NITIN BARASKAR, VEDARTH RAJU KUMTEKAR, TANMAY NEMA",A METHOD FOR PROVIDING A NETWORK SECURITY,Dr. Vishwanath Karad MIT- World Peace University,5/23/2025,6/27/2025,26/2025,"Dr.Vishwanath Karad MIT WORLD PEACE UNIVERSITY, PUNE",https://drive.google.com/file/d/1jOV-3Ems3GEO9MdUFVc30cErlac0PBvG/view?usp=sharing,https://ipindiaservices.gov.in/publicsearch,Computer Engineering & Technology,India,"9,11,16",https://docs.google.com/document/d/1zURtwDI22DZivVJcNEwJSCGetxnCDgwA/edit?usp=drive_link&ouid=107012002616528930821&rtpof=true&sd=true,,,,,,,,,,,,,,,,,,
398,202521050692,Published,"DR. VIBHA PATEL, KUNAL DIWAN, IRWIN KAUR, HARSHEEN SARTAJ, DR. TRUSHITA CHAWARE, DR. KRISHNA WARHADE",A BILATERAL PATCH ANTENNA FOR MOISTURE DETECTION,Dr. Vishwanath Karad MIT- World Peace University,5/27/2025,6/27/2025,26/2025,"Dr.Vishwanath Karad MIT WORLD PEACE UNIVERSITY, PUNE",https://drive.google.com/file/d/1G9dGIHR9b7RI9i8pDv8aaafJMDJMmm-d/view?usp=sharing,https://ipindiaservices.gov.in/publicsearch,Electrical and Electronics Engineering,India,"2,9,12",https://docs.google.com/document/d/1DL5u6-qmVtAeBIg1_82wp_Gj8W5BXsvd/edit?usp=drive_link&ouid=107012002616528930821&rtpof=true&sd=true,,,,,,,,,,,,,,,,,,
399,202521051232,Published,"YASH TRIGUN KULKARNI, DR. SUMITRA MOTADE",A SYSTEM FOR REAL-TIME COMPLIANCE MONITORING,Dr. Vishwanath Karad MIT- World Peace University,5/28/2025,6/27/2025,26/2025,"Dr.Vishwanath Karad MIT WORLD PEACE UNIVERSITY, PUNE",https://drive.google.com/file/d/13VbyqzjXxI4ioYNz_RN_2Ixs2_Loy28d/view?usp=sharing,https://ipindiaservices.gov.in/publicsearch,Electrical and Electronics Engineering,India,"3,8,9",https://docs.google.com/document/d/1eYVhTQfhgZWkxSwmOXIAV3pR1GUZ9P9f/edit?usp=drive_link&ouid=107012002616528930821&rtpof=true&sd=true,,,,,,,,,,,,,,,,,,
400,202521053728,Published,"Dr. Anil Shivsharan Mashalkar, Deep Shirode, Ritvik Navnath Gosavi, Shravan Maheshwari, Akshay Rane",SYSTEM FOR DISPENSING MULTIPLE LIQUIDS,Dr. Vishwanath Karad MIT- World Peace University,6/3/2025,6/27/2025,26/2025,"Dr.Vishwanath Karad MIT WORLD PEACE UNIVERSITY, PUNE",https://drive.google.com/file/d/1tRGgMLPJhiQcNGaFJ9GiKu1jR5Abvh6Y/view?usp=sharing,https://ipindiaservices.gov.in/publicsearch,Mechanical Engineering,India,"3,9,12",https://docs.google.com/document/d/1A5Wy6szEfVDDMv3GdSNCU1kEb8tZXah3/edit?usp=drive_link&ouid=107012002616528930821&rtpof=true&sd=true,,,,,,,,,,,,,,,,,,
401,202521054287,Published,"VARSHA NAIK, TANISHA CHAKRABORTY, MANASVI DEKHMUKH, HARSH CHAUHAN",A MICRO-DOPPLER BASED TARGETCLASSIFICATION SYSTEM,Dr. Vishwanath Karad MIT- World Peace University,6/5/2025,6/27/2025,26/2025,Dr. Vishwanath Karad MIT World Peace University,https://drive.google.com/file/d/1nEhsCqfIj4NrPktLPXN2GC82uooViQY-/view?usp=sharing,https://ipindiaservices.gov.in/publicsearch,Computer Engineering & Technology,India,"9,11,16",https://docs.google.com/document/d/1hqTlerawb6eex9U6vjRM470VIiE6EeKC/edit?usp=drive_link&ouid=107012002616528930821&rtpof=true&sd=true,,,,,,,,,,,,,,,,,,
402,202521057027,Published,"CHINMAY KANE, PUSKARAJ D SONAWWANAY",A BAR MAKING DEVICE,Dr. Vishwanath Karad MIT- World Peace University,6/13/2025,7/4/2025,27/2025,Dr. Vishwanath Karad MIT World Peace University,https://drive.google.com/file/d/1xTvhitXaYRacHJY9WR4Xyl-CCeP9YFi0/view?usp=sharing,https://ipindiaservices.gov.in/publicsearch,Mechanical Engineering,India,"2,8,9",https://docs.google.com/document/d/1sFA0E9t2zieM8KVEbYko257OfcYljnmP/edit?usp=drive_link&ouid=107012002616528930821&rtpof=true&sd=true,,,,,,,,,,,,,,,,,,
403,202521057482,Published,"RAHUL ASHOK PATIL, DR VAIBHAV NARENDRA DESHMUKH",A SOLAR-POWERED EVAPORATION DEVICE,Dr. Vishwanath Karad MIT- World Peace University,6/16/2025,7/4/2025,27/2025,Dr. Vishwanath Karad MIT World Peace University,https://drive.google.com/file/d/1O-h4MxiawgHj1hsijN9YErnYoAk-u2vJ/view?usp=sharing,https://ipindiaservices.gov.in/publicsearch,Mechanical Engineering,India,"7,9,13",https://docs.google.com/document/d/1mDiTYN7PmDYWb8FzsD__RejT5f-maF2G/edit?usp=drive_link&ouid=107012002616528930821&rtpof=true&sd=true,,,,,,,,,,,,,,,,,,
404,202521058576,Published,"Dr. Deepak Popat Hujare, Dr Girish Sharad Barpande, Dr Mahesh V. Kulkarni",A SYSTEM AND METHOD FOR PRECISE SIMULATION OF UNBALANCE AND MISALIGNMENT FAULTS IN ROTATING MACHINERY,Dr. Vishwanath Karad MIT- World Peace University,6/18/2025,7/11/2025,28/2025,Dr. Vishwanath Karad MIT World Peace University,https://drive.google.com/file/d/1sbiEg6OLw8_BzvNu2MEFyIcoMbxd9GFQ/view?usp=sharing,https://ipindiaservices.gov.in/publicsearch,Mechanical Engineering,India,"9,12,4",https://docs.google.com/document/d/1rQ_JgxZ4pdM0b_y-ghqfD-U10Fmy_3_5/edit?usp=drive_link&ouid=107012002616528930821&rtpof=true&sd=true,,,,,,,,,,,,,,,,,,
405,202521058491,Published,"MINAL DESHMUKH, PRITAM JOGAD",EMISSION CONTROL SYSTEM AND METHOD,Dr. Vishwanath Karad MIT- World Peace University,6/18/2025,7/11/2025,28/2025,Dr. Vishwanath Karad MIT World Peace University,https://drive.google.com/file/d/1LF5bW3jFUNNpD_aJ1UbV24GIEU_Xaljf/view?usp=sharing,https://ipindiaservices.gov.in/publicsearch,Petroleum Engineering,India,"12,13,9",https://docs.google.com/document/d/1RkJoDZ9WCHspl4wbh0GNgNO6Cl4Vo6zT/edit?usp=drive_link&ouid=107012002616528930821&rtpof=true&sd=true,,,,,,,,,,,,,,,,,,
406,202521059479,Published,"DR. PRANALI KOSAMKAR, DR. MADHURI BAHLEKAR, DR. BHAVANA TIPLE, DR. PRADNYA S. KULKARNI, MANAS JAIN, VARAD CHARHOLIKAR",A SYSTEM FOR WORKER SAFETY MONITORING,Dr. Vishwanath Karad MIT- World Peace University,6/20/2025,7/11/2025,28/2025,Dr. Vishwanath Karad MIT World Peace University,https://drive.google.com/file/d/1O5Med3S6qA59v6gNFDgaNxsE7b6mzPBs/view?usp=sharing,https://ipindiaservices.gov.in/publicsearch,Computer Engineering & Technology,India,"3,8,9",https://docs.google.com/document/d/1K6D8iQZcSSo8hFXLzK58nzIyytsiaflc/edit?usp=drive_link&ouid=107012002616528930821&rtpof=true&sd=true,,,,,,,,,,,,,,,,,,
407,202521059447,Published,"Samarth D Patwardhan, Vignesh Shenoy, Nilesh Sakpal",A PYROTECHNIC IGNITION DEVICE FOR EXPLOSION TESTING,Dr. Vishwanath Karad MIT- World Peace University,6/20/2025,7/11/2025,28/2025,Dr. Vishwanath Karad MIT World Peace University,https://drive.google.com/file/d/15P5eaDcDFA6Qk78FBpE0uh51abSBQyGL/view?usp=sharing,https://ipindiaservices.gov.in/publicsearch,Petroleum Engineering,India,"9,12,13",https://docs.google.com/document/d/1urXPXE_PMEcXuFUVUQWycqPVQSoctHTJ/edit?usp=drive_link&ouid=107012002616528930821&rtpof=true&sd=true,,,,,,,,,,,,,,,,,,
408,202521060837,Published,"Dr. KUNDLIK VITTALRAO MALI, Mr. ASHOK BALKRISHNA KORANE",A SUCTION-SIDE REFRIGERATED AIRDRYING WITH PCM STORAGE,Dr. Vishwanath Karad MIT- World Peace University,6/25/2025,7/18/2025,29/2025,Dr. Vishwanath Karad MIT World Peace University,https://drive.google.com/file/d/118f1494JzZmX7lazgrBGY6cFfu6IJctB/view?usp=sharing,https://ipindiaservices.gov.in/publicsearch,Mechanical Engineering,India,"7,9,12,13",https://docs.google.com/document/d/1qyMsWFHJYbFWDitFu4si-UcX238BqMy_/edit?usp=drive_link&ouid=107012002616528930821&rtpof=true&sd=true,,,,,,,,,,,,,,,,,,
409,202521060779,Published,"Sagar Govind Mushan, Dr. Vaibhav Narendra Deshmukh",A PERFORMANCE EVALUATING APPARATUS FOR HEAT PIPES,Dr. Vishwanath Karad MIT- World Peace University,6/25/2025,7/11/2025,28/2025,Dr. Vishwanath Karad MIT World Peace University,https://drive.google.com/file/d/1tB6Aj9-XjoT1nwmaMpQsAFA0S5OI8h0e/view?usp=sharing,https://ipindiaservices.gov.in/publicsearch,Mechanical Engineering,India,"7,9,12,13",https://docs.google.com/document/d/1ggKmNI8MTM5fr_YC8z2DEMajI6ag1_hd/edit?usp=drive_link&ouid=107012002616528930821&rtpof=true&sd=true,,,,,,,,,,,,,,,,,,
410,202424065764,Published,"BONDAR SHRIHARI MAHADEO, MAHESHWARI KUNJ, MALVIYA AYUSH, PAREKH VYOM",A BRAKE SYSTEM SAFETY DEVICE FOR ELECTRIC VEHICLES,Dr. Vishwanath Karad MIT- World Peace University,8/30/2024,7/11/2025,28/2025,Dr. Vishwanath Karad MIT World Peace University,https://drive.google.com/file/d/1n9-Au0Te0ZY-uqB9d5utS1h-UYJ2KOkK/view?usp=sharing,https://ipindiaservices.gov.in/publicsearch,Mechanical Engineering,India,"3,7,9,11,12",https://docs.google.com/document/d/1Qg9Dx9xJ4p3kymibKRaQKCUxQFa7JOs0/edit?usp=drive_link&ouid=107012002616528930821&rtpof=true&sd=true,,,,,,,,,,,,,,,,,,
411,202424065765,Published,"NATH DEEPA SOUMIK, JAIN RONIT MANISH, LENKA ARPITA MANOJ",AN AUTOMATED SOLDERING STAND ASSISTS USER IN HIGH FIDELITY SOLDERING,Dr. Vishwanath Karad MIT- World Peace University,8/30/2024,7/11/2025,28/2025,Dr. Vishwanath Karad MIT World Peace University,https://drive.google.com/file/d/1pk1o1-MIjzNb5ldOC2H5ADZC0C5zpi5j/view?usp=sharing,https://ipindiaservices.gov.in/publicsearch,Electrical and Electronics Engineering,India,"4,8,9,12",https://docs.google.com/document/d/1hgb-9yuBf-9vMZzDov1oMgXi98mzGybi/edit?usp=drive_link&ouid=107012002616528930821&rtpof=true&sd=true,,,,,,,,,,,,,,,,,,
412,202521063651,Published,"Bharat Kale, Sagar P. Kanekar, Anand D. Kulkarni, Nirav Dobariya",METHOD FOR PRODUCTION OF BIOHYDROGEN BY ANAEROBIC FERMENTATION OF SUGAR CONTAINING SYRUP,Dr. Vishwanath Karad MIT- World Peace University,7/3/2025,7/25/2025,30/2025,Dr. Vishwanath Karad MIT World Peace University,https://drive.google.com/file/d/1m6v-iD868lNWl4-oatDQRxe9QTg-VSZG/view?usp=sharing,https://ipindiaservices.gov.in/publicsearch,Chemical Engineering,India,"7,9,12,13",https://docs.google.com/document/d/1_gmYgtqjcd1sj0ZkGzDdkEORZAvuvrzb/edit?usp=drive_link&ouid=107012002616528930821&rtpof=true&sd=true,,,,,,,,,,,,,,,,,,
413,202521064691,Published,"Jay Kirdat, Rahul Jagtap",INTERNAL SCREW THREAD INSPECTION MACHINE,Dr. Vishwanath Karad MIT- World Peace University,7/7/2025,7/25/2025,30/2025,Dr. Vishwanath Karad MIT World Peace University,https://drive.google.com/file/d/1c0C6LwNBVrDKcCWTimhFjC5DxJFo40p-/view?usp=sharing,https://ipindiaservices.gov.in/publicsearch,Mechanical Engineering,India,"8,9,12",https://docs.google.com/document/d/10h-0l36ZFBjrvEnNI0IkyMJbnXuiPU43/edit?usp=drive_link&ouid=107012002616528930821&rtpof=true&sd=true,,,,,,,,,,,,,,,,,,
414,202521064685,Published,"DR. SANDEEP TUKARAM CHAVAN, AMARJEET YADAV, DNYANSHRI CHAUDHARI, SHRIKANT NIMBALKAR, SNEHAL KOLEKAR",A SYSTEM FOR CONTROLLING TRAFFIC JAMMER,Dr. Vishwanath Karad MIT- World Peace University,7/7/2025,7/25/2025,30/2025,Dr. Vishwanath Karad MIT World Peace University,https://drive.google.com/file/d/12w07ONcvDQSMGVjO1hSuV8EXd_uBf8IX/view?usp=sharing,https://ipindiaservices.gov.in/publicsearch,Mechanical Engineering,India,"9,11,13,16",https://docs.google.com/document/d/1GD0x1pdaWhZqHi144aX08ipI9z_fHwnX/edit?usp=drive_link&ouid=107012002616528930821&rtpof=true&sd=true,,,,,,,,,,,,,,,,,,
415,202521065058,Published,"SUJA SREEJITH PANICKER, ADITYA BHAGAT, CHAITYA MANOHAR, JAY SURYAWANSHI, MILAN PATEL, LAVANYA SHRIVASTAV",A SYSTEM FOR DETECTING JUTE PESTS,Dr. Vishwanath Karad MIT- World Peace University,7/8/2025,8/1/2025,31/2025,Dr. Vishwanath Karad MIT World Peace University,https://drive.google.com/file/d/1jF764EVBl2r_gJ0PKKpJyIW6BnrIWL9v/view?usp=sharing,https://ipindiaservices.gov.in/publicsearch,Computer Engineering & Technology,India,"2,9,12,13",https://docs.google.com/document/d/1KRSX1M1M-xNkVut9kBz-MM3vMROc23S-/edit?usp=drive_link&ouid=107012002616528930821&rtpof=true&sd=true,,,,,,,,,,,,,,,,,,
416,202521065087,Published,"Dr. Shweta Kukade, Vanshika Sharma, Sanjeet Surve, Mihika Shrotri, Vanita Tank, Dr. Sumitra Motade",EMERGENCY VEHICLE DETECTION AND ALERT SYSTEM FOR VEHICLES AND METHOD THEREFOR,Dr. Vishwanath Karad MIT- World Peace University,7/8/2025,7/25/2025,30/2025,Dr. Vishwanath Karad MIT World Peace University,https://drive.google.com/file/d/1ovqcALwZkGCzN3EsyMArmWP76hG6lapx/view?usp=sharing,https://ipindiaservices.gov.in/publicsearch,Electrical and Electronics Engineering,India,"3,9,11",https://docs.google.com/document/d/1F6TDtJMPA1RbXOLu9zrd_6ZR7_qLKZQL/edit?usp=drive_link&ouid=107012002616528930821&rtpof=true&sd=true,,,,,,,,,,,,,,,,,,
417,202521066957,Published,"MRS. PALLAVI SANTOSH MITKARI, DR. ABHISHEK MADHUKAR THOTE, DR. THIRUGNANAM ARUNACHALAM, DR. VIKRANT JADHAV",A DEVICE FOR PALATAL EXPANSION,Dr. Vishwanath Karad MIT- World Peace University,7/14/2025,8/1/2025,31/2025,Dr. Vishwanath Karad MIT World Peace University,https://drive.google.com/file/d/1J8__mv-mVBUttGUG4QzaGJDTV_QAaeiO/view?usp=sharing,https://ipindiaservices.gov.in/publicsearch,Mechanical Engineering,India,"3,9",https://docs.google.com/document/d/1nQaOhpLE34clbIERcBl6IQ2-6a-dFq-B/edit?usp=drive_link&ouid=107012002616528930821&rtpof=true&sd=true,,,,,,,,,,,,,,,,,,
418,202521072128,Published,"DR MRUNAL ANNADATE, AASTHA SISODIA, DHRUTI DESHPANDE, PRANAY GUPTA",A SYSTEM FOR ASSISTING VISUALLY IMPAIRED PERSON,Dr. Vishwanath Karad MIT- World Peace University,7/29/2025,8/8/2025,32/2025,Dr. Vishwanath Karad MIT World Peace University,https://drive.google.com/file/d/10qsHJQNdXu26NHtoaCZu-MUnj6hlzuwf/view?usp=sharing,https://ipindiaservices.gov.in/publicsearch,Electrical and Electronics Engineering,India,"3,4,9",https://docs.google.com/document/d/12w47iovU70hapdPLqgxvVneaYtc7Texb/edit?usp=drive_link&ouid=107012002616528930821&rtpof=true&sd=true,,,,,,,,,,,,,,,,,,
419,202521071922,Published,"MR. SAURABH MISHRA, MR. KUNAL SURYAWANSHI, MR. ATHARV TAYWADE, MR. ARINDAM VERMA, MRS. SHAKTI SANJAY KINGER",A VIRTUAL WARDROBE SYSTEM,Dr. Vishwanath Karad MIT- World Peace University,7/29/2025,8/15/2025,33/2025,Dr. Vishwanath Karad MIT World Peace University,https://drive.google.com/file/d/1S9ik0LiEnlxCvHU0Om-xslsOJFid7uzS/view?usp=sharing,https://ipindiaservices.gov.in/publicsearch,Computer Engineering & Technology,India,"9,12",https://docs.google.com/document/d/129AyFLDQR0q8jwbjsnP7j1YZ8GVGUqVx/edit?usp=drive_link&ouid=107012002616528930821&rtpof=true&sd=true,,,,,,,,,,,,,,,,,,
420,202521079185,Published,"Prof. Vaibhav K. Rangari, Prof. Mangesh R. Mahajan, Adesh Wankhade, Shreyas Raskar, Gaurav Pardeshi, Meet Munot",A STICK FOR ELDERLY PEOPLE,Dr. Vishwanath Karad MIT- World Peace University,8/21/2025,9/12/2025,37/2025,Dr. Vishwanath Karad MIT World Peace University,https://drive.google.com/file/d/13gpmY6Y5EZaQ6EtH-Bcj33bs_V3tL66p/view?usp=sharing,https://ipindiaservices.gov.in/publicsearch,Polytechnic,India,"3,9,11",https://docs.google.com/document/d/1Pr8OozQoZ8j5znb855r3otELlqC_ec_N/edit?usp=drive_link&ouid=107012002616528930821&rtpof=true&sd=true,,,,,,,,,,,,,,,,,,
421,202521082813,Published,"Naresh B. Chaudhari, Sachin N. Patil, Mihir Sahasrabudhe, Sharvil Ingle, Siddharth Marne",A SYSTEM AND METHOD FOR GREENHOUSE MONITORING,Dr. Vishwanath Karad MIT- World Peace University,9/1/2025,9/19/2025,38/2025,Dr. Vishwanath Karad MIT World Peace University,https://drive.google.com/file/d/1e1yvOl63hKqbK5JwEZ6dY2kVEn6eY_P2/view?usp=sharing,https://ipindiaservices.gov.in/publicsearch,Polytechnic,India,"2,9,12,13",https://docs.google.com/document/d/1DyMkxAORscbrm5dkxojcsLNsHHWdzlHA/edit?usp=drive_link&ouid=107012002616528930821&rtpof=true&sd=true,,,,,,,,,,,,,,,,,,
422,202521090494,Published,"Devesh Sudhir Dongare, Harsh Oswal, Joginder Chaudhary, Dr. Deepak Kumar, Dr. Abhishek Madhukar Thote",A CONTINUOUSLY VARIABLE TRANSMISSION SYSTEM,Dr. Vishwanath Karad MIT- World Peace University,9/22/2025,10/3/2025,40/2025,Dr. Vishwanath Karad MIT World Peace University,https://drive.google.com/file/d/1ROi_ERkirl-BKf4XwXA-y8dx2ABktvVd/view?usp=sharing,https://ipindiaservices.gov.in/publicsearch,Mechanical Engineering,India,"9,7,11,12",https://docs.google.com/document/d/1b4k6EpXX6t6oDS7gd2-DmuPlxAakhN6-/edit?usp=drive_link&ouid=107012002616528930821&rtpof=true&sd=true,,,,,,,,,,,,,,,,,,
423,202521090493,Published,"Hemlata Sandip Ohal, Dr. Shamla Mantri, Dr. Krishna Warhade",A MILD COGNITIVE IMPAIRMENT DETECTION SYSTEM,Dr. Vishwanath Karad MIT- World Peace University,9/22/2025,10/3/2025,40/2025,Dr. Vishwanath Karad MIT World Peace University,https://drive.google.com/file/d/1_VcySBx4KTwKIMRIYY7CKJp612Se02ax/view?usp=sharing,https://ipindiaservices.gov.in/publicsearch,Polytechnic,India,"3,4, 9, 10",https://docs.google.com/document/d/1L-Zviyw97WcNiEsLa_tEZUwZn7sZ_ROV/edit?usp=drive_link&ouid=107012002616528930821&rtpof=true&sd=true,,,,,,,,,,,,,,,,,,
424,202521086896,Published,"Dr. Anu Singha, Dr. Hemlata Gangwar, Dr. Anurag Das",SYSTEM AND METHOD FOR INSTANCE SEGMENTATION OF NUCLEUS CELLS FROM MICROSCOPIC IMAGES,Dr. Vishwanath Karad MIT- World Peace University,9/12/2025,10/10/2025,41/2025,Dr. Vishwanath Karad MIT World Peace University,https://drive.google.com/file/d/1hiyJ-pjrxJqXpMfwBvJ4UXydFGTAtmqD/view?usp=sharing,https://ipindiaservices.gov.in/publicsearch,Computer Science and Applications,India,"3,4, 9, 10",https://docs.google.com/document/d/1DSfTkk54rBe28cbAJg3hpr3Uqcr2GOk-/edit?usp=drive_link&ouid=107012002616528930821&rtpof=true&sd=true,,,,,,,,,,,,,,,,,,
425,202521110261,Published,"Shriyash Sunil Shinde, Shivpraksh Bhagwatrao
 Barve",A MULTI-CAVITY CASTING MOULD FOR SIMULTANEOUS PREPARATION OF MECHANICAL AND TRIBOLOGICAL TEST SPECIMENS,Dr. Vishwanath Karad MIT- World Peace University,12/11/2025,19-12-2025,51/2025,Dr. Vishwanath Karad MIT World Peace University,https://drive.google.com/file/d/1K5EkXtBqx49DBdEufS7bx7VNGEJI341s/view?usp=sharing,https://ipindiaservices.gov.in/publicsearch,Mechanical Engineering,India,,,,,,,,,,,,,,,,,,,,
426,202521110947,Published,"Jay Dipak More, Harshit Sanjay Soni, Atharva Shriram Patil, Sachin Prakash Sonwane, Aditya Arvind Bandgar, Seema Jitendra Patil, Dr. Mangesh Vilas Bedekar, Rashmi Apte",SYSTEM AND METHOD FOR VIRTUAL REALITY CHEMISTRY LABORATORY FOR SECONDARY EDUCATION,Dr. Vishwanath Karad MIT- World Peace University,13-11-2025,19-12-2025,51/2025,Dr. Vishwanath Karad MIT World Peace University,https://drive.google.com/file/d/13WuLKO8Ar8_mXiic-SAcB5uynRJ1MuZv/view?usp=sharing,https://ipindiaservices.gov.in/publicsearch,Computer Engineering & Technology,India,,,,,,,,,,,,,,,,,,,,
427,202521113558,Published,"APURVA NAIK, VIBHA PATEL, DHARVENDRA YADAV, ISHA TALATHI, MAYANK SINGHANIA",A DUAL BAND CIRCULARLY POARIZED ANTENNA ARRAY,Dr. Vishwanath Karad MIT- World Peace University,18-11-2025,19-12-2025,51/2025,Dr. Vishwanath Karad MIT World Peace University,https://drive.google.com/file/d/162umRXRj97yCMZx3y39V-58MRLqgYXoQ/view?usp=sharing,https://ipindiaservices.gov.in/publicsearch,Electrical and Electronics Engineering,India,,,,,,,,,,,,,,,,,,,,
428,202521049071,Published,"Dr. Shilpa Chapadgaonkar, Ms. Pranali P Patole",A METHOD FOR EXTRACTING CAROTENOID PIGMENT,Dr. Vishwanath Karad MIT- World Peace University,5/21/2025,6/20/2025,25/2025,"Dr.Vishwanath Karad MIT WORLD PEACE UNIVERSITY, PUNE",https://drive.google.com/file/d/18JJac4-J-Ir-KcbQL8BBjlHpcoKBYZhR/view?usp=sharing,https://ipindiaservices.gov.in/publicsearch,Biosciences,India,"2,3,9,12",https://docs.google.com/document/d/1N0FjQRrHaCZyBiMd7Iw8QakpBlROgoN2/edit?usp=drive_link&ouid=107012002616528930821&rtpof=true&sd=true,,,,,,,,,,,,,,,,,,
429,202521075048,Published,"NITHYA N KUTTY, SUDHA C DHUMANE, Vandana Moss, AMRITA SINHARAY, ANUP A KALE",METHOD FOR PREPARING A COMPOSTABLE ANTIMICROBIAL PACKAGING FILM,Dr. Vishwanath Karad MIT- World Peace University,8/7/2025,9/5/2025,36/2025,Dr. Vishwanath Karad MIT World Peace University,https://drive.google.com/file/d/12Cg75M3J73y4JeT-PEsGtCRP0mg8EVAr/view?usp=drive_link,https://ipindiaservices.gov.in/publicsearch,Biosciences,India,"3,9,12,13",https://docs.google.com/document/d/1skUZjz7elIRkR4ZmxJ21OnSGmlfwWMBk/edit?usp=drive_link&ouid=107012002616528930821&rtpof=true&sd=true,,,,,,,,,,,,,,,,,,
430,202521079011,Published,"DR. REHAN DESHMUKH, BHAVANA CHOUDHARY, YASHASWI BALORIA, VANSHIKA VERMA",A METHOD FOR MONITORING GLUCOSE IN SWEAT,Dr. Vishwanath Karad MIT- World Peace University,8/20/2025,9/5/2025,36/2025,Dr. Vishwanath Karad MIT World Peace University,https://drive.google.com/file/d/1BBRJNK7S026tpzU4MgOr8fJybwpwT87M/view?usp=drive_link,https://ipindiaservices.gov.in/publicsearch,Biosciences,India,"3,9,12",https://docs.google.com/document/d/1DraVM-o3G7jAWQozMNH_0MdFDOyi-fEu/edit?usp=drive_link&ouid=107012002616528930821&rtpof=true&sd=true,,,,,,,,,,,,,,,,,,
431,202521077697,Published,"Dr. Aarti Shastri, Prof. Prakash Joshi",A BIO-TOILET WITH GRAVITY FLAP,Dr. Vishwanath Karad MIT- World Peace University,8/14/2025,9/12/2025,37/2025,Dr. Vishwanath Karad MIT World Peace University,https://drive.google.com/file/d/1Zq4xxBNaQ2EK9r4z3Ii8A00mhio0e36v/view?usp=sharing,https://ipindiaservices.gov.in/publicsearch,Pharmacy,India,"6,7,12,13",https://docs.google.com/document/d/1Bqwz-DJ1g4cPn3KHmst-JW6bAbEE1_at/edit?usp=drive_link&ouid=107012002616528930821&rtpof=true&sd=true,,,,,,,,,,,,,,,,,,
432,202521070423,Published,"AKSHAY MOTILAL BAHETI, ANIL TUKARAM PAWAR, AMOL AMBADAS TAGALPALLEWAR, VAISHNAVI KULKARNI, PRATHAMESH MARANE",A PHARMACEUTICAL COMPOSITION FOR ANALGESIC AND ANTIPYRETIC APPLICATIONS,Dr. Vishwanath Karad MIT- World Peace University,7/24/2025,8/15/2025,33/2025,Dr. Vishwanath Karad MIT World Peace University,https://drive.google.com/file/d/17_22h5X-BKXVsXbqGZfX22h8427j6HS7/view?usp=sharing,https://ipindiaservices.gov.in/publicsearch,Pharmacy,India,"3,9,12",https://docs.google.com/document/d/1RCYg21gx71ZW_kNS1vhrf-T2MByjNKqw/edit?usp=drive_link&ouid=107012002616528930821&rtpof=true&sd=true,,,,,,,,,,,,,,,,,,
433,202521071566,Published,"ADVAIT KULKARNI, PRATHAMESH MARNE, SHREYA HEMADE, MANISH PANWAR, SHRIYA DEODHAR, AKSHAY M. BAHETI, AMOL A. TAGALPALLEWAR, ANIL T. PAWAR",A METHOD FOR PREPARING AN HERBAL TEA FORMULATION,Dr. Vishwanath Karad MIT- World Peace University,7/28/2025,8/15/2025,33/2025,Dr. Vishwanath Karad MIT World Peace University,https://drive.google.com/file/d/1FMfLEkTmZ4xPubSV7joE4Nh6zFt1rgrV/view?usp=sharing,https://ipindiaservices.gov.in/publicsearch,Pharmacy,India,"3,9,12",https://docs.google.com/document/d/1IlOQvdcTAna8hrf7mBvel2ML1Y1Z0AEl/edit?usp=drive_link&ouid=107012002616528930821&rtpof=true&sd=true,,,,,,,,,,,,,,,,,,
434,202521071563,Published,"AKSHAY MOTILAL BAHETI, ANIL TUKARAM PAWAR, AMOL AMBADAS TAGALPALLEWAR, VARUN PANDE, MRUNAL SABLE",METHOD FOR FORMULATION OF AN ENTERIC COATED HERBAL TABLET,Dr. Vishwanath Karad MIT- World Peace University,7/28/2025,8/8/2025,32/2025,Dr. Vishwanath Karad MIT World Peace University,https://drive.google.com/file/d/1Mg-a1GtQOP0QLhDrTPHR3FnSGxS_Acap/view?usp=sharing,https://ipindiaservices.gov.in/publicsearch,Pharmacy,India,"3,9,12",https://docs.google.com/document/d/1jPsZ_gciZ9tw0Y_lKITl0jkBmZFFxp7s/edit?usp=drive_link&ouid=107012002616528930821&rtpof=true&sd=true,,,,,,,,,,,,,,,,,,
435,202521097069,Published,"DR. VIJAYAPANDI PANDY, MS. DNYANESHWARI DHANAJAY VIBHUTE, MS. PALLAVI DORIK, MS. ANUSHRI JADHAV",AN ELEVATED MAZE APPARATUS FOR RATS,Dr. Vishwanath Karad MIT- World Peace University,10/8/2025,10/24/2025,43/2025,Dr. Vishwanath Karad MIT World Peace University,https://drive.google.com/file/d/1qNEzEiOhdGZvD48TGUd_sRgZzQMwZ89R/view?usp=sharing,https://ipindiaservices.gov.in/publicsearch,Pharmacy,India,"3,4,9",https://docs.google.com/document/d/13SkaLFaA9g06l3zKnhmud3meNIGHTx0K/edit?usp=drive_link&ouid=107012002616528930821&rtpof=true&sd=true,,,,,,,,,,,,,,,,,,
436,202521097070,Published,"DR. VIJAYAPANDI PANDY, MS. DNYANESHWARI DHANAJAY VIBHUTE, MS. PALLAVI DORIK, MS. ANUSHRI JADHAV",AN ELEVATED MAZE APPARATUS FOR MICE,Dr. Vishwanath Karad MIT- World Peace University,10/8/2025,10/24/2025,43/2025,Dr. Vishwanath Karad MIT World Peace University,https://drive.google.com/file/d/1xZ1Z4q9hys4nDdZLICYnizPDwjcAtsUe/view?usp=sharing,https://ipindiaservices.gov.in/publicsearch,Pharmacy,India,"3,4,9",https://docs.google.com/document/d/1pL6nA3GVMEiBHb44eXdUek4I0cC7oYbV/edit?usp=drive_link&ouid=107012002616528930821&rtpof=true&sd=true,,,,,,,,,,,,,,,,,,
,,,,,,,,,,,,,,,,,,,,,,,,,,,,,,,,,
,,,,,,,,,,,,,,,,,,,,,,,,,,,,,,,,,
,,,,,,,,,,,,,,,,,,,,,,,,,,,,,,,,,
,,,,,,,,,,,,,,,,,,,,,,,,,,,,,,,,,
,,,,,,,,,,,,,,,,,,,,,,,,,,,,,,,,,
,,,,,,,,,,,,,,,,,,,,,,,,,,,,,,,,,
,,,,,,,,,,,,,,,,,,,,,,,,,,,,,,,,,
,,,,,,,,,,,,,,,,,,,,,,,,,,,,,,,,,
,,,,,,,,,,,,,,,,,,,,,,,,,,,,,,,,,
,,,,,,,,,,,,,,,,,,,,,,,,,,,,,,,,,
,,,,,,,,,,,,,,,,,,,,,,,,,,,,,,,,,
,,,,,,,,,,,,,,,,,,,,,,,,,,,,,,,,,
,,,,,,,,,,,,,,,,,,,,,,,,,,,,,,,,,
,,,,,,,,,,,,,,,,,,,,,,,,,,,,,,,,,
,,,,,,,,,,,,,,,,,,,,,,,,,,,,,,,,,
,,,,,,,,,,,,,,,,,,,,,,,,,,,,,,,,,
,,,,,,,,,,,,,,,,,,,,,,,,,,,,,,,,,
,,,,,,,,,,,,,,,,,,,,,,,,,,,,,,,,,
,,,,,,,,,,,,,,,,,,,,,,,,,,,,,,,,,
,,,,,,,,,,,,,,,,,,,,,,,,,,,,,,,,,
,,,,,,,,,,,,,,,,,,,,,,,,,,,,,,,,,
,,,,,,,,,,,,,,,,,,,,,,,,,,,,,,,,,
,,,,,,,,,,,,,,,,,,,,,,,,,,,,,,,,,
,,,,,,,,,,,,,,,,,,,,,,,,,,,,,,,,,
,,,,,,,,,,,,,,,,,,,,,,,,,,,,,,,,,
,,,,,,,,,,,,,,,,,,,,,,,,,,,,,,,,,
,,,,,,,,,,,,,,,,,,,,,,,,,,,,,,,,,
,,,,,,,,,,,,,,,,,,,,,,,,,,,,,,,,,
,,,,,,,,,,,,,,,,,,,,,,,,,,,,,,,,,
,,,,,,,,,,,,,,,,,,,,,,,,,,,,,,,,,
,,,,,,,,,,,,,,,,,,,,,,,,,,,,,,,,,
,,,,,,,,,,,,,,,,,,,,,,,,,,,,,,,,,
,,,,,,,,,,,,,,,,,,,,,,,,,,,,,,,,,
,,,,,,,,,,,,,,,,,,,,,,,,,,,,,,,,,
,,,,,,,,,,,,,,,,,,,,,,,,,,,,,,,,,
,,,,,,,,,,,,,,,,,,,,,,,,,,,,,,,,,
,,,,,,,,,,,,,,,,,,,,,,,,,,,,,,,,,
,,,,,,,,,,,,,,,,,,,,,,,,,,,,,,,,,
,,,,,,,,,,,,,,,,,,,,,,,,,,,,,,,,,
,,,,,,,,,,,,,,,,,,,,,,,,,,,,,,,,,
,,,,,,,,,,,,,,,,,,,,,,,,,,,,,,,,,
,,,,,,,,,,,,,,,,,,,,,,,,,,,,,,,,,
,,,,,,,,,,,,,,,,,,,,,,,,,,,,,,,,,
,,,,,,,,,,,,,,,,,,,,,,,,,,,,,,,,,
,,,,,,,,,,,,,,,,,,,,,,,,,,,,,,,,,
,,,,,,,,,,,,,,,,,,,,,,,,,,,,,,,,,
,,,,,,,,,,,,,,,,,,,,,,,,,,,,,,,,,
,,,,,,,,,,,,,,,,,,,,,,,,,,,,,,,,,
,,,,,,,,,,,,,,,,,,,,,,,,,,,,,,,,,
,,,,,,,,,,,,,,,,,,,,,,,,,,,,,,,,,
,,,,,,,,,,,,,,,,,,,,,,,,,,,,,,,,,
,,,,,,,,,,,,,,,,,,,,,,,,,,,,,,,,,
,,,,,,,,,,,,,,,,,,,,,,,,,,,,,,,,,
,,,,,,,,,,,,,,,,,,,,,,,,,,,,,,,,,
,,,,,,,,,,,,,,,,,,,,,,,,,,,,,,,,,
,,,,,,,,,,,,,,,,,,,,,,,,,,,,,,,,,
,,,,,,,,,,,,,,,,,,,,,,,,,,,,,,,,,
,,,,,,,,,,,,,,,,,,,,,,,,,,,,,,,,,
,,,,,,,,,,,,,,,,,,,,,,,,,,,,,,,,,
,,,,,,,,,,,,,,,,,,,,,,,,,,,,,,,,,
,,,,,,,,,,,,,,,,,,,,,,,,,,,,,,,,,
,,,,,,,,,,,,,,,,,,,,,,,,,,,,,,,,,
,,,,,,,,,,,,,,,,,,,,,,,,,,,,,,,,,
,,,,,,,,,,,,,,,,,,,,,,,,,,,,,,,,,
,,,,,,,,,,,,,,,,,,,,,,,,,,,,,,,,,
,,,,,,,,,,,,,,,,,,,,,,,,,,,,,,,,,
,,,,,,,,,,,,,,,,,,,,,,,,,,,,,,,,,
,,,,,,,,,,,,,,,,,,,,,,,,,,,,,,,,,
,,,,,,,,,,,,,,,,,,,,,,,,,,,,,,,,,
,,,,,,,,,,,,,,,,,,,,,,,,,,,,,,,,,
,,,,,,,,,,,,,,,,,,,,,,,,,,,,,,,,,
,,,,,,,,,,,,,,,,,,,,,,,,,,,,,,,,,
,,,,,,,,,,,,,,,,,,,,,,,,,,,,,,,,,
,,,,,,,,,,,,,,,,,,,,,,,,,,,,,,,,,
,,,,,,,,,,,,,,,,,,,,,,,,,,,,,,,,,
,,,,,,,,,,,,,,,,,,,,,,,,,,,,,,,,,
,,,,,,,,,,,,,,,,,,,,,,,,,,,,,,,,,
,,,,,,,,,,,,,,,,,,,,,,,,,,,,,,,,,
,,,,,,,,,,,,,,,,,,,,,,,,,,,,,,,,,
,,,,,,,,,,,,,,,,,,,,,,,,,,,,,,,,,
,,,,,,,,,,,,,,,,,,,,,,,,,,,,,,,,,
,,,,,,,,,,,,,,,,,,,,,,,,,,,,,,,,,
,,,,,,,,,,,,,,,,,,,,,,,,,,,,,,,,,
,,,,,,,,,,,,,,,,,,,,,,,,,,,,,,,,,
,,,,,,,,,,,,,,,,,,,,,,,,,,,,,,,,,
,,,,,,,,,,,,,,,,,,,,,,,,,,,,,,,,,
,,,,,,,,,,,,,,,,,,,,,,,,,,,,,,,,,
,,,,,,,,,,,,,,,,,,,,,,,,,,,,,,,,,
,,,,,,,,,,,,,,,,,,,,,,,,,,,,,,,,,
,,,,,,,,,,,,,,,,,,,,,,,,,,,,,,,,,
,,,,,,,,,,,,,,,,,,,,,,,,,,,,,,,,,
,,,,,,,,,,,,,,,,,,,,,,,,,,,,,,,,,
,,,,,,,,,,,,,,,,,,,,,,,,,,,,,,,,,
,,,,,,,,,,,,,,,,,,,,,,,,,,,,,,,,,
,,,,,,,,,,,,,,,,,,,,,,,,,,,,,,,,,
,,,,,,,,,,,,,,,,,,,,,,,,,,,,,,,,,
,,,,,,,,,,,,,,,,,,,,,,,,,,,,,,,,,
,,,,,,,,,,,,,,,,,,,,,,,,,,,,,,,,,
,,,,,,,,,,,,,,,,,,,,,,,,,,,,,,,,,
,,,,,,,,,,,,,,,,,,,,,,,,,,,,,,,,,
,,,,,,,,,,,,,,,,,,,,,,,,,,,,,,,,,
,,,,,,,,,,,,,,,,,,,,,,,,,,,,,,,,,
,,,,,,,,,,,,,,,,,,,,,,,,,,,,,,,,,
,,,,,,,,,,,,,,,,,,,,,,,,,,,,,,,,,
,,,,,,,,,,,,,,,,,,,,,,,,,,,,,,,,,
,,,,,,,,,,,,,,,,,,,,,,,,,,,,,,,,,
,,,,,,,,,,,,,,,,,,,,,,,,,,,,,,,,,
,,,,,,,,,,,,,,,,,,,,,,,,,,,,,,,,,
,,,,,,,,,,,,,,,,,,,,,,,,,,,,,,,,,
,,,,,,,,,,,,,,,,,,,,,,,,,,,,,,,,,
,,,,,,,,,,,,,,,,,,,,,,,,,,,,,,,,,
,,,,,,,,,,,,,,,,,,,,,,,,,,,,,,,,,
,,,,,,,,,,,,,,,,,,,,,,,,,,,,,,,,,
,,,,,,,,,,,,,,,,,,,,,,,,,,,,,,,,,
,,,,,,,,,,,,,,,,,,,,,,,,,,,,,,,,,
,,,,,,,,,,,,,,,,,,,,,,,,,,,,,,,,,
,,,,,,,,,,,,,,,,,,,,,,,,,,,,,,,,,
,,,,,,,,,,,,,,,,,,,,,,,,,,,,,,,,,
,,,,,,,,,,,,,,,,,,,,,,,,,,,,,,,,,
,,,,,,,,,,,,,,,,,,,,,,,,,,,,,,,,,
,,,,,,,,,,,,,,,,,,,,,,,,,,,,,,,,,
,,,,,,,,,,,,,,,,,,,,,,,,,,,,,,,,,
,,,,,,,,,,,,,,,,,,,,,,,,,,,,,,,,,
,,,,,,,,,,,,,,,,,,,,,,,,,,,,,,,,,
,,,,,,,,,,,,,,,,,,,,,,,,,,,,,,,,,
,,,,,,,,,,,,,,,,,,,,,,,,,,,,,,,,,
,,,,,,,,,,,,,,,,,,,,,,,,,,,,,,,,,
,,,,,,,,,,,,,,,,,,,,,,,,,,,,,,,,,
,,,,,,,,,,,,,,,,,,,,,,,,,,,,,,,,,
,,,,,,,,,,,,,,,,,,,,,,,,,,,,,,,,,
,,,,,,,,,,,,,,,,,,,,,,,,,,,,,,,,,
,,,,,,,,,,,,,,,,,,,,,,,,,,,,,,,,,
,,,,,,,,,,,,,,,,,,,,,,,,,,,,,,,,,
,,,,,,,,,,,,,,,,,,,,,,,,,,,,,,,,,
,,,,,,,,,,,,,,,,,,,,,,,,,,,,,,,,,
,,,,,,,,,,,,,,,,,,,,,,,,,,,,,,,,,
,,,,,,,,,,,,,,,,,,,,,,,,,,,,,,,,,
,,,,,,,,,,,,,,,,,,,,,,,,,,,,,,,,,
,,,,,,,,,,,,,,,,,,,,,,,,,,,,,,,,,
,,,,,,,,,,,,,,,,,,,,,,,,,,,,,,,,,
,,,,,,,,,,,,,,,,,,,,,,,,,,,,,,,,,
,,,,,,,,,,,,,,,,,,,,,,,,,,,,,,,,,
,,,,,,,,,,,,,,,,,,,,,,,,,,,,,,,,,
,,,,,,,,,,,,,,,,,,,,,,,,,,,,,,,,,
,,,,,,,,,,,,,,,,,,,,,,,,,,,,,,,,,
,,,,,,,,,,,,,,,,,,,,,,,,,,,,,,,,,
,,,,,,,,,,,,,,,,,,,,,,,,,,,,,,,,,
,,,,,,,,,,,,,,,,,,,,,,,,,,,,,,,,,
,,,,,,,,,,,,,,,,,,,,,,,,,,,,,,,,,
,,,,,,,,,,,,,,,,,,,,,,,,,,,,,,,,,
,,,,,,,,,,,,,,,,,,,,,,,,,,,,,,,,,
,,,,,,,,,,,,,,,,,,,,,,,,,,,,,,,,,
,,,,,,,,,,,,,,,,,,,,,,,,,,,,,,,,,
,,,,,,,,,,,,,,,,,,,,,,,,,,,,,,,,,
,,,,,,,,,,,,,,,,,,,,,,,,,,,,,,,,,
,,,,,,,,,,,,,,,,,,,,,,,,,,,,,,,,,
,,,,,,,,,,,,,,,,,,,,,,,,,,,,,,,,,
,,,,,,,,,,,,,,,,,,,,,,,,,,,,,,,,,
,,,,,,,,,,,,,,,,,,,,,,,,,,,,,,,,,
,,,,,,,,,,,,,,,,,,,,,,,,,,,,,,,,,
,,,,,,,,,,,,,,,,,,,,,,,,,,,,,,,,,
,,,,,,,,,,,,,,,,,,,,,,,,,,,,,,,,,
,,,,,,,,,,,,,,,,,,,,,,,,,,,,,,,,,
,,,,,,,,,,,,,,,,,,,,,,,,,,,,,,,,,
,,,,,,,,,,,,,,,,,,,,,,,,,,,,,,,,,
,,,,,,,,,,,,,,,,,,,,,,,,,,,,,,,,,
,,,,,,,,,,,,,,,,,,,,,,,,,,,,,,,,,
,,,,,,,,,,,,,,,,,,,,,,,,,,,,,,,,,
,,,,,,,,,,,,,,,,,,,,,,,,,,,,,,,,,
,,,,,,,,,,,,,,,,,,,,,,,,,,,,,,,,,
,,,,,,,,,,,,,,,,,,,,,,,,,,,,,,,,,
,,,,,,,,,,,,,,,,,,,,,,,,,,,,,,,,,
,,,,,,,,,,,,,,,,,,,,,,,,,,,,,,,,,
,,,,,,,,,,,,,,,,,,,,,,,,,,,,,,,,,
,,,,,,,,,,,,,,,,,,,,,,,,,,,,,,,,,
,,,,,,,,,,,,,,,,,,,,,,,,,,,,,,,,,
,,,,,,,,,,,,,,,,,,,,,,,,,,,,,,,,,
,,,,,,,,,,,,,,,,,,,,,,,,,,,,,,,,,
,,,,,,,,,,,,,,,,,,,,,,,,,,,,,,,,,
,,,,,,,,,,,,,,,,,,,,,,,,,,,,,,,,,
,,,,,,,,,,,,,,,,,,,,,,,,,,,,,,,,,
,,,,,,,,,,,,,,,,,,,,,,,,,,,,,,,,,
,,,,,,,,,,,,,,,,,,,,,,,,,,,,,,,,,
,,,,,,,,,,,,,,,,,,,,,,,,,,,,,,,,,
,,,,,,,,,,,,,,,,,,,,,,,,,,,,,,,,,
,,,,,,,,,,,,,,,,,,,,,,,,,,,,,,,,,
,,,,,,,,,,,,,,,,,,,,,,,,,,,,,,,,,
,,,,,,,,,,,,,,,,,,,,,,,,,,,,,,,,,
,,,,,,,,,,,,,,,,,,,,,,,,,,,,,,,,,
,,,,,,,,,,,,,,,,,,,,,,,,,,,,,,,,,
,,,,,,,,,,,,,,,,,,,,,,,,,,,,,,,,,
,,,,,,,,,,,,,,,,,,,,,,,,,,,,,,,,,
,,,,,,,,,,,,,,,,,,,,,,,,,,,,,,,,,
,,,,,,,,,,,,,,,,,,,,,,,,,,,,,,,,,
,,,,,,,,,,,,,,,,,,,,,,,,,,,,,,,,,
,,,,,,,,,,,,,,,,,,,,,,,,,,,,,,,,,
,,,,,,,,,,,,,,,,,,,,,,,,,,,,,,,,,
,,,,,,,,,,,,,,,,,,,,,,,,,,,,,,,,,
,,,,,,,,,,,,,,,,,,,,,,,,,,,,,,,,,
,,,,,,,,,,,,,,,,,,,,,,,,,,,,,,,,,
,,,,,,,,,,,,,,,,,,,,,,,,,,,,,,,,,
,,,,,,,,,,,,,,,,,,,,,,,,,,,,,,,,,
,,,,,,,,,,,,,,,,,,,,,,,,,,,,,,,,,
,,,,,,,,,,,,,,,,,,,,,,,,,,,,,,,,,
,,,,,,,,,,,,,,,,,,,,,,,,,,,,,,,,,
,,,,,,,,,,,,,,,,,,,,,,,,,,,,,,,,,
,,,,,,,,,,,,,,,,,,,,,,,,,,,,,,,,,
,,,,,,,,,,,,,,,,,,,,,,,,,,,,,,,,,
,,,,,,,,,,,,,,,,,,,,,,,,,,,,,,,,,
,,,,,,,,,,,,,,,,,,,,,,,,,,,,,,,,,
,,,,,,,,,,,,,,,,,,,,,,,,,,,,,,,,,
,,,,,,,,,,,,,,,,,,,,,,,,,,,,,,,,,
,,,,,,,,,,,,,,,,,,,,,,,,,,,,,,,,,
,,,,,,,,,,,,,,,,,,,,,,,,,,,,,,,,,
,,,,,,,,,,,,,,,,,,,,,,,,,,,,,,,,,
,,,,,,,,,,,,,,,,,,,,,,,,,,,,,,,,,
,,,,,,,,,,,,,,,,,,,,,,,,,,,,,,,,,
,,,,,,,,,,,,,,,,,,,,,,,,,,,,,,,,,
,,,,,,,,,,,,,,,,,,,,,,,,,,,,,,,,,
,,,,,,,,,,,,,,,,,,,,,,,,,,,,,,,,,
,,,,,,,,,,,,,,,,,,,,,,,,,,,,,,,,,
,,,,,,,,,,,,,,,,,,,,,,,,,,,,,,,,,
,,,,,,,,,,,,,,,,,,,,,,,,,,,,,,,,,
,,,,,,,,,,,,,,,,,,,,,,,,,,,,,,,,,
,,,,,,,,,,,,,,,,,,,,,,,,,,,,,,,,,
,,,,,,,,,,,,,,,,,,,,,,,,,,,,,,,,,
,,,,,,,,,,,,,,,,,,,,,,,,,,,,,,,,,
,,,,,,,,,,,,,,,,,,,,,,,,,,,,,,,,,
,,,,,,,,,,,,,,,,,,,,,,,,,,,,,,,,,
,,,,,,,,,,,,,,,,,,,,,,,,,,,,,,,,,
,,,,,,,,,,,,,,,,,,,,,,,,,,,,,,,,,
,,,,,,,,,,,,,,,,,,,,,,,,,,,,,,,,,
,,,,,,,,,,,,,,,,,,,,,,,,,,,,,,,,,
,,,,,,,,,,,,,,,,,,,,,,,,,,,,,,,,,
,,,,,,,,,,,,,,,,,,,,,,,,,,,,,,,,,
,,,,,,,,,,,,,,,,,,,,,,,,,,,,,,,,,
,,,,,,,,,,,,,,,,,,,,,,,,,,,,,,,,,
,,,,,,,,,,,,,,,,,,,,,,,,,,,,,,,,,
,,,,,,,,,,,,,,,,,,,,,,,,,,,,,,,,,
,,,,,,,,,,,,,,,,,,,,,,,,,,,,,,,,,
,,,,,,,,,,,,,,,,,,,,,,,,,,,,,,,,,
,,,,,,,,,,,,,,,,,,,,,,,,,,,,,,,,,
,,,,,,,,,,,,,,,,,,,,,,,,,,,,,,,,,
,,,,,,,,,,,,,,,,,,,,,,,,,,,,,,,,,
,,,,,,,,,,,,,,,,,,,,,,,,,,,,,,,,,
,,,,,,,,,,,,,,,,,,,,,,,,,,,,,,,,,
,,,,,,,,,,,,,,,,,,,,,,,,,,,,,,,,,
,,,,,,,,,,,,,,,,,,,,,,,,,,,,,,,,,
,,,,,,,,,,,,,,,,,,,,,,,,,,,,,,,,,
,,,,,,,,,,,,,,,,,,,,,,,,,,,,,,,,,
,,,,,,,,,,,,,,,,,,,,,,,,,,,,,,,,,
,,,,,,,,,,,,,,,,,,,,,,,,,,,,,,,,,
,,,,,,,,,,,,,,,,,,,,,,,,,,,,,,,,,
,,,,,,,,,,,,,,,,,,,,,,,,,,,,,,,,,
,,,,,,,,,,,,,,,,,,,,,,,,,,,,,,,,,
,,,,,,,,,,,,,,,,,,,,,,,,,,,,,,,,,
,,,,,,,,,,,,,,,,,,,,,,,,,,,,,,,,,
,,,,,,,,,,,,,,,,,,,,,,,,,,,,,,,,,
,,,,,,,,,,,,,,,,,,,,,,,,,,,,,,,,,
,,,,,,,,,,,,,,,,,,,,,,,,,,,,,,,,,
,,,,,,,,,,,,,,,,,,,,,,,,,,,,,,,,,
,,,,,,,,,,,,,,,,,,,,,,,,,,,,,,,,,
,,,,,,,,,,,,,,,,,,,,,,,,,,,,,,,,,
,,,,,,,,,,,,,,,,,,,,,,,,,,,,,,,,,
,,,,,,,,,,,,,,,,,,,,,,,,,,,,,,,,,
,,,,,,,,,,,,,,,,,,,,,,,,,,,,,,,,,
,,,,,,,,,,,,,,,,,,,,,,,,,,,,,,,,,
,,,,,,,,,,,,,,,,,,,,,,,,,,,,,,,,,
,,,,,,,,,,,,,,,,,,,,,,,,,,,,,,,,,
,,,,,,,,,,,,,,,,,,,,,,,,,,,,,,,,,
,,,,,,,,,,,,,,,,,,,,,,,,,,,,,,,,,
,,,,,,,,,,,,,,,,,,,,,,,,,,,,,,,,,
,,,,,,,,,,,,,,,,,,,,,,,,,,,,,,,,,
,,,,,,,,,,,,,,,,,,,,,,,,,,,,,,,,,
,,,,,,,,,,,,,,,,,,,,,,,,,,,,,,,,,
,,,,,,,,,,,,,,,,,,,,,,,,,,,,,,,,,
,,,,,,,,,,,,,,,,,,,,,,,,,,,,,,,,,
,,,,,,,,,,,,,,,,,,,,,,,,,,,,,,,,,
,,,,,,,,,,,,,,,,,,,,,,,,,,,,,,,,,
,,,,,,,,,,,,,,,,,,,,,,,,,,,,,,,,,
,,,,,,,,,,,,,,,,,,,,,,,,,,,,,,,,,
,,,,,,,,,,,,,,,,,,,,,,,,,,,,,,,,,
,,,,,,,,,,,,,,,,,,,,,,,,,,,,,,,,,
,,,,,,,,,,,,,,,,,,,,,,,,,,,,,,,,,
,,,,,,,,,,,,,,,,,,,,,,,,,,,,,,,,,
,,,,,,,,,,,,,,,,,,,,,,,,,,,,,,,,,
,,,,,,,,,,,,,,,,,,,,,,,,,,,,,,,,,
,,,,,,,,,,,,,,,,,,,,,,,,,,,,,,,,,
,,,,,,,,,,,,,,,,,,,,,,,,,,,,,,,,,
,,,,,,,,,,,,,,,,,,,,,,,,,,,,,,,,,
,,,,,,,,,,,,,,,,,,,,,,,,,,,,,,,,,
,,,,,,,,,,,,,,,,,,,,,,,,,,,,,,,,,
,,,,,,,,,,,,,,,,,,,,,,,,,,,,,,,,,
,,,,,,,,,,,,,,,,,,,,,,,,,,,,,,,,,
,,,,,,,,,,,,,,,,,,,,,,,,,,,,,,,,,
,,,,,,,,,,,,,,,,,,,,,,,,,,,,,,,,,
,,,,,,,,,,,,,,,,,,,,,,,,,,,,,,,,,
,,,,,,,,,,,,,,,,,,,,,,,,,,,,,,,,,
,,,,,,,,,,,,,,,,,,,,,,,,,,,,,,,,,
,,,,,,,,,,,,,,,,,,,,,,,,,,,,,,,,,
,,,,,,,,,,,,,,,,,,,,,,,,,,,,,,,,,
,,,,,,,,,,,,,,,,,,,,,,,,,,,,,,,,,
,,,,,,,,,,,,,,,,,,,,,,,,,,,,,,,,,
,,,,,,,,,,,,,,,,,,,,,,,,,,,,,,,,,
,,,,,,,,,,,,,,,,,,,,,,,,,,,,,,,,,
,,,,,,,,,,,,,,,,,,,,,,,,,,,,,,,,,
,,,,,,,,,,,,,,,,,,,,,,,,,,,,,,,,,
,,,,,,,,,,,,,,,,,,,,,,,,,,,,,,,,,
,,,,,,,,,,,,,,,,,,,,,,,,,,,,,,,,,
,,,,,,,,,,,,,,,,,,,,,,,,,,,,,,,,,
,,,,,,,,,,,,,,,,,,,,,,,,,,,,,,,,,
,,,,,,,,,,,,,,,,,,,,,,,,,,,,,,,,,
,,,,,,,,,,,,,,,,,,,,,,,,,,,,,,,,,
,,,,,,,,,,,,,,,,,,,,,,,,,,,,,,,,,
,,,,,,,,,,,,,,,,,,,,,,,,,,,,,,,,,
,,,,,,,,,,,,,,,,,,,,,,,,,,,,,,,,,
,,,,,,,,,,,,,,,,,,,,,,,,,,,,,,,,,
,,,,,,,,,,,,,,,,,,,,,,,,,,,,,,,,,
,,,,,,,,,,,,,,,,,,,,,,,,,,,,,,,,,
,,,,,,,,,,,,,,,,,,,,,,,,,,,,,,,,,
,,,,,,,,,,,,,,,,,,,,,,,,,,,,,,,,,
,,,,,,,,,,,,,,,,,,,,,,,,,,,,,,,,,
,,,,,,,,,,,,,,,,,,,,,,,,,,,,,,,,,
,,,,,,,,,,,,,,,,,,,,,,,,,,,,,,,,,
,,,,,,,,,,,,,,,,,,,,,,,,,,,,,,,,,
,,,,,,,,,,,,,,,,,,,,,,,,,,,,,,,,,
,,,,,,,,,,,,,,,,,,,,,,,,,,,,,,,,,
,,,,,,,,,,,,,,,,,,,,,,,,,,,,,,,,,
,,,,,,,,,,,,,,,,,,,,,,,,,,,,,,,,,
,,,,,,,,,,,,,,,,,,,,,,,,,,,,,,,,,
,,,,,,,,,,,,,,,,,,,,,,,,,,,,,,,,,
,,,,,,,,,,,,,,,,,,,,,,,,,,,,,,,,,
,,,,,,,,,,,,,,,,,,,,,,,,,,,,,,,,,
,,,,,,,,,,,,,,,,,,,,,,,,,,,,,,,,,
,,,,,,,,,,,,,,,,,,,,,,,,,,,,,,,,,
,,,,,,,,,,,,,,,,,,,,,,,,,,,,,,,,,
,,,,,,,,,,,,,,,,,,,,,,,,,,,,,,,,,
,,,,,,,,,,,,,,,,,,,,,,,,,,,,,,,,,
,,,,,,,,,,,,,,,,,,,,,,,,,,,,,,,,,
,,,,,,,,,,,,,,,,,,,,,,,,,,,,,,,,,
,,,,,,,,,,,,,,,,,,,,,,,,,,,,,,,,,
,,,,,,,,,,,,,,,,,,,,,,,,,,,,,,,,,
,,,,,,,,,,,,,,,,,,,,,,,,,,,,,,,,,
,,,,,,,,,,,,,,,,,,,,,,,,,,,,,,,,,
,,,,,,,,,,,,,,,,,,,,,,,,,,,,,,,,,
,,,,,,,,,,,,,,,,,,,,,,,,,,,,,,,,,
,,,,,,,,,,,,,,,,,,,,,,,,,,,,,,,,,
,,,,,,,,,,,,,,,,,,,,,,,,,,,,,,,,,
,,,,,,,,,,,,,,,,,,,,,,,,,,,,,,,,,
,,,,,,,,,,,,,,,,,,,,,,,,,,,,,,,,,
,,,,,,,,,,,,,,,,,,,,,,,,,,,,,,,,,
,,,,,,,,,,,,,,,,,,,,,,,,,,,,,,,,,
,,,,,,,,,,,,,,,,,,,,,,,,,,,,,,,,,
,,,,,,,,,,,,,,,,,,,,,,,,,,,,,,,,,
,,,,,,,,,,,,,,,,,,,,,,,,,,,,,,,,,
,,,,,,,,,,,,,,,,,,,,,,,,,,,,,,,,,
,,,,,,,,,,,,,,,,,,,,,,,,,,,,,,,,,
,,,,,,,,,,,,,,,,,,,,,,,,,,,,,,,,,
,,,,,,,,,,,,,,,,,,,,,,,,,,,,,,,,,
,,,,,,,,,,,,,,,,,,,,,,,,,,,,,,,,,
,,,,,,,,,,,,,,,,,,,,,,,,,,,,,,,,,
,,,,,,,,,,,,,,,,,,,,,,,,,,,,,,,,,
,,,,,,,,,,,,,,,,,,,,,,,,,,,,,,,,,
,,,,,,,,,,,,,,,,,,,,,,,,,,,,,,,,,
,,,,,,,,,,,,,,,,,,,,,,,,,,,,,,,,,
,,,,,,,,,,,,,,,,,,,,,,,,,,,,,,,,,
,,,,,,,,,,,,,,,,,,,,,,,,,,,,,,,,,
,,,,,,,,,,,,,,,,,,,,,,,,,,,,,,,,,
,,,,,,,,,,,,,,,,,,,,,,,,,,,,,,,,,
,,,,,,,,,,,,,,,,,,,,,,,,,,,,,,,,,
,,,,,,,,,,,,,,,,,,,,,,,,,,,,,,,,,
,,,,,,,,,,,,,,,,,,,,,,,,,,,,,,,,,
,,,,,,,,,,,,,,,,,,,,,,,,,,,,,,,,,
,,,,,,,,,,,,,,,,,,,,,,,,,,,,,,,,,
,,,,,,,,,,,,,,,,,,,,,,,,,,,,,,,,,
,,,,,,,,,,,,,,,,,,,,,,,,,,,,,,,,,
,,,,,,,,,,,,,,,,,,,,,,,,,,,,,,,,,
,,,,,,,,,,,,,,,,,,,,,,,,,,,,,,,,,
,,,,,,,,,,,,,,,,,,,,,,,,,,,,,,,,,
,,,,,,,,,,,,,,,,,,,,,,,,,,,,,,,,,
,,,,,,,,,,,,,,,,,,,,,,,,,,,,,,,,,
,,,,,,,,,,,,,,,,,,,,,,,,,,,,,,,,,
,,,,,,,,,,,,,,,,,,,,,,,,,,,,,,,,,
,,,,,,,,,,,,,,,,,,,,,,,,,,,,,,,,,
,,,,,,,,,,,,,,,,,,,,,,,,,,,,,,,,,
,,,,,,,,,,,,,,,,,,,,,,,,,,,,,,,,,
,,,,,,,,,,,,,,,,,,,,,,,,,,,,,,,,,
,,,,,,,,,,,,,,,,,,,,,,,,,,,,,,,,,
,,,,,,,,,,,,,,,,,,,,,,,,,,,,,,,,,
,,,,,,,,,,,,,,,,,,,,,,,,,,,,,,,,,
,,,,,,,,,,,,,,,,,,,,,,,,,,,,,,,,,
,,,,,,,,,,,,,,,,,,,,,,,,,,,,,,,,,
,,,,,,,,,,,,,,,,,,,,,,,,,,,,,,,,,
,,,,,,,,,,,,,,,,,,,,,,,,,,,,,,,,,
,,,,,,,,,,,,,,,,,,,,,,,,,,,,,,,,,
,,,,,,,,,,,,,,,,,,,,,,,,,,,,,,,,,
,,,,,,,,,,,,,,,,,,,,,,,,,,,,,,,,,
,,,,,,,,,,,,,,,,,,,,,,,,,,,,,,,,,
,,,,,,,,,,,,,,,,,,,,,,,,,,,,,,,,,
,,,,,,,,,,,,,,,,,,,,,,,,,,,,,,,,,
,,,,,,,,,,,,,,,,,,,,,,,,,,,,,,,,,
,,,,,,,,,,,,,,,,,,,,,,,,,,,,,,,,,
,,,,,,,,,,,,,,,,,,,,,,,,,,,,,,,,,
,,,,,,,,,,,,,,,,,,,,,,,,,,,,,,,,,
,,,,,,,,,,,,,,,,,,,,,,,,,,,,,,,,,
,,,,,,,,,,,,,,,,,,,,,,,,,,,,,,,,,
,,,,,,,,,,,,,,,,,,,,,,,,,,,,,,,,,
,,,,,,,,,,,,,,,,,,,,,,,,,,,,,,,,,
,,,,,,,,,,,,,,,,,,,,,,,,,,,,,,,,,
,,,,,,,,,,,,,,,,,,,,,,,,,,,,,,,,,
,,,,,,,,,,,,,,,,,,,,,,,,,,,,,,,,,
,,,,,,,,,,,,,,,,,,,,,,,,,,,,,,,,,
,,,,,,,,,,,,,,,,,,,,,,,,,,,,,,,,,
,,,,,,,,,,,,,,,,,,,,,,,,,,,,,,,,,
,,,,,,,,,,,,,,,,,,,,,,,,,,,,,,,,,
,,,,,,,,,,,,,,,,,,,,,,,,,,,,,,,,,
,,,,,,,,,,,,,,,,,,,,,,,,,,,,,,,,,
,,,,,,,,,,,,,,,,,,,,,,,,,,,,,,,,,
,,,,,,,,,,,,,,,,,,,,,,,,,,,,,,,,,
,,,,,,,,,,,,,,,,,,,,,,,,,,,,,,,,,
,,,,,,,,,,,,,,,,,,,,,,,,,,,,,,,,,
,,,,,,,,,,,,,,,,,,,,,,,,,,,,,,,,,
,,,,,,,,,,,,,,,,,,,,,,,,,,,,,,,,,
,,,,,,,,,,,,,,,,,,,,,,,,,,,,,,,,,
,,,,,,,,,,,,,,,,,,,,,,,,,,,,,,,,,
,,,,,,,,,,,,,,,,,,,,,,,,,,,,,,,,,
,,,,,,,,,,,,,,,,,,,,,,,,,,,,,,,,,
,,,,,,,,,,,,,,,,,,,,,,,,,,,,,,,,,
,,,,,,,,,,,,,,,,,,,,,,,,,,,,,,,,,
,,,,,,,,,,,,,,,,,,,,,,,,,,,,,,,,,
,,,,,,,,,,,,,,,,,,,,,,,,,,,,,,,,,
,,,,,,,,,,,,,,,,,,,,,,,,,,,,,,,,,
,,,,,,,,,,,,,,,,,,,,,,,,,,,,,,,,,
,,,,,,,,,,,,,,,,,,,,,,,,,,,,,,,,,
,,,,,,,,,,,,,,,,,,,,,,,,,,,,,,,,,
,,,,,,,,,,,,,,,,,,,,,,,,,,,,,,,,,
,,,,,,,,,,,,,,,,,,,,,,,,,,,,,,,,,
,,,,,,,,,,,,,,,,,,,,,,,,,,,,,,,,,
,,,,,,,,,,,,,,,,,,,,,,,,,,,,,,,,,
,,,,,,,,,,,,,,,,,,,,,,,,,,,,,,,,,
,,,,,,,,,,,,,,,,,,,,,,,,,,,,,,,,,
,,,,,,,,,,,,,,,,,,,,,,,,,,,,,,,,,
,,,,,,,,,,,,,,,,,,,,,,,,,,,,,,,,,
,,,,,,,,,,,,,,,,,,,,,,,,,,,,,,,,,
,,,,,,,,,,,,,,,,,,,,,,,,,,,,,,,,,
,,,,,,,,,,,,,,,,,,,,,,,,,,,,,,,,,
,,,,,,,,,,,,,,,,,,,,,,,,,,,,,,,,,
,,,,,,,,,,,,,,,,,,,,,,,,,,,,,,,,,
,,,,,,,,,,,,,,,,,,,,,,,,,,,,,,,,,
,,,,,,,,,,,,,,,,,,,,,,,,,,,,,,,,,
,,,,,,,,,,,,,,,,,,,,,,,,,,,,,,,,,
,,,,,,,,,,,,,,,,,,,,,,,,,,,,,,,,,
,,,,,,,,,,,,,,,,,,,,,,,,,,,,,,,,,
,,,,,,,,,,,,,,,,,,,,,,,,,,,,,,,,,
,,,,,,,,,,,,,,,,,,,,,,,,,,,,,,,,,
,,,,,,,,,,,,,,,,,,,,,,,,,,,,,,,,,
,,,,,,,,,,,,,,,,,,,,,,,,,,,,,,,,,
,,,,,,,,,,,,,,,,,,,,,,,,,,,,,,,,,
,,,,,,,,,,,,,,,,,,,,,,,,,,,,,,,,,
,,,,,,,,,,,,,,,,,,,,,,,,,,,,,,,,,
,,,,,,,,,,,,,,,,,,,,,,,,,,,,,,,,,
,,,,,,,,,,,,,,,,,,,,,,,,,,,,,,,,,
,,,,,,,,,,,,,,,,,,,,,,,,,,,,,,,,,
,,,,,,,,,,,,,,,,,,,,,,,,,,,,,,,,,
,,,,,,,,,,,,,,,,,,,,,,,,,,,,,,,,,
,,,,,,,,,,,,,,,,,,,,,,,,,,,,,,,,,
,,,,,,,,,,,,,,,,,,,,,,,,,,,,,,,,,
,,,,,,,,,,,,,,,,,,,,,,,,,,,,,,,,,
,,,,,,,,,,,,,,,,,,,,,,,,,,,,,,,,,
,,,,,,,,,,,,,,,,,,,,,,,,,,,,,,,,,
,,,,,,,,,,,,,,,,,,,,,,,,,,,,,,,,,
,,,,,,,,,,,,,,,,,,,,,,,,,,,,,,,,,
,,,,,,,,,,,,,,,,,,,,,,,,,,,,,,,,,
,,,,,,,,,,,,,,,,,,,,,,,,,,,,,,,,,
,,,,,,,,,,,,,,,,,,,,,,,,,,,,,,,,,
,,,,,,,,,,,,,,,,,,,,,,,,,,,,,,,,,
,,,,,,,,,,,,,,,,,,,,,,,,,,,,,,,,,
,,,,,,,,,,,,,,,,,,,,,,,,,,,,,,,,,
,,,,,,,,,,,,,,,,,,,,,,,,,,,,,,,,,
,,,,,,,,,,,,,,,,,,,,,,,,,,,,,,,,,
,,,,,,,,,,,,,,,,,,,,,,,,,,,,,,,,,
,,,,,,,,,,,,,,,,,,,,,,,,,,,,,,,,,
,,,,,,,,,,,,,,,,,,,,,,,,,,,,,,,,,
,,,,,,,,,,,,,,,,,,,,,,,,,,,,,,,,,
,,,,,,,,,,,,,,,,,,,,,,,,,,,,,,,,,
,,,,,,,,,,,,,,,,,,,,,,,,,,,,,,,,,
,,,,,,,,,,,,,,,,,,,,,,,,,,,,,,,,,
,,,,,,,,,,,,,,,,,,,,,,,,,,,,,,,,,
,,,,,,,,,,,,,,,,,,,,,,,,,,,,,,,,,
,,,,,,,,,,,,,,,,,,,,,,,,,,,,,,,,,
,,,,,,,,,,,,,,,,,,,,,,,,,,,,,,,,,
,,,,,,,,,,,,,,,,,,,,,,,,,,,,,,,,,
,,,,,,,,,,,,,,,,,,,,,,,,,,,,,,,,,
,,,,,,,,,,,,,,,,,,,,,,,,,,,,,,,,,
,,,,,,,,,,,,,,,,,,,,,,,,,,,,,,,,,
,,,,,,,,,,,,,,,,,,,,,,,,,,,,,,,,,
,,,,,,,,,,,,,,,,,,,,,,,,,,,,,,,,,
,,,,,,,,,,,,,,,,,,,,,,,,,,,,,,,,,
,,,,,,,,,,,,,,,,,,,,,,,,,,,,,,,,,
,,,,,,,,,,,,,,,,,,,,,,,,,,,,,,,,,
,,,,,,,,,,,,,,,,,,,,,,,,,,,,,,,,,
,,,,,,,,,,,,,,,,,,,,,,,,,,,,,,,,,
,,,,,,,,,,,,,,,,,,,,,,,,,,,,,,,,,
,,,,,,,,,,,,,,,,,,,,,,,,,,,,,,,,,
,,,,,,,,,,,,,,,,,,,,,,,,,,,,,,,,,
,,,,,,,,,,,,,,,,,,,,,,,,,,,,,,,,,
,,,,,,,,,,,,,,,,,,,,,,,,,,,,,,,,,
,,,,,,,,,,,,,,,,,,,,,,,,,,,,,,,,,
,,,,,,,,,,,,,,,,,,,,,,,,,,,,,,,,,
,,,,,,,,,,,,,,,,,,,,,,,,,,,,,,,,,
,,,,,,,,,,,,,,,,,,,,,,,,,,,,,,,,,
,,,,,,,,,,,,,,,,,,,,,,,,,,,,,,,,,
,,,,,,,,,,,,,,,,,,,,,,,,,,,,,,,,,
,,,,,,,,,,,,,,,,,,,,,,,,,,,,,,,,,
,,,,,,,,,,,,,,,,,,,,,,,,,,,,,,,,,
,,,,,,,,,,,,,,,,,,,,,,,,,,,,,,,,,
,,,,,,,,,,,,,,,,,,,,,,,,,,,,,,,,,
,,,,,,,,,,,,,,,,,,,,,,,,,,,,,,,,,
,,,,,,,,,,,,,,,,,,,,,,,,,,,,,,,,,
,,,,,,,,,,,,,,,,,,,,,,,,,,,,,,,,,
,,,,,,,,,,,,,,,,,,,,,,,,,,,,,,,,,
,,,,,,,,,,,,,,,,,,,,,,,,,,,,,,,,,
,,,,,,,,,,,,,,,,,,,,,,,,,,,,,,,,,
